2026-04-29T17:26:09Z claim
2026-04-29T17:26:12Z claim
2026-04-29T17:28:06Z show
2026-04-29T17:28:06Z list
2026-04-29T17:28:06Z add
2026-04-29T17:30:21Z show
2026-04-29T17:30:21Z list
2026-04-29T17:30:21Z add
2026-04-29T17:30:21Z show
2026-04-29T17:30:21Z list
2026-04-29T17:30:21Z add
2026-04-29T17:30:21Z show
2026-04-29T17:30:21Z list
2026-04-29T17:30:21Z add
2026-04-29T17:30:22Z ready
2026-04-29T17:33:49Z show
2026-04-29T17:33:49Z list
2026-04-29T17:33:49Z add
2026-04-29T17:33:49Z show
2026-04-29T17:33:49Z list
2026-04-29T17:33:49Z add
2026-04-29T17:33:49Z show
2026-04-29T17:33:49Z list
2026-04-29T17:33:50Z add
2026-04-29T17:33:50Z ready
2026-04-29T17:37:29Z show
2026-04-29T17:37:29Z list
2026-04-29T17:37:29Z add
2026-04-29T17:37:29Z show
2026-04-29T17:37:29Z list
2026-04-29T17:37:29Z add
2026-04-29T17:37:29Z show
2026-04-29T17:37:29Z list
2026-04-29T17:37:29Z add
2026-04-29T17:37:29Z ready
2026-04-29T17:43:01Z show
2026-04-29T17:43:01Z list
2026-04-29T17:43:01Z add
2026-04-29T17:43:01Z show
2026-04-29T17:43:01Z list
2026-04-29T17:43:01Z add
2026-04-29T17:43:01Z show
2026-04-29T17:43:01Z list
2026-04-29T17:43:01Z add
2026-04-29T17:43:01Z ready
2026-04-29T17:46:41Z show
2026-04-29T17:46:41Z list
2026-04-29T17:46:41Z add
2026-04-29T17:46:41Z show
2026-04-29T17:46:41Z list
2026-04-29T17:46:41Z add
2026-04-29T17:46:41Z show
2026-04-29T17:46:41Z list
2026-04-29T17:46:41Z add
2026-04-29T17:46:41Z ready
2026-04-29T17:50:06Z show
2026-04-29T17:50:06Z list
2026-04-29T17:50:06Z add
2026-04-29T17:50:06Z show
2026-04-29T17:50:06Z list
2026-04-29T17:50:06Z add
2026-04-29T17:50:06Z show
2026-04-29T17:50:06Z list
2026-04-29T17:50:06Z add
2026-04-29T17:50:06Z ready
2026-04-29T17:53:26Z show
2026-04-29T17:53:26Z list
2026-04-29T17:53:26Z add
2026-04-29T17:53:26Z show
2026-04-29T17:53:26Z list
2026-04-29T17:53:26Z add
2026-04-29T17:53:26Z show
2026-04-29T17:53:26Z list
2026-04-29T17:53:26Z add
2026-04-29T17:53:26Z ready
2026-04-29T17:56:56Z show
2026-04-29T17:56:56Z list
2026-04-29T17:56:56Z add
2026-04-29T17:56:56Z show
2026-04-29T17:56:56Z list
2026-04-29T17:56:56Z add
2026-04-29T17:56:56Z show
2026-04-29T17:56:56Z list
2026-04-29T17:56:56Z add
2026-04-29T17:56:56Z ready
2026-04-29T18:00:14Z show
2026-04-29T18:00:14Z list
2026-04-29T18:00:14Z add
2026-04-29T18:00:14Z show
2026-04-29T18:00:14Z list
2026-04-29T18:00:14Z add
2026-04-29T18:00:14Z show
2026-04-29T18:00:14Z list
2026-04-29T18:00:14Z add
2026-04-29T18:00:14Z ready
2026-04-29T18:03:29Z show
2026-04-29T18:03:29Z list
2026-04-29T18:03:29Z add
2026-04-29T18:03:29Z show
2026-04-29T18:03:29Z list
2026-04-29T18:03:29Z add
2026-04-29T18:03:30Z show
2026-04-29T18:03:30Z list
2026-04-29T18:03:30Z add
2026-04-29T18:03:30Z ready
2026-04-29T18:07:04Z show
2026-04-29T18:07:04Z list
2026-04-29T18:07:05Z add
2026-04-29T18:07:05Z show
2026-04-29T18:07:05Z list
2026-04-29T18:07:05Z add
2026-04-29T18:07:05Z show
2026-04-29T18:07:05Z list
2026-04-29T18:07:05Z add
2026-04-29T18:07:05Z ready
2026-04-29T18:10:29Z show
2026-04-29T18:10:29Z list
2026-04-29T18:10:29Z add
2026-04-29T18:10:29Z show
2026-04-29T18:10:29Z list
2026-04-29T18:10:29Z add
2026-04-29T18:10:29Z show
2026-04-29T18:10:29Z list
2026-04-29T18:10:29Z add
2026-04-29T18:10:30Z ready
2026-04-29T18:13:48Z show
2026-04-29T18:13:48Z list
2026-04-29T18:13:48Z add
2026-04-29T18:13:49Z show
2026-04-29T18:13:49Z list
2026-04-29T18:13:49Z add
2026-04-29T18:13:49Z show
2026-04-29T18:13:49Z list
2026-04-29T18:13:49Z add
2026-04-29T18:13:49Z ready
2026-04-29T18:17:23Z show
2026-04-29T18:17:23Z list
2026-04-29T18:17:23Z add
2026-04-29T18:17:23Z show
2026-04-29T18:17:23Z list
2026-04-29T18:17:23Z add
2026-04-29T18:17:23Z show
2026-04-29T18:17:23Z list
2026-04-29T18:17:23Z add
2026-04-29T18:17:23Z ready
2026-04-29T18:20:50Z show
2026-04-29T18:20:50Z list
2026-04-29T18:20:50Z add
2026-04-29T18:20:50Z show
2026-04-29T18:20:50Z list
2026-04-29T18:20:50Z add
2026-04-29T18:20:50Z show
2026-04-29T18:20:50Z list
2026-04-29T18:20:50Z add
2026-04-29T18:20:50Z ready
2026-04-29T18:24:19Z show
2026-04-29T18:24:19Z list
2026-04-29T18:24:19Z add
2026-04-29T18:24:19Z show
2026-04-29T18:24:19Z list
2026-04-29T18:24:19Z add
2026-04-29T18:24:19Z show
2026-04-29T18:24:19Z list
2026-04-29T18:24:19Z add
2026-04-29T18:24:28Z ready
2026-04-29T18:28:23Z show
2026-04-29T18:28:23Z list
2026-04-29T18:28:23Z add
2026-04-29T18:28:23Z show
2026-04-29T18:28:23Z list
2026-04-29T18:28:23Z add
2026-04-29T18:28:23Z show
2026-04-29T18:28:23Z list
2026-04-29T18:28:23Z add
2026-04-29T18:28:23Z ready
2026-04-29T18:31:44Z show
2026-04-29T18:31:44Z list
2026-04-29T18:31:44Z add
2026-04-29T18:31:44Z show
2026-04-29T18:31:44Z list
2026-04-29T18:31:44Z add
2026-04-29T18:31:44Z show
2026-04-29T18:31:44Z list
2026-04-29T18:31:44Z add
2026-04-29T18:31:44Z ready
2026-04-29T18:35:08Z show
2026-04-29T18:35:09Z list
2026-04-29T18:35:09Z add
2026-04-29T18:35:09Z show
2026-04-29T18:35:09Z list
2026-04-29T18:35:09Z add
2026-04-29T18:35:09Z show
2026-04-29T18:35:09Z list
2026-04-29T18:35:09Z add
2026-04-29T18:35:09Z ready
2026-04-29T18:38:43Z show
2026-04-29T18:38:43Z list
2026-04-29T18:38:43Z add
2026-04-29T18:38:43Z show
2026-04-29T18:38:43Z list
2026-04-29T18:38:43Z add
2026-04-29T18:38:43Z show
2026-04-29T18:38:43Z list
2026-04-29T18:38:43Z add
2026-04-29T18:38:43Z ready
2026-04-29T18:42:09Z show
2026-04-29T18:42:09Z list
2026-04-29T18:42:09Z add
2026-04-29T18:42:09Z show
2026-04-29T18:42:09Z list
2026-04-29T18:42:09Z add
2026-04-29T18:42:09Z show
2026-04-29T18:42:09Z list
2026-04-29T18:42:09Z add
2026-04-29T18:42:09Z ready
2026-04-29T18:45:36Z show
2026-04-29T18:45:36Z list
2026-04-29T18:45:36Z add
2026-04-29T18:45:36Z show
2026-04-29T18:45:36Z list
2026-04-29T18:45:36Z add
2026-04-29T18:45:36Z show
2026-04-29T18:45:36Z list
2026-04-29T18:45:36Z add
2026-04-29T18:45:36Z ready
2026-04-29T18:49:11Z show
2026-04-29T18:49:11Z list
2026-04-29T18:49:11Z add
2026-04-29T18:49:11Z show
2026-04-29T18:49:11Z list
2026-04-29T18:49:11Z add
2026-04-29T18:49:11Z show
2026-04-29T18:49:11Z list
2026-04-29T18:49:11Z add
2026-04-29T18:49:11Z ready
2026-04-29T18:53:26Z show
2026-04-29T18:53:26Z list
2026-04-29T18:53:26Z add
2026-04-29T18:53:26Z show
2026-04-29T18:53:26Z list
2026-04-29T18:53:26Z add
2026-04-29T18:53:26Z show
2026-04-29T18:53:26Z list
2026-04-29T18:53:26Z add
2026-04-29T18:53:27Z ready
2026-04-29T18:56:47Z show
2026-04-29T18:56:47Z list
2026-04-29T18:56:47Z add
2026-04-29T18:56:47Z show
2026-04-29T18:56:47Z list
2026-04-29T18:56:47Z add
2026-04-29T18:56:47Z show
2026-04-29T18:56:47Z list
2026-04-29T18:56:47Z add
2026-04-29T18:56:47Z ready
2026-04-29T19:00:21Z show
2026-04-29T19:00:21Z list
2026-04-29T19:00:21Z add
2026-04-29T19:00:21Z show
2026-04-29T19:00:21Z list
2026-04-29T19:00:21Z add
2026-04-29T19:00:21Z show
2026-04-29T19:00:21Z list
2026-04-29T19:00:21Z add
2026-04-29T19:00:21Z ready
2026-04-29T19:03:52Z show
2026-04-29T19:03:52Z list
2026-04-29T19:03:52Z add
2026-04-29T19:03:52Z show
2026-04-29T19:03:52Z list
2026-04-29T19:03:52Z add
2026-04-29T19:03:52Z show
2026-04-29T19:03:52Z list
2026-04-29T19:03:53Z add
2026-04-29T19:03:53Z ready
2026-04-29T19:07:11Z show
2026-04-29T19:07:11Z list
2026-04-29T19:07:11Z add
2026-04-29T19:07:11Z show
2026-04-29T19:07:11Z list
2026-04-29T19:07:11Z add
2026-04-29T19:07:11Z show
2026-04-29T19:07:11Z list
2026-04-29T19:07:11Z add
2026-04-29T19:07:11Z ready
2026-04-29T19:11:38Z show
2026-04-29T19:11:38Z list
2026-04-29T19:11:38Z add
2026-04-29T19:11:38Z show
2026-04-29T19:11:38Z list
2026-04-29T19:11:38Z add
2026-04-29T19:11:38Z show
2026-04-29T19:11:38Z list
2026-04-29T19:11:38Z add
2026-04-29T19:11:38Z ready
2026-04-29T19:15:46Z show
2026-04-29T19:15:46Z list
2026-04-29T19:15:46Z add
2026-04-29T19:15:46Z show
2026-04-29T19:15:46Z list
2026-04-29T19:15:46Z add
2026-04-29T19:15:46Z show
2026-04-29T19:15:46Z list
2026-04-29T19:15:46Z add
2026-04-29T19:15:46Z ready
2026-04-29T19:21:19Z show
2026-04-29T19:21:19Z list
2026-04-29T19:21:19Z add
2026-04-29T19:21:19Z show
2026-04-29T19:21:19Z list
2026-04-29T19:21:19Z add
2026-04-29T19:21:19Z show
2026-04-29T19:21:19Z list
2026-04-29T19:21:19Z add
2026-04-29T19:21:20Z ready
2026-04-29T19:26:44Z show
2026-04-29T19:26:44Z list
2026-04-29T19:26:44Z add
2026-04-29T19:26:44Z show
2026-04-29T19:26:44Z list
2026-04-29T19:26:44Z add
2026-04-29T19:26:44Z show
2026-04-29T19:26:44Z list
2026-04-29T19:26:44Z add
2026-04-29T19:26:44Z ready
2026-04-29T19:31:17Z show
2026-04-29T19:31:17Z list
2026-04-29T19:31:17Z add
2026-04-29T19:31:17Z show
2026-04-29T19:31:17Z list
2026-04-29T19:31:17Z add
2026-04-29T19:31:17Z show
2026-04-29T19:31:17Z list
2026-04-29T19:31:17Z add
2026-04-29T19:31:17Z ready
2026-04-29T19:35:34Z show
2026-04-29T19:35:34Z list
2026-04-29T19:35:34Z add
2026-04-29T19:35:34Z show
2026-04-29T19:35:34Z list
2026-04-29T19:35:34Z add
2026-04-29T19:35:34Z show
2026-04-29T19:35:34Z list
2026-04-29T19:35:34Z add
2026-04-29T19:35:34Z ready
2026-04-29T19:40:04Z show
2026-04-29T19:40:04Z list
2026-04-29T19:40:04Z add
2026-04-29T19:40:04Z show
2026-04-29T19:40:04Z list
2026-04-29T19:40:04Z add
2026-04-29T19:40:04Z show
2026-04-29T19:40:04Z list
2026-04-29T19:40:04Z add
2026-04-29T19:40:04Z ready
2026-04-29T19:44:13Z show
2026-04-29T19:44:13Z list
2026-04-29T19:44:13Z add
2026-04-29T19:44:13Z show
2026-04-29T19:44:13Z list
2026-04-29T19:44:13Z add
2026-04-29T19:44:13Z show
2026-04-29T19:44:13Z list
2026-04-29T19:44:13Z add
2026-04-29T19:44:13Z ready
2026-04-29T19:48:40Z show
2026-04-29T19:48:40Z list
2026-04-29T19:48:40Z add
2026-04-29T19:48:40Z show
2026-04-29T19:48:40Z list
2026-04-29T19:48:40Z add
2026-04-29T19:48:40Z show
2026-04-29T19:48:40Z list
2026-04-29T19:48:40Z add
2026-04-29T19:48:40Z ready
2026-04-29T19:53:04Z show
2026-04-29T19:53:04Z list
2026-04-29T19:53:04Z add
2026-04-29T19:53:04Z show
2026-04-29T19:53:04Z list
2026-04-29T19:53:04Z add
2026-04-29T19:53:04Z show
2026-04-29T19:53:04Z list
2026-04-29T19:53:04Z add
2026-04-29T19:53:05Z ready
2026-04-29T19:57:41Z show
2026-04-29T19:57:41Z list
2026-04-29T19:57:41Z add
2026-04-29T19:57:41Z show
2026-04-29T19:57:41Z list
2026-04-29T19:57:41Z add
2026-04-29T19:57:41Z show
2026-04-29T19:57:41Z list
2026-04-29T19:57:41Z add
2026-04-29T19:57:41Z ready
2026-04-29T20:01:50Z show
2026-04-29T20:01:50Z list
2026-04-29T20:01:50Z add
2026-04-29T20:01:50Z show
2026-04-29T20:01:50Z list
2026-04-29T20:01:50Z add
2026-04-29T20:01:50Z show
2026-04-29T20:01:50Z list
2026-04-29T20:01:50Z add
2026-04-29T20:01:50Z ready
2026-04-29T20:06:31Z show
2026-04-29T20:06:31Z list
2026-04-29T20:06:31Z add
2026-04-29T20:06:31Z show
2026-04-29T20:06:31Z list
2026-04-29T20:06:31Z add
2026-04-29T20:06:31Z show
2026-04-29T20:06:31Z list
2026-04-29T20:06:31Z add
2026-04-29T20:06:31Z ready
2026-04-29T20:10:42Z show
2026-04-29T20:10:42Z list
2026-04-29T20:10:42Z add
2026-04-29T20:10:42Z show
2026-04-29T20:10:42Z list
2026-04-29T20:10:42Z add
2026-04-29T20:10:42Z show
2026-04-29T20:10:42Z list
2026-04-29T20:10:42Z add
2026-04-29T20:10:42Z ready
2026-04-29T20:15:10Z show
2026-04-29T20:15:10Z list
2026-04-29T20:15:10Z add
2026-04-29T20:15:10Z show
2026-04-29T20:15:10Z list
2026-04-29T20:15:10Z add
2026-04-29T20:15:10Z show
2026-04-29T20:15:10Z list
2026-04-29T20:15:10Z add
2026-04-29T20:15:10Z ready
2026-04-29T20:19:20Z show
2026-04-29T20:19:20Z list
2026-04-29T20:19:20Z add
2026-04-29T20:19:20Z show
2026-04-29T20:19:20Z list
2026-04-29T20:19:20Z add
2026-04-29T20:19:20Z show
2026-04-29T20:19:20Z list
2026-04-29T20:19:20Z add
2026-04-29T20:19:20Z ready
2026-04-29T20:23:48Z show
2026-04-29T20:23:48Z list
2026-04-29T20:23:48Z add
2026-04-29T20:23:48Z show
2026-04-29T20:23:48Z list
2026-04-29T20:23:48Z add
2026-04-29T20:23:48Z show
2026-04-29T20:23:48Z list
2026-04-29T20:23:48Z add
2026-04-29T20:23:49Z ready
2026-04-29T20:28:16Z show
2026-04-29T20:28:16Z list
2026-04-29T20:28:16Z add
2026-04-29T20:28:16Z show
2026-04-29T20:28:16Z list
2026-04-29T20:28:16Z add
2026-04-29T20:28:16Z show
2026-04-29T20:28:16Z list
2026-04-29T20:28:16Z add
2026-04-29T20:28:16Z ready
2026-04-29T20:32:52Z show
2026-04-29T20:32:52Z list
2026-04-29T20:32:52Z add
2026-04-29T20:32:52Z show
2026-04-29T20:32:52Z list
2026-04-29T20:32:52Z add
2026-04-29T20:32:52Z show
2026-04-29T20:32:52Z list
2026-04-29T20:32:52Z add
2026-04-29T20:32:52Z ready
2026-04-29T20:37:08Z show
2026-04-29T20:37:08Z list
2026-04-29T20:37:08Z add
2026-04-29T20:37:08Z show
2026-04-29T20:37:08Z list
2026-04-29T20:37:08Z add
2026-04-29T20:37:08Z show
2026-04-29T20:37:08Z list
2026-04-29T20:37:08Z add
2026-04-29T20:37:08Z ready
2026-04-29T20:41:37Z show
2026-04-29T20:41:37Z list
2026-04-29T20:41:37Z add
2026-04-29T20:41:37Z show
2026-04-29T20:41:37Z list
2026-04-29T20:41:37Z add
2026-04-29T20:41:37Z show
2026-04-29T20:41:37Z list
2026-04-29T20:41:37Z add
2026-04-29T20:41:37Z ready
2026-04-29T20:45:47Z show
2026-04-29T20:45:47Z list
2026-04-29T20:45:47Z add
2026-04-29T20:45:47Z show
2026-04-29T20:45:47Z list
2026-04-29T20:45:47Z add
2026-04-29T20:45:47Z show
2026-04-29T20:45:47Z list
2026-04-29T20:45:47Z add
2026-04-29T20:45:48Z ready
2026-04-29T20:50:36Z show
2026-04-29T20:50:36Z list
2026-04-29T20:50:36Z add
2026-04-29T20:50:36Z show
2026-04-29T20:50:36Z list
2026-04-29T20:50:36Z add
2026-04-29T20:50:36Z show
2026-04-29T20:50:36Z list
2026-04-29T20:50:36Z add
2026-04-29T20:50:37Z ready
2026-04-29T20:54:53Z show
2026-04-29T20:54:53Z list
2026-04-29T20:54:53Z add
2026-04-29T20:54:53Z show
2026-04-29T20:54:53Z list
2026-04-29T20:54:53Z add
2026-04-29T20:54:53Z show
2026-04-29T20:54:53Z list
2026-04-29T20:54:54Z add
2026-04-29T20:54:54Z ready
2026-04-29T20:59:38Z show
2026-04-29T20:59:38Z list
2026-04-29T20:59:38Z add
2026-04-29T20:59:38Z show
2026-04-29T20:59:38Z list
2026-04-29T20:59:38Z add
2026-04-29T20:59:38Z show
2026-04-29T20:59:38Z list
2026-04-29T20:59:38Z add
2026-04-29T20:59:39Z ready
2026-04-29T21:03:56Z show
2026-04-29T21:03:56Z list
2026-04-29T21:03:56Z add
2026-04-29T21:03:56Z show
2026-04-29T21:03:56Z list
2026-04-29T21:03:56Z add
2026-04-29T21:03:56Z show
2026-04-29T21:03:56Z list
2026-04-29T21:03:56Z add
2026-04-29T21:03:56Z ready
2026-04-29T21:08:30Z show
2026-04-29T21:08:30Z list
2026-04-29T21:08:30Z add
2026-04-29T21:08:30Z show
2026-04-29T21:08:30Z list
2026-04-29T21:08:30Z add
2026-04-29T21:08:30Z show
2026-04-29T21:08:30Z list
2026-04-29T21:08:30Z add
2026-04-29T21:08:30Z ready
2026-04-29T21:12:38Z show
2026-04-29T21:12:38Z list
2026-04-29T21:12:38Z add
2026-04-29T21:12:38Z show
2026-04-29T21:12:38Z list
2026-04-29T21:12:38Z add
2026-04-29T21:12:38Z show
2026-04-29T21:12:38Z list
2026-04-29T21:12:38Z add
2026-04-29T21:12:38Z ready
2026-04-29T21:17:04Z show
2026-04-29T21:17:04Z list
2026-04-29T21:17:04Z add
2026-04-29T21:17:04Z show
2026-04-29T21:17:04Z list
2026-04-29T21:17:04Z add
2026-04-29T21:17:04Z show
2026-04-29T21:17:04Z list
2026-04-29T21:17:04Z add
2026-04-29T21:17:04Z ready
2026-04-29T21:21:13Z show
2026-04-29T21:21:13Z list
2026-04-29T21:21:13Z add
2026-04-29T21:21:13Z show
2026-04-29T21:21:13Z list
2026-04-29T21:21:13Z add
2026-04-29T21:21:13Z show
2026-04-29T21:21:13Z list
2026-04-29T21:21:13Z add
2026-04-29T21:21:13Z ready
2026-04-29T21:25:38Z show
2026-04-29T21:25:38Z list
2026-04-29T21:25:38Z add
2026-04-29T21:25:38Z show
2026-04-29T21:25:38Z list
2026-04-29T21:25:38Z add
2026-04-29T21:25:38Z show
2026-04-29T21:25:38Z list
2026-04-29T21:25:38Z add
2026-04-29T21:25:38Z ready
2026-04-29T21:31:15Z show
2026-04-29T21:31:15Z list
2026-04-29T21:31:15Z add
2026-04-29T21:31:15Z show
2026-04-29T21:31:15Z list
2026-04-29T21:31:15Z add
2026-04-29T21:31:15Z show
2026-04-29T21:31:15Z list
2026-04-29T21:31:15Z add
2026-04-29T21:31:16Z ready
2026-04-29T21:35:50Z show
2026-04-29T21:35:50Z list
2026-04-29T21:35:50Z add
2026-04-29T21:35:50Z show
2026-04-29T21:35:50Z list
2026-04-29T21:35:50Z add
2026-04-29T21:35:50Z show
2026-04-29T21:35:50Z list
2026-04-29T21:35:50Z add
2026-04-29T21:35:50Z ready
2026-04-29T21:40:01Z show
2026-04-29T21:40:01Z list
2026-04-29T21:40:01Z add
2026-04-29T21:40:01Z show
2026-04-29T21:40:01Z list
2026-04-29T21:40:01Z add
2026-04-29T21:40:01Z show
2026-04-29T21:40:01Z list
2026-04-29T21:40:01Z add
2026-04-29T21:40:01Z ready
2026-04-29T21:44:39Z show
2026-04-29T21:44:39Z list
2026-04-29T21:44:39Z add
2026-04-29T21:44:39Z show
2026-04-29T21:44:39Z list
2026-04-29T21:44:39Z add
2026-04-29T21:44:39Z show
2026-04-29T21:44:39Z list
2026-04-29T21:44:39Z add
2026-04-29T21:44:39Z ready
2026-04-29T21:48:58Z show
2026-04-29T21:48:58Z list
2026-04-29T21:48:58Z add
2026-04-29T21:48:58Z show
2026-04-29T21:48:58Z list
2026-04-29T21:48:58Z add
2026-04-29T21:48:58Z show
2026-04-29T21:48:58Z list
2026-04-29T21:48:58Z add
2026-04-29T21:48:58Z ready
2026-04-29T21:53:38Z show
2026-04-29T21:53:38Z list
2026-04-29T21:53:38Z add
2026-04-29T21:53:38Z show
2026-04-29T21:53:38Z list
2026-04-29T21:53:38Z add
2026-04-29T21:53:38Z show
2026-04-29T21:53:38Z list
2026-04-29T21:53:39Z add
2026-04-29T21:53:39Z ready
2026-04-29T21:57:18Z show
2026-04-29T21:57:18Z list
2026-04-29T21:57:18Z add
2026-04-29T21:57:18Z show
2026-04-29T21:57:18Z list
2026-04-29T21:57:18Z add
2026-04-29T21:57:18Z show
2026-04-29T21:57:18Z list
2026-04-29T21:57:19Z add
2026-04-29T21:57:19Z ready
2026-04-29T22:01:45Z show
2026-04-29T22:01:45Z list
2026-04-29T22:01:45Z add
2026-04-29T22:01:45Z show
2026-04-29T22:01:45Z list
2026-04-29T22:01:45Z add
2026-04-29T22:01:45Z show
2026-04-29T22:01:45Z list
2026-04-29T22:01:45Z add
2026-04-29T22:01:45Z ready
2026-04-29T22:06:06Z show
2026-04-29T22:06:06Z list
2026-04-29T22:06:06Z add
2026-04-29T22:06:06Z show
2026-04-29T22:06:06Z list
2026-04-29T22:06:06Z add
2026-04-29T22:06:06Z show
2026-04-29T22:06:06Z list
2026-04-29T22:06:06Z add
2026-04-29T22:06:06Z ready
2026-04-29T22:10:00Z show
2026-04-29T22:10:00Z list
2026-04-29T22:10:00Z add
2026-04-29T22:10:00Z show
2026-04-29T22:10:01Z list
2026-04-29T22:10:01Z add
2026-04-29T22:10:01Z show
2026-04-29T22:10:01Z list
2026-04-29T22:10:01Z add
2026-04-29T22:10:01Z ready
2026-04-29T22:13:27Z show
2026-04-29T22:13:27Z list
2026-04-29T22:13:27Z add
2026-04-29T22:13:27Z show
2026-04-29T22:13:27Z list
2026-04-29T22:13:27Z add
2026-04-29T22:13:27Z show
2026-04-29T22:13:27Z list
2026-04-29T22:13:27Z add
2026-04-29T22:13:28Z ready
2026-04-29T22:16:58Z show
2026-04-29T22:16:58Z list
2026-04-29T22:16:58Z add
2026-04-29T22:16:58Z show
2026-04-29T22:16:58Z list
2026-04-29T22:16:58Z add
2026-04-29T22:16:58Z show
2026-04-29T22:16:58Z list
2026-04-29T22:16:58Z add
2026-04-29T22:16:58Z ready
2026-04-29T22:20:33Z show
2026-04-29T22:20:33Z list
2026-04-29T22:20:33Z add
2026-04-29T22:20:33Z show
2026-04-29T22:20:33Z list
2026-04-29T22:20:33Z add
2026-04-29T22:20:33Z show
2026-04-29T22:20:33Z list
2026-04-29T22:20:33Z add
2026-04-29T22:20:33Z ready
2026-04-29T22:24:01Z show
2026-04-29T22:24:01Z list
2026-04-29T22:24:01Z add
2026-04-29T22:24:01Z show
2026-04-29T22:24:01Z list
2026-04-29T22:24:01Z add
2026-04-29T22:24:01Z show
2026-04-29T22:24:01Z list
2026-04-29T22:24:01Z add
2026-04-29T22:24:01Z ready
2026-04-29T22:27:24Z show
2026-04-29T22:27:24Z list
2026-04-29T22:27:24Z add
2026-04-29T22:27:24Z show
2026-04-29T22:27:24Z list
2026-04-29T22:27:24Z add
2026-04-29T22:27:24Z show
2026-04-29T22:27:24Z list
2026-04-29T22:27:24Z add
2026-04-29T22:27:24Z ready
2026-04-29T22:31:40Z show
2026-04-29T22:31:40Z list
2026-04-29T22:31:40Z add
2026-04-29T22:31:40Z show
2026-04-29T22:31:40Z list
2026-04-29T22:31:40Z add
2026-04-29T22:31:40Z show
2026-04-29T22:31:40Z list
2026-04-29T22:31:40Z add
2026-04-29T22:31:40Z ready
2026-04-29T22:35:07Z show
2026-04-29T22:35:07Z list
2026-04-29T22:35:07Z add
2026-04-29T22:35:07Z show
2026-04-29T22:35:07Z list
2026-04-29T22:35:07Z add
2026-04-29T22:35:07Z show
2026-04-29T22:35:07Z list
2026-04-29T22:35:07Z add
2026-04-29T22:35:07Z ready
2026-04-29T22:38:27Z show
2026-04-29T22:38:27Z list
2026-04-29T22:38:27Z add
2026-04-29T22:38:27Z show
2026-04-29T22:38:27Z list
2026-04-29T22:38:27Z add
2026-04-29T22:38:27Z show
2026-04-29T22:38:27Z list
2026-04-29T22:38:27Z add
2026-04-29T22:38:27Z ready
2026-04-29T22:42:02Z show
2026-04-29T22:42:02Z list
2026-04-29T22:42:02Z add
2026-04-29T22:42:02Z show
2026-04-29T22:42:02Z list
2026-04-29T22:42:02Z add
2026-04-29T22:42:02Z show
2026-04-29T22:42:02Z list
2026-04-29T22:42:02Z add
2026-04-29T22:42:02Z ready
2026-04-29T22:45:34Z show
2026-04-29T22:45:34Z list
2026-04-29T22:45:34Z add
2026-04-29T22:45:34Z show
2026-04-29T22:45:34Z list
2026-04-29T22:45:34Z add
2026-04-29T22:45:34Z show
2026-04-29T22:45:34Z list
2026-04-29T22:45:34Z add
2026-04-29T22:45:35Z ready
2026-04-29T22:48:59Z show
2026-04-29T22:48:59Z list
2026-04-29T22:48:59Z add
2026-04-29T22:48:59Z show
2026-04-29T22:48:59Z list
2026-04-29T22:48:59Z add
2026-04-29T22:48:59Z show
2026-04-29T22:48:59Z list
2026-04-29T22:48:59Z add
2026-04-29T22:48:59Z ready
2026-04-29T22:52:37Z show
2026-04-29T22:52:37Z list
2026-04-29T22:52:37Z add
2026-04-29T22:52:37Z show
2026-04-29T22:52:37Z list
2026-04-29T22:52:37Z add
2026-04-29T22:52:37Z show
2026-04-29T22:52:37Z list
2026-04-29T22:52:37Z add
2026-04-29T22:52:37Z ready
2026-04-29T22:56:04Z show
2026-04-29T22:56:04Z list
2026-04-29T22:56:04Z add
2026-04-29T22:56:04Z show
2026-04-29T22:56:04Z list
2026-04-29T22:56:04Z add
2026-04-29T22:56:04Z show
2026-04-29T22:56:04Z list
2026-04-29T22:56:04Z add
2026-04-29T22:56:04Z ready
2026-04-29T22:59:40Z show
2026-04-29T22:59:40Z list
2026-04-29T22:59:40Z add
2026-04-29T22:59:40Z show
2026-04-29T22:59:40Z list
2026-04-29T22:59:40Z add
2026-04-29T22:59:40Z show
2026-04-29T22:59:40Z list
2026-04-29T22:59:40Z add
2026-04-29T22:59:41Z ready
2026-04-29T23:03:30Z show
2026-04-29T23:03:30Z list
2026-04-29T23:03:30Z add
2026-04-29T23:03:30Z show
2026-04-29T23:03:30Z list
2026-04-29T23:03:30Z add
2026-04-29T23:03:30Z show
2026-04-29T23:03:30Z list
2026-04-29T23:03:30Z add
2026-04-29T23:03:30Z ready
2026-04-29T23:07:10Z show
2026-04-29T23:07:10Z list
2026-04-29T23:07:10Z add
2026-04-29T23:07:10Z show
2026-04-29T23:07:10Z list
2026-04-29T23:07:10Z add
2026-04-29T23:07:10Z show
2026-04-29T23:07:10Z list
2026-04-29T23:07:10Z add
2026-04-29T23:07:11Z ready
2026-04-29T23:10:40Z show
2026-04-29T23:10:40Z list
2026-04-29T23:10:40Z add
2026-04-29T23:10:40Z show
2026-04-29T23:10:40Z list
2026-04-29T23:10:40Z add
2026-04-29T23:10:40Z show
2026-04-29T23:10:40Z list
2026-04-29T23:10:40Z add
2026-04-29T23:10:40Z ready
2026-04-29T23:14:16Z show
2026-04-29T23:14:16Z list
2026-04-29T23:14:16Z add
2026-04-29T23:14:16Z show
2026-04-29T23:14:16Z list
2026-04-29T23:14:16Z add
2026-04-29T23:14:16Z show
2026-04-29T23:14:16Z list
2026-04-29T23:14:16Z add
2026-04-29T23:14:16Z ready
2026-04-29T23:17:46Z show
2026-04-29T23:17:46Z list
2026-04-29T23:17:46Z add
2026-04-29T23:17:47Z show
2026-04-29T23:17:47Z list
2026-04-29T23:17:47Z add
2026-04-29T23:17:47Z show
2026-04-29T23:17:47Z list
2026-04-29T23:17:47Z add
2026-04-29T23:17:47Z ready
2026-04-29T23:21:25Z show
2026-04-29T23:21:25Z list
2026-04-29T23:21:25Z add
2026-04-29T23:21:25Z show
2026-04-29T23:21:25Z list
2026-04-29T23:21:25Z add
2026-04-29T23:21:25Z show
2026-04-29T23:21:25Z list
2026-04-29T23:21:25Z add
2026-04-29T23:21:25Z ready
2026-04-29T23:25:00Z show
2026-04-29T23:25:00Z list
2026-04-29T23:25:00Z add
2026-04-29T23:25:00Z show
2026-04-29T23:25:00Z list
2026-04-29T23:25:00Z add
2026-04-29T23:25:00Z show
2026-04-29T23:25:00Z list
2026-04-29T23:25:00Z add
2026-04-29T23:25:00Z ready
2026-04-29T23:28:24Z show
2026-04-29T23:28:24Z list
2026-04-29T23:28:24Z add
2026-04-29T23:28:24Z show
2026-04-29T23:28:24Z list
2026-04-29T23:28:24Z add
2026-04-29T23:28:24Z show
2026-04-29T23:28:24Z list
2026-04-29T23:28:24Z add
2026-04-29T23:28:25Z ready
2026-04-29T23:32:45Z show
2026-04-29T23:32:45Z list
2026-04-29T23:32:45Z add
2026-04-29T23:32:45Z show
2026-04-29T23:32:45Z list
2026-04-29T23:32:45Z add
2026-04-29T23:32:45Z show
2026-04-29T23:32:45Z list
2026-04-29T23:32:45Z add
2026-04-29T23:32:45Z ready
2026-04-29T23:36:26Z show
2026-04-29T23:36:26Z list
2026-04-29T23:36:26Z add
2026-04-29T23:36:26Z show
2026-04-29T23:36:26Z list
2026-04-29T23:36:26Z add
2026-04-29T23:36:26Z show
2026-04-29T23:36:26Z list
2026-04-29T23:36:26Z add
2026-04-29T23:36:26Z ready
2026-04-29T23:39:46Z show
2026-04-29T23:39:46Z list
2026-04-29T23:39:46Z add
2026-04-29T23:39:46Z show
2026-04-29T23:39:46Z list
2026-04-29T23:39:46Z add
2026-04-29T23:39:46Z show
2026-04-29T23:39:46Z list
2026-04-29T23:39:46Z add
2026-04-29T23:39:46Z ready
2026-04-29T23:45:04Z show
2026-04-29T23:45:04Z list
2026-04-29T23:45:04Z add
2026-04-29T23:45:04Z show
2026-04-29T23:45:04Z list
2026-04-29T23:45:04Z add
2026-04-29T23:45:04Z show
2026-04-29T23:45:04Z list
2026-04-29T23:45:04Z add
2026-04-29T23:45:05Z ready
2026-04-29T23:48:59Z show
2026-04-29T23:48:59Z list
2026-04-29T23:48:59Z add
2026-04-29T23:48:59Z show
2026-04-29T23:48:59Z list
2026-04-29T23:48:59Z add
2026-04-29T23:48:59Z show
2026-04-29T23:48:59Z list
2026-04-29T23:48:59Z add
2026-04-29T23:48:59Z ready
2026-04-29T23:52:25Z show
2026-04-29T23:52:25Z list
2026-04-29T23:52:25Z add
2026-04-29T23:52:25Z show
2026-04-29T23:52:25Z list
2026-04-29T23:52:25Z add
2026-04-29T23:52:25Z show
2026-04-29T23:52:25Z list
2026-04-29T23:52:25Z add
2026-04-29T23:52:26Z ready
2026-04-29T23:55:49Z show
2026-04-29T23:55:49Z list
2026-04-29T23:55:49Z add
2026-04-29T23:55:49Z show
2026-04-29T23:55:49Z list
2026-04-29T23:55:49Z add
2026-04-29T23:55:49Z show
2026-04-29T23:55:49Z list
2026-04-29T23:55:49Z add
2026-04-29T23:55:49Z ready
2026-04-30T00:01:19Z show
2026-04-30T00:01:19Z list
2026-04-30T00:01:19Z add
2026-04-30T00:01:19Z show
2026-04-30T00:01:19Z list
2026-04-30T00:01:19Z add
2026-04-30T00:01:19Z show
2026-04-30T00:01:19Z list
2026-04-30T00:01:19Z add
2026-04-30T00:01:19Z ready
2026-04-30T00:04:42Z show
2026-04-30T00:04:42Z list
2026-04-30T00:04:42Z add
2026-04-30T00:04:42Z show
2026-04-30T00:04:42Z list
2026-04-30T00:04:42Z add
2026-04-30T00:04:42Z show
2026-04-30T00:04:42Z list
2026-04-30T00:04:42Z add
2026-04-30T00:04:42Z ready
2026-04-30T00:09:01Z show
2026-04-30T00:09:01Z list
2026-04-30T00:09:01Z add
2026-04-30T00:09:01Z show
2026-04-30T00:09:01Z list
2026-04-30T00:09:01Z add
2026-04-30T00:09:01Z show
2026-04-30T00:09:01Z list
2026-04-30T00:09:01Z add
2026-04-30T00:09:02Z ready
2026-04-30T00:12:36Z show
2026-04-30T00:12:36Z list
2026-04-30T00:12:36Z add
2026-04-30T00:12:36Z show
2026-04-30T00:12:36Z list
2026-04-30T00:12:36Z add
2026-04-30T00:12:36Z show
2026-04-30T00:12:36Z list
2026-04-30T00:12:36Z add
2026-04-30T00:12:36Z ready
2026-04-30T00:15:56Z show
2026-04-30T00:15:56Z list
2026-04-30T00:15:56Z add
2026-04-30T00:15:56Z show
2026-04-30T00:15:56Z list
2026-04-30T00:15:56Z add
2026-04-30T00:15:56Z show
2026-04-30T00:15:56Z list
2026-04-30T00:15:56Z add
2026-04-30T00:15:56Z ready
2026-04-30T00:19:39Z show
2026-04-30T00:19:39Z list
2026-04-30T00:19:39Z add
2026-04-30T00:19:39Z show
2026-04-30T00:19:39Z list
2026-04-30T00:19:39Z add
2026-04-30T00:19:39Z show
2026-04-30T00:19:39Z list
2026-04-30T00:19:39Z add
2026-04-30T00:19:40Z ready
2026-04-30T00:23:00Z show
2026-04-30T00:23:00Z list
2026-04-30T00:23:00Z add
2026-04-30T00:23:00Z show
2026-04-30T00:23:00Z list
2026-04-30T00:23:00Z add
2026-04-30T00:23:00Z show
2026-04-30T00:23:00Z list
2026-04-30T00:23:00Z add
2026-04-30T00:23:00Z ready
2026-04-30T00:26:34Z show
2026-04-30T00:26:34Z list
2026-04-30T00:26:34Z add
2026-04-30T00:26:34Z show
2026-04-30T00:26:34Z list
2026-04-30T00:26:34Z add
2026-04-30T00:26:34Z show
2026-04-30T00:26:34Z list
2026-04-30T00:26:34Z add
2026-04-30T00:26:35Z ready
2026-04-30T00:30:16Z show
2026-04-30T00:30:16Z list
2026-04-30T00:30:17Z add
2026-04-30T00:30:17Z show
2026-04-30T00:30:17Z list
2026-04-30T00:30:17Z add
2026-04-30T00:30:17Z show
2026-04-30T00:30:17Z list
2026-04-30T00:30:17Z add
2026-04-30T00:30:17Z ready
2026-04-30T00:34:17Z show
2026-04-30T00:34:18Z list
2026-04-30T00:34:18Z add
2026-04-30T00:34:18Z show
2026-04-30T00:34:18Z list
2026-04-30T00:34:18Z add
2026-04-30T00:34:18Z show
2026-04-30T00:34:18Z list
2026-04-30T00:34:18Z add
2026-04-30T00:34:18Z ready
2026-04-30T01:16:59Z show
2026-04-30T01:16:59Z list
2026-04-30T01:16:59Z add
2026-04-30T01:16:59Z show
2026-04-30T01:16:59Z list
2026-04-30T01:16:59Z add
2026-04-30T01:16:59Z show
2026-04-30T01:16:59Z list
2026-04-30T01:16:59Z add
2026-04-30T01:17:00Z ready
2026-04-30T01:20:21Z show
2026-04-30T01:20:21Z list
2026-04-30T01:20:21Z add
2026-04-30T01:20:21Z show
2026-04-30T01:20:21Z list
2026-04-30T01:20:21Z add
2026-04-30T01:20:21Z show
2026-04-30T01:20:21Z list
2026-04-30T01:20:21Z add
2026-04-30T01:20:21Z ready
2026-04-30T01:24:37Z show
2026-04-30T01:24:37Z list
2026-04-30T01:24:37Z add
2026-04-30T01:24:37Z show
2026-04-30T01:24:37Z list
2026-04-30T01:24:37Z add
2026-04-30T01:24:37Z show
2026-04-30T01:24:37Z list
2026-04-30T01:24:37Z add
2026-04-30T01:24:37Z ready
2026-04-30T01:28:13Z show
2026-04-30T01:28:13Z list
2026-04-30T01:28:13Z add
2026-04-30T01:28:13Z show
2026-04-30T01:28:13Z list
2026-04-30T01:28:13Z add
2026-04-30T01:28:13Z show
2026-04-30T01:28:13Z list
2026-04-30T01:28:13Z add
2026-04-30T01:28:13Z ready
2026-04-30T01:31:25Z show
2026-04-30T01:31:25Z list
2026-04-30T01:31:25Z add
2026-04-30T01:31:25Z show
2026-04-30T01:31:25Z list
2026-04-30T01:31:25Z add
2026-04-30T01:31:25Z show
2026-04-30T01:31:25Z list
2026-04-30T01:31:25Z add
2026-04-30T01:31:26Z ready
2026-04-30T01:35:14Z show
2026-04-30T01:35:14Z list
2026-04-30T01:35:14Z add
2026-04-30T01:35:14Z show
2026-04-30T01:35:14Z list
2026-04-30T01:35:14Z add
2026-04-30T01:35:14Z show
2026-04-30T01:35:14Z list
2026-04-30T01:35:14Z add
2026-04-30T01:35:14Z ready
2026-04-30T01:39:17Z show
2026-04-30T01:39:17Z list
2026-04-30T01:39:17Z add
2026-04-30T01:39:17Z show
2026-04-30T01:39:17Z list
2026-04-30T01:39:17Z add
2026-04-30T01:39:17Z show
2026-04-30T01:39:17Z list
2026-04-30T01:39:17Z add
2026-04-30T01:39:17Z ready
2026-04-30T01:42:40Z show
2026-04-30T01:42:40Z list
2026-04-30T01:42:40Z add
2026-04-30T01:42:40Z show
2026-04-30T01:42:40Z list
2026-04-30T01:42:40Z add
2026-04-30T01:42:40Z show
2026-04-30T01:42:40Z list
2026-04-30T01:42:41Z add
2026-04-30T01:42:41Z ready
2026-04-30T01:45:50Z show
2026-04-30T01:45:50Z list
2026-04-30T01:45:50Z add
2026-04-30T01:45:50Z show
2026-04-30T01:45:50Z list
2026-04-30T01:45:50Z add
2026-04-30T01:45:50Z show
2026-04-30T01:45:50Z list
2026-04-30T01:45:50Z add
2026-04-30T01:45:50Z ready
2026-04-30T01:49:25Z show
2026-04-30T01:49:25Z list
2026-04-30T01:49:25Z add
2026-04-30T01:49:25Z show
2026-04-30T01:49:25Z list
2026-04-30T01:49:25Z add
2026-04-30T01:49:25Z show
2026-04-30T01:49:25Z list
2026-04-30T01:49:25Z add
2026-04-30T01:49:25Z ready
2026-04-30T01:52:42Z show
2026-04-30T01:52:42Z list
2026-04-30T01:52:42Z add
2026-04-30T01:52:42Z show
2026-04-30T01:52:42Z list
2026-04-30T01:52:42Z add
2026-04-30T01:52:42Z show
2026-04-30T01:52:42Z list
2026-04-30T01:52:42Z add
2026-04-30T01:52:42Z ready
2026-04-30T01:56:16Z show
2026-04-30T01:56:16Z list
2026-04-30T01:56:16Z add
2026-04-30T01:56:16Z show
2026-04-30T01:56:16Z list
2026-04-30T01:56:16Z add
2026-04-30T01:56:16Z show
2026-04-30T01:56:16Z list
2026-04-30T01:56:16Z add
2026-04-30T01:56:17Z ready
2026-04-30T01:59:36Z show
2026-04-30T01:59:36Z list
2026-04-30T01:59:36Z add
2026-04-30T01:59:36Z show
2026-04-30T01:59:36Z list
2026-04-30T01:59:36Z add
2026-04-30T01:59:36Z show
2026-04-30T01:59:37Z list
2026-04-30T01:59:37Z add
2026-04-30T01:59:37Z ready
2026-04-30T02:03:00Z show
2026-04-30T02:03:00Z list
2026-04-30T02:03:00Z add
2026-04-30T02:03:00Z show
2026-04-30T02:03:00Z list
2026-04-30T02:03:00Z add
2026-04-30T02:03:00Z show
2026-04-30T02:03:00Z list
2026-04-30T02:03:00Z add
2026-04-30T02:03:00Z ready
2026-04-30T02:06:40Z show
2026-04-30T02:06:40Z list
2026-04-30T02:06:41Z add
2026-04-30T02:06:41Z show
2026-04-30T02:06:41Z list
2026-04-30T02:06:41Z add
2026-04-30T02:06:41Z show
2026-04-30T02:06:41Z list
2026-04-30T02:06:41Z add
2026-04-30T02:06:41Z ready
2026-04-30T03:17:49Z show
2026-04-30T03:17:49Z list
2026-04-30T03:17:49Z add
2026-04-30T03:17:49Z show
2026-04-30T03:17:49Z list
2026-04-30T03:17:49Z add
2026-04-30T03:17:49Z show
2026-04-30T03:17:49Z list
2026-04-30T03:17:49Z add
2026-04-30T03:17:50Z ready
2026-04-30T03:21:10Z show
2026-04-30T03:21:10Z list
2026-04-30T03:21:10Z add
2026-04-30T03:21:10Z show
2026-04-30T03:21:11Z list
2026-04-30T03:21:11Z add
2026-04-30T03:21:11Z show
2026-04-30T03:21:11Z list
2026-04-30T03:21:11Z add
2026-04-30T03:21:11Z ready
2026-04-30T03:24:24Z show
2026-04-30T03:24:24Z list
2026-04-30T03:24:24Z add
2026-04-30T03:24:24Z show
2026-04-30T03:24:24Z list
2026-04-30T03:24:24Z add
2026-04-30T03:24:24Z show
2026-04-30T03:24:24Z list
2026-04-30T03:24:24Z add
2026-04-30T03:24:24Z ready
2026-04-30T03:27:25Z show
2026-04-30T03:27:25Z list
2026-04-30T03:27:25Z add
2026-04-30T03:27:25Z show
2026-04-30T03:27:25Z list
2026-04-30T03:27:25Z add
2026-04-30T03:27:25Z show
2026-04-30T03:27:25Z list
2026-04-30T03:27:25Z add
2026-04-30T03:27:25Z ready
2026-04-30T03:30:36Z show
2026-04-30T03:30:36Z list
2026-04-30T03:30:36Z add
2026-04-30T03:30:36Z show
2026-04-30T03:30:36Z list
2026-04-30T03:30:36Z add
2026-04-30T03:30:36Z show
2026-04-30T03:30:36Z list
2026-04-30T03:30:36Z add
2026-04-30T03:30:36Z ready
2026-04-30T03:33:43Z show
2026-04-30T03:33:43Z list
2026-04-30T03:33:43Z add
2026-04-30T03:33:43Z show
2026-04-30T03:33:43Z list
2026-04-30T03:33:43Z add
2026-04-30T03:33:43Z show
2026-04-30T03:33:43Z list
2026-04-30T03:33:43Z add
2026-04-30T03:33:43Z ready
2026-04-30T03:37:13Z show
2026-04-30T03:37:13Z list
2026-04-30T03:37:13Z add
2026-04-30T03:37:13Z show
2026-04-30T03:37:13Z list
2026-04-30T03:37:13Z add
2026-04-30T03:37:13Z show
2026-04-30T03:37:13Z list
2026-04-30T03:37:13Z add
2026-04-30T03:37:13Z ready
2026-04-30T03:40:15Z show
2026-04-30T03:40:15Z list
2026-04-30T03:40:15Z add
2026-04-30T03:40:15Z show
2026-04-30T03:40:15Z list
2026-04-30T03:40:15Z add
2026-04-30T03:40:15Z show
2026-04-30T03:40:15Z list
2026-04-30T03:40:15Z add
2026-04-30T03:40:15Z ready
2026-04-30T03:44:27Z show
2026-04-30T03:44:27Z list
2026-04-30T03:44:28Z add
2026-04-30T03:44:28Z show
2026-04-30T03:44:28Z list
2026-04-30T03:44:28Z add
2026-04-30T03:44:28Z show
2026-04-30T03:44:28Z list
2026-04-30T03:44:28Z add
2026-04-30T03:44:28Z ready
2026-04-30T03:47:35Z show
2026-04-30T03:47:35Z list
2026-04-30T03:47:35Z add
2026-04-30T03:47:35Z show
2026-04-30T03:47:35Z list
2026-04-30T03:47:35Z add
2026-04-30T03:47:35Z show
2026-04-30T03:47:35Z list
2026-04-30T03:47:35Z add
2026-04-30T03:47:35Z ready
2026-04-30T03:50:37Z show
2026-04-30T03:50:37Z list
2026-04-30T03:50:37Z add
2026-04-30T03:50:37Z show
2026-04-30T03:50:37Z list
2026-04-30T03:50:37Z add
2026-04-30T03:50:37Z show
2026-04-30T03:50:37Z list
2026-04-30T03:50:38Z add
2026-04-30T03:50:38Z ready
2026-04-30T03:53:44Z show
2026-04-30T03:53:44Z list
2026-04-30T03:53:44Z add
2026-04-30T03:53:44Z show
2026-04-30T03:53:44Z list
2026-04-30T03:53:45Z add
2026-04-30T03:53:45Z show
2026-04-30T03:53:45Z list
2026-04-30T03:53:45Z add
2026-04-30T03:53:45Z ready
2026-04-30T03:56:49Z show
2026-04-30T03:56:49Z list
2026-04-30T03:56:49Z add
2026-04-30T03:56:49Z show
2026-04-30T03:56:49Z list
2026-04-30T03:56:49Z add
2026-04-30T03:56:49Z show
2026-04-30T03:56:49Z list
2026-04-30T03:56:49Z add
2026-04-30T03:56:49Z ready
2026-04-30T03:59:55Z show
2026-04-30T03:59:55Z list
2026-04-30T03:59:55Z add
2026-04-30T03:59:55Z show
2026-04-30T03:59:55Z list
2026-04-30T03:59:55Z add
2026-04-30T03:59:55Z show
2026-04-30T03:59:55Z list
2026-04-30T03:59:55Z add
2026-04-30T03:59:55Z ready
2026-04-30T04:03:40Z show
2026-04-30T04:03:40Z list
2026-04-30T04:03:40Z add
2026-04-30T04:03:40Z show
2026-04-30T04:03:40Z list
2026-04-30T04:03:40Z add
2026-04-30T04:03:40Z show
2026-04-30T04:03:40Z list
2026-04-30T04:03:40Z add
2026-04-30T04:03:41Z ready
2026-04-30T04:08:08Z show
2026-04-30T04:08:08Z list
2026-04-30T04:08:08Z add
2026-04-30T04:08:08Z show
2026-04-30T04:08:08Z list
2026-04-30T04:08:08Z add
2026-04-30T04:08:08Z show
2026-04-30T04:08:08Z list
2026-04-30T04:08:08Z add
2026-04-30T04:08:08Z ready
2026-04-30T04:11:21Z show
2026-04-30T04:11:22Z list
2026-04-30T04:11:22Z add
2026-04-30T04:11:22Z show
2026-04-30T04:11:22Z list
2026-04-30T04:11:22Z add
2026-04-30T04:11:22Z show
2026-04-30T04:11:22Z list
2026-04-30T04:11:22Z add
2026-04-30T04:11:22Z ready
2026-04-30T04:14:46Z show
2026-04-30T04:14:46Z list
2026-04-30T04:14:46Z add
2026-04-30T04:14:46Z show
2026-04-30T04:14:46Z list
2026-04-30T04:14:46Z add
2026-04-30T04:14:46Z show
2026-04-30T04:14:46Z list
2026-04-30T04:14:46Z add
2026-04-30T04:14:47Z ready
2026-04-30T04:18:06Z show
2026-04-30T04:18:06Z list
2026-04-30T04:18:06Z add
2026-04-30T04:18:06Z show
2026-04-30T04:18:06Z list
2026-04-30T04:18:06Z add
2026-04-30T04:18:06Z show
2026-04-30T04:18:06Z list
2026-04-30T04:18:06Z add
2026-04-30T04:18:06Z ready
2026-04-30T04:21:07Z show
2026-04-30T04:21:07Z list
2026-04-30T04:21:07Z add
2026-04-30T04:21:07Z show
2026-04-30T04:21:07Z list
2026-04-30T04:21:07Z add
2026-04-30T04:21:07Z show
2026-04-30T04:21:07Z list
2026-04-30T04:21:07Z add
2026-04-30T04:21:07Z ready
2026-04-30T04:24:17Z show
2026-04-30T04:24:17Z list
2026-04-30T04:24:17Z add
2026-04-30T04:24:17Z show
2026-04-30T04:24:17Z list
2026-04-30T04:24:17Z add
2026-04-30T04:24:17Z show
2026-04-30T04:24:17Z list
2026-04-30T04:24:17Z add
2026-04-30T04:24:17Z ready
2026-04-30T04:27:18Z show
2026-04-30T04:27:18Z list
2026-04-30T04:27:18Z add
2026-04-30T04:27:18Z show
2026-04-30T04:27:18Z list
2026-04-30T04:27:18Z add
2026-04-30T04:27:18Z show
2026-04-30T04:27:18Z list
2026-04-30T04:27:18Z add
2026-04-30T04:27:18Z ready
2026-04-30T04:30:37Z show
2026-04-30T04:30:37Z list
2026-04-30T04:30:37Z add
2026-04-30T04:30:37Z show
2026-04-30T04:30:37Z list
2026-04-30T04:30:37Z add
2026-04-30T04:30:37Z show
2026-04-30T04:30:37Z list
2026-04-30T04:30:37Z add
2026-04-30T04:30:37Z ready
2026-04-30T04:33:51Z show
2026-04-30T04:33:51Z list
2026-04-30T04:33:51Z add
2026-04-30T04:33:51Z show
2026-04-30T04:33:51Z list
2026-04-30T04:33:51Z add
2026-04-30T04:33:51Z show
2026-04-30T04:33:51Z list
2026-04-30T04:33:51Z add
2026-04-30T04:33:51Z ready
2026-04-30T04:38:54Z show
2026-04-30T04:38:54Z list
2026-04-30T04:38:54Z add
2026-04-30T04:38:54Z show
2026-04-30T04:38:54Z list
2026-04-30T04:38:54Z add
2026-04-30T04:38:54Z show
2026-04-30T04:38:54Z list
2026-04-30T04:38:54Z add
2026-04-30T04:38:55Z ready
2026-04-30T04:42:07Z show
2026-04-30T04:42:07Z list
2026-04-30T04:42:07Z add
2026-04-30T04:42:07Z show
2026-04-30T04:42:07Z list
2026-04-30T04:42:07Z add
2026-04-30T04:42:07Z show
2026-04-30T04:42:07Z list
2026-04-30T04:42:07Z add
2026-04-30T04:42:07Z ready
2026-04-30T04:45:22Z show
2026-04-30T04:45:22Z list
2026-04-30T04:45:22Z add
2026-04-30T04:45:22Z show
2026-04-30T04:45:22Z list
2026-04-30T04:45:22Z add
2026-04-30T04:45:22Z show
2026-04-30T04:45:22Z list
2026-04-30T04:45:22Z add
2026-04-30T04:45:22Z ready
2026-04-30T04:48:24Z show
2026-04-30T04:48:24Z list
2026-04-30T04:48:24Z add
2026-04-30T04:48:24Z show
2026-04-30T04:48:24Z list
2026-04-30T04:48:24Z add
2026-04-30T04:48:24Z show
2026-04-30T04:48:24Z list
2026-04-30T04:48:24Z add
2026-04-30T04:48:25Z ready
2026-04-30T04:51:30Z show
2026-04-30T04:51:30Z list
2026-04-30T04:51:30Z add
2026-04-30T04:51:30Z show
2026-04-30T04:51:30Z list
2026-04-30T04:51:30Z add
2026-04-30T04:51:30Z show
2026-04-30T04:51:30Z list
2026-04-30T04:51:30Z add
2026-04-30T04:51:30Z ready
2026-04-30T04:54:44Z show
2026-04-30T04:54:44Z list
2026-04-30T04:54:44Z add
2026-04-30T04:54:44Z show
2026-04-30T04:54:44Z list
2026-04-30T04:54:44Z add
2026-04-30T04:54:44Z show
2026-04-30T04:54:44Z list
2026-04-30T04:54:44Z add
2026-04-30T04:54:44Z ready
2026-04-30T04:59:01Z show
2026-04-30T04:59:01Z list
2026-04-30T04:59:01Z add
2026-04-30T04:59:01Z show
2026-04-30T04:59:01Z list
2026-04-30T04:59:01Z add
2026-04-30T04:59:01Z show
2026-04-30T04:59:01Z list
2026-04-30T04:59:01Z add
2026-04-30T04:59:02Z ready
2026-04-30T05:02:00Z show
2026-04-30T05:02:00Z list
2026-04-30T05:02:00Z add
2026-04-30T05:02:00Z show
2026-04-30T05:02:00Z list
2026-04-30T05:02:00Z add
2026-04-30T05:02:00Z show
2026-04-30T05:02:00Z list
2026-04-30T05:02:00Z add
2026-04-30T05:02:00Z ready
2026-04-30T05:06:22Z show
2026-04-30T05:06:22Z list
2026-04-30T05:06:22Z add
2026-04-30T05:06:22Z show
2026-04-30T05:06:22Z list
2026-04-30T05:06:22Z add
2026-04-30T05:06:22Z show
2026-04-30T05:06:22Z list
2026-04-30T05:06:22Z add
2026-04-30T05:06:22Z ready
2026-04-30T05:09:36Z show
2026-04-30T05:09:36Z list
2026-04-30T05:09:36Z add
2026-04-30T05:09:36Z show
2026-04-30T05:09:36Z list
2026-04-30T05:09:36Z add
2026-04-30T05:09:36Z show
2026-04-30T05:09:37Z list
2026-04-30T05:09:37Z add
2026-04-30T05:09:37Z ready
2026-04-30T05:12:40Z show
2026-04-30T05:12:40Z list
2026-04-30T05:12:40Z add
2026-04-30T05:12:40Z show
2026-04-30T05:12:40Z list
2026-04-30T05:12:40Z add
2026-04-30T05:12:40Z show
2026-04-30T05:12:40Z list
2026-04-30T05:12:40Z add
2026-04-30T05:12:40Z ready
2026-04-30T05:16:03Z show
2026-04-30T05:16:03Z list
2026-04-30T05:16:03Z add
2026-04-30T05:16:03Z show
2026-04-30T05:16:03Z list
2026-04-30T05:16:03Z add
2026-04-30T05:16:03Z show
2026-04-30T05:16:03Z list
2026-04-30T05:16:03Z add
2026-04-30T05:16:03Z ready
2026-04-30T05:20:28Z show
2026-04-30T05:20:28Z list
2026-04-30T05:20:28Z add
2026-04-30T05:20:28Z show
2026-04-30T05:20:28Z list
2026-04-30T05:20:28Z add
2026-04-30T05:20:28Z show
2026-04-30T05:20:28Z list
2026-04-30T05:20:28Z add
2026-04-30T05:20:29Z ready
2026-04-30T05:23:37Z show
2026-04-30T05:23:37Z list
2026-04-30T05:23:37Z add
2026-04-30T05:23:37Z show
2026-04-30T05:23:37Z list
2026-04-30T05:23:37Z add
2026-04-30T05:23:37Z show
2026-04-30T05:23:37Z list
2026-04-30T05:23:37Z add
2026-04-30T05:23:38Z ready
2026-04-30T05:26:54Z show
2026-04-30T05:26:54Z list
2026-04-30T05:26:54Z add
2026-04-30T05:26:54Z show
2026-04-30T05:26:54Z list
2026-04-30T05:26:54Z add
2026-04-30T05:26:54Z show
2026-04-30T05:26:54Z list
2026-04-30T05:26:54Z add
2026-04-30T05:26:54Z ready
2026-04-30T05:30:35Z show
2026-04-30T05:30:35Z list
2026-04-30T05:30:35Z add
2026-04-30T05:30:35Z show
2026-04-30T05:30:35Z list
2026-04-30T05:30:35Z add
2026-04-30T05:30:35Z show
2026-04-30T05:30:35Z list
2026-04-30T05:30:36Z add
2026-04-30T05:30:36Z ready
2026-04-30T05:33:48Z show
2026-04-30T05:33:48Z list
2026-04-30T05:33:48Z add
2026-04-30T05:33:48Z show
2026-04-30T05:33:48Z list
2026-04-30T05:33:48Z add
2026-04-30T05:33:48Z show
2026-04-30T05:33:48Z list
2026-04-30T05:33:48Z add
2026-04-30T05:33:48Z ready
2026-04-30T05:37:58Z show
2026-04-30T05:37:58Z list
2026-04-30T05:37:58Z add
2026-04-30T05:37:58Z show
2026-04-30T05:37:58Z list
2026-04-30T05:37:58Z add
2026-04-30T05:37:58Z show
2026-04-30T05:37:58Z list
2026-04-30T05:37:58Z add
2026-04-30T05:37:59Z ready
2026-04-30T05:41:17Z show
2026-04-30T05:41:17Z list
2026-04-30T05:41:17Z add
2026-04-30T05:41:17Z show
2026-04-30T05:41:17Z list
2026-04-30T05:41:17Z add
2026-04-30T05:41:17Z show
2026-04-30T05:41:17Z list
2026-04-30T05:41:17Z add
2026-04-30T05:41:17Z ready
2026-04-30T05:47:07Z show
2026-04-30T05:47:07Z list
2026-04-30T05:47:07Z add
2026-04-30T05:47:07Z show
2026-04-30T05:47:07Z list
2026-04-30T05:47:07Z add
2026-04-30T05:47:08Z show
2026-04-30T05:47:08Z list
2026-04-30T05:47:08Z add
2026-04-30T05:47:08Z ready
2026-04-30T05:50:27Z show
2026-04-30T05:50:27Z list
2026-04-30T05:50:27Z add
2026-04-30T05:50:27Z show
2026-04-30T05:50:27Z list
2026-04-30T05:50:27Z add
2026-04-30T05:50:27Z show
2026-04-30T05:50:27Z list
2026-04-30T05:50:27Z add
2026-04-30T05:50:27Z ready
2026-04-30T05:54:56Z show
2026-04-30T05:54:56Z list
2026-04-30T05:54:56Z add
2026-04-30T05:54:57Z show
2026-04-30T05:54:57Z list
2026-04-30T05:54:57Z add
2026-04-30T05:54:57Z show
2026-04-30T05:54:57Z list
2026-04-30T05:54:57Z add
2026-04-30T05:54:57Z ready
2026-04-30T05:58:16Z show
2026-04-30T05:58:16Z list
2026-04-30T05:58:16Z add
2026-04-30T05:58:16Z show
2026-04-30T05:58:16Z list
2026-04-30T05:58:16Z add
2026-04-30T05:58:16Z show
2026-04-30T05:58:16Z list
2026-04-30T05:58:16Z add
2026-04-30T05:58:17Z ready
2026-04-30T06:01:21Z show
2026-04-30T06:01:21Z list
2026-04-30T06:01:21Z add
2026-04-30T06:01:21Z show
2026-04-30T06:01:21Z list
2026-04-30T06:01:21Z add
2026-04-30T06:01:21Z show
2026-04-30T06:01:21Z list
2026-04-30T06:01:21Z add
2026-04-30T06:01:22Z ready
2026-04-30T06:04:44Z show
2026-04-30T06:04:44Z list
2026-04-30T06:04:44Z add
2026-04-30T06:04:44Z show
2026-04-30T06:04:44Z list
2026-04-30T06:04:44Z add
2026-04-30T06:04:44Z show
2026-04-30T06:04:44Z list
2026-04-30T06:04:44Z add
2026-04-30T06:04:44Z ready
2026-04-30T06:08:06Z show
2026-04-30T06:08:06Z list
2026-04-30T06:08:06Z add
2026-04-30T06:08:06Z show
2026-04-30T06:08:06Z list
2026-04-30T06:08:06Z add
2026-04-30T06:08:06Z show
2026-04-30T06:08:06Z list
2026-04-30T06:08:06Z add
2026-04-30T06:08:07Z ready
2026-04-30T06:11:09Z show
2026-04-30T06:11:09Z list
2026-04-30T06:11:09Z add
2026-04-30T06:11:09Z show
2026-04-30T06:11:09Z list
2026-04-30T06:11:09Z add
2026-04-30T06:11:09Z show
2026-04-30T06:11:09Z list
2026-04-30T06:11:09Z add
2026-04-30T06:11:09Z ready
2026-04-30T06:15:08Z show
2026-04-30T06:15:08Z list
2026-04-30T06:15:08Z add
2026-04-30T06:15:08Z show
2026-04-30T06:15:08Z list
2026-04-30T06:15:08Z add
2026-04-30T06:15:08Z show
2026-04-30T06:15:08Z list
2026-04-30T06:15:09Z add
2026-04-30T06:15:09Z ready
2026-04-30T06:18:15Z show
2026-04-30T06:18:15Z list
2026-04-30T06:18:15Z add
2026-04-30T06:18:15Z show
2026-04-30T06:18:15Z list
2026-04-30T06:18:15Z add
2026-04-30T06:18:15Z show
2026-04-30T06:18:15Z list
2026-04-30T06:18:15Z add
2026-04-30T06:18:15Z ready
2026-04-30T06:21:29Z show
2026-04-30T06:21:29Z list
2026-04-30T06:21:29Z add
2026-04-30T06:21:29Z show
2026-04-30T06:21:29Z list
2026-04-30T06:21:29Z add
2026-04-30T06:21:29Z show
2026-04-30T06:21:29Z list
2026-04-30T06:21:29Z add
2026-04-30T06:21:29Z ready
2026-04-30T06:24:47Z show
2026-04-30T06:24:47Z list
2026-04-30T06:24:47Z add
2026-04-30T06:24:47Z show
2026-04-30T06:24:47Z list
2026-04-30T06:24:47Z add
2026-04-30T06:24:47Z show
2026-04-30T06:24:47Z list
2026-04-30T06:24:47Z add
2026-04-30T06:24:47Z ready
2026-04-30T06:27:50Z show
2026-04-30T06:27:50Z list
2026-04-30T06:27:50Z add
2026-04-30T06:27:50Z show
2026-04-30T06:27:50Z list
2026-04-30T06:27:50Z add
2026-04-30T06:27:50Z show
2026-04-30T06:27:50Z list
2026-04-30T06:27:50Z add
2026-04-30T06:27:50Z ready
2026-04-30T06:30:54Z show
2026-04-30T06:30:54Z list
2026-04-30T06:30:54Z add
2026-04-30T06:30:54Z show
2026-04-30T06:30:54Z list
2026-04-30T06:30:54Z add
2026-04-30T06:30:54Z show
2026-04-30T06:30:54Z list
2026-04-30T06:30:54Z add
2026-04-30T06:30:54Z ready
2026-04-30T06:34:06Z show
2026-04-30T06:34:06Z list
2026-04-30T06:34:06Z add
2026-04-30T06:34:06Z show
2026-04-30T06:34:06Z list
2026-04-30T06:34:06Z add
2026-04-30T06:34:06Z show
2026-04-30T06:34:06Z list
2026-04-30T06:34:06Z add
2026-04-30T06:34:06Z ready
2026-04-30T06:37:08Z show
2026-04-30T06:37:08Z list
2026-04-30T06:37:08Z add
2026-04-30T06:37:08Z show
2026-04-30T06:37:08Z list
2026-04-30T06:37:08Z add
2026-04-30T06:37:08Z show
2026-04-30T06:37:08Z list
2026-04-30T06:37:08Z add
2026-04-30T06:37:08Z ready
2026-04-30T06:40:11Z show
2026-04-30T06:40:11Z list
2026-04-30T06:40:11Z add
2026-04-30T06:40:11Z show
2026-04-30T06:40:11Z list
2026-04-30T06:40:11Z add
2026-04-30T06:40:11Z show
2026-04-30T06:40:11Z list
2026-04-30T06:40:11Z add
2026-04-30T06:40:12Z ready
2026-04-30T06:43:53Z show
2026-04-30T06:43:53Z list
2026-04-30T06:43:53Z add
2026-04-30T06:43:53Z show
2026-04-30T06:43:53Z list
2026-04-30T06:43:53Z add
2026-04-30T06:43:53Z show
2026-04-30T06:43:53Z list
2026-04-30T06:43:53Z add
2026-04-30T06:43:53Z ready
2026-04-30T06:47:03Z show
2026-04-30T06:47:03Z list
2026-04-30T06:47:03Z add
2026-04-30T06:47:03Z show
2026-04-30T06:47:03Z list
2026-04-30T06:47:03Z add
2026-04-30T06:47:03Z show
2026-04-30T06:47:03Z list
2026-04-30T06:47:03Z add
2026-04-30T06:47:03Z ready
2026-04-30T06:50:09Z show
2026-04-30T06:50:09Z list
2026-04-30T06:50:09Z add
2026-04-30T06:50:09Z show
2026-04-30T06:50:09Z list
2026-04-30T06:50:09Z add
2026-04-30T06:50:09Z show
2026-04-30T06:50:09Z list
2026-04-30T06:50:09Z add
2026-04-30T06:50:10Z ready
2026-04-30T06:53:33Z show
2026-04-30T06:53:33Z list
2026-04-30T06:53:33Z add
2026-04-30T06:53:33Z show
2026-04-30T06:53:33Z list
2026-04-30T06:53:33Z add
2026-04-30T06:53:33Z show
2026-04-30T06:53:33Z list
2026-04-30T06:53:33Z add
2026-04-30T06:53:33Z ready
2026-04-30T06:57:40Z show
2026-04-30T06:57:40Z list
2026-04-30T06:57:40Z add
2026-04-30T06:57:40Z show
2026-04-30T06:57:40Z list
2026-04-30T06:57:40Z add
2026-04-30T06:57:40Z show
2026-04-30T06:57:40Z list
2026-04-30T06:57:40Z add
2026-04-30T06:57:40Z ready
2026-04-30T07:01:06Z show
2026-04-30T07:01:06Z list
2026-04-30T07:01:06Z add
2026-04-30T07:01:06Z show
2026-04-30T07:01:06Z list
2026-04-30T07:01:06Z add
2026-04-30T07:01:06Z show
2026-04-30T07:01:06Z list
2026-04-30T07:01:06Z add
2026-04-30T07:01:06Z ready
2026-04-30T07:04:50Z show
2026-04-30T07:04:50Z list
2026-04-30T07:04:50Z add
2026-04-30T07:04:50Z show
2026-04-30T07:04:50Z list
2026-04-30T07:04:50Z add
2026-04-30T07:04:50Z show
2026-04-30T07:04:50Z list
2026-04-30T07:04:50Z add
2026-04-30T07:04:50Z ready
2026-04-30T07:08:24Z show
2026-04-30T07:08:24Z list
2026-04-30T07:08:24Z add
2026-04-30T07:08:24Z show
2026-04-30T07:08:24Z list
2026-04-30T07:08:24Z add
2026-04-30T07:08:24Z show
2026-04-30T07:08:24Z list
2026-04-30T07:08:24Z add
2026-04-30T07:08:24Z ready
2026-04-30T07:11:33Z show
2026-04-30T07:11:33Z list
2026-04-30T07:11:33Z add
2026-04-30T07:11:33Z show
2026-04-30T07:11:33Z list
2026-04-30T07:11:33Z add
2026-04-30T07:11:33Z show
2026-04-30T07:11:33Z list
2026-04-30T07:11:33Z add
2026-04-30T07:11:33Z ready
2026-04-30T07:14:47Z show
2026-04-30T07:14:47Z list
2026-04-30T07:14:47Z add
2026-04-30T07:14:47Z show
2026-04-30T07:14:47Z list
2026-04-30T07:14:47Z add
2026-04-30T07:14:47Z show
2026-04-30T07:14:47Z list
2026-04-30T07:14:47Z add
2026-04-30T07:14:47Z ready
2026-04-30T07:18:22Z show
2026-04-30T07:18:23Z list
2026-04-30T07:18:23Z add
2026-04-30T07:18:23Z show
2026-04-30T07:18:23Z list
2026-04-30T07:18:23Z add
2026-04-30T07:18:23Z show
2026-04-30T07:18:23Z list
2026-04-30T07:18:23Z add
2026-04-30T07:18:23Z ready
2026-04-30T07:21:28Z show
2026-04-30T07:21:28Z list
2026-04-30T07:21:28Z add
2026-04-30T07:21:28Z show
2026-04-30T07:21:28Z list
2026-04-30T07:21:28Z add
2026-04-30T07:21:28Z show
2026-04-30T07:21:28Z list
2026-04-30T07:21:28Z add
2026-04-30T07:21:28Z ready
2026-04-30T07:24:48Z show
2026-04-30T07:24:48Z list
2026-04-30T07:24:48Z add
2026-04-30T07:24:48Z show
2026-04-30T07:24:48Z list
2026-04-30T07:24:48Z add
2026-04-30T07:24:48Z show
2026-04-30T07:24:48Z list
2026-04-30T07:24:48Z add
2026-04-30T07:24:48Z ready
2026-04-30T07:28:01Z show
2026-04-30T07:28:01Z list
2026-04-30T07:28:01Z add
2026-04-30T07:28:01Z show
2026-04-30T07:28:01Z list
2026-04-30T07:28:01Z add
2026-04-30T07:28:01Z show
2026-04-30T07:28:01Z list
2026-04-30T07:28:01Z add
2026-04-30T07:28:01Z ready
2026-04-30T07:31:08Z show
2026-04-30T07:31:08Z list
2026-04-30T07:31:08Z add
2026-04-30T07:31:08Z show
2026-04-30T07:31:08Z list
2026-04-30T07:31:08Z add
2026-04-30T07:31:08Z show
2026-04-30T07:31:08Z list
2026-04-30T07:31:08Z add
2026-04-30T07:31:08Z ready
2026-04-30T07:34:25Z show
2026-04-30T07:34:25Z list
2026-04-30T07:34:25Z add
2026-04-30T07:34:26Z show
2026-04-30T07:34:26Z list
2026-04-30T07:34:26Z add
2026-04-30T07:34:26Z show
2026-04-30T07:34:26Z list
2026-04-30T07:34:26Z add
2026-04-30T07:34:26Z ready
2026-04-30T07:37:33Z show
2026-04-30T07:37:33Z list
2026-04-30T07:37:33Z add
2026-04-30T07:37:33Z show
2026-04-30T07:37:33Z list
2026-04-30T07:37:33Z add
2026-04-30T07:37:33Z show
2026-04-30T07:37:33Z list
2026-04-30T07:37:33Z add
2026-04-30T07:37:33Z ready
2026-04-30T07:40:40Z show
2026-04-30T07:40:40Z list
2026-04-30T07:40:40Z add
2026-04-30T07:40:40Z show
2026-04-30T07:40:40Z list
2026-04-30T07:40:40Z add
2026-04-30T07:40:40Z show
2026-04-30T07:40:40Z list
2026-04-30T07:40:40Z add
2026-04-30T07:40:40Z ready
2026-04-30T07:45:02Z show
2026-04-30T07:45:02Z list
2026-04-30T07:45:02Z add
2026-04-30T07:45:02Z show
2026-04-30T07:45:02Z list
2026-04-30T07:45:02Z add
2026-04-30T07:45:02Z show
2026-04-30T07:45:02Z list
2026-04-30T07:45:02Z add
2026-04-30T07:45:02Z ready
2026-04-30T07:48:00Z show
2026-04-30T07:48:00Z list
2026-04-30T07:48:00Z add
2026-04-30T07:48:00Z show
2026-04-30T07:48:00Z list
2026-04-30T07:48:00Z add
2026-04-30T07:48:00Z show
2026-04-30T07:48:00Z list
2026-04-30T07:48:00Z add
2026-04-30T07:48:00Z ready
2026-04-30T07:52:07Z show
2026-04-30T07:52:07Z list
2026-04-30T07:52:07Z add
2026-04-30T07:52:07Z show
2026-04-30T07:52:07Z list
2026-04-30T07:52:07Z add
2026-04-30T07:52:07Z show
2026-04-30T07:52:07Z list
2026-04-30T07:52:07Z add
2026-04-30T07:52:07Z ready
2026-04-30T07:55:53Z show
2026-04-30T07:55:53Z list
2026-04-30T07:55:53Z add
2026-04-30T07:55:53Z show
2026-04-30T07:55:53Z list
2026-04-30T07:55:53Z add
2026-04-30T07:55:53Z show
2026-04-30T07:55:53Z list
2026-04-30T07:55:53Z add
2026-04-30T07:55:53Z ready
2026-04-30T08:00:03Z show
2026-04-30T08:00:03Z list
2026-04-30T08:00:03Z add
2026-04-30T08:00:03Z show
2026-04-30T08:00:03Z list
2026-04-30T08:00:03Z add
2026-04-30T08:00:03Z show
2026-04-30T08:00:03Z list
2026-04-30T08:00:03Z add
2026-04-30T08:00:03Z ready
2026-04-30T08:03:21Z show
2026-04-30T08:03:21Z list
2026-04-30T08:03:21Z add
2026-04-30T08:03:21Z show
2026-04-30T08:03:21Z list
2026-04-30T08:03:21Z add
2026-04-30T08:03:21Z show
2026-04-30T08:03:21Z list
2026-04-30T08:03:21Z add
2026-04-30T08:03:21Z ready
2026-04-30T08:06:31Z show
2026-04-30T08:06:31Z list
2026-04-30T08:06:31Z add
2026-04-30T08:06:31Z show
2026-04-30T08:06:31Z list
2026-04-30T08:06:31Z add
2026-04-30T08:06:31Z show
2026-04-30T08:06:31Z list
2026-04-30T08:06:31Z add
2026-04-30T08:06:31Z ready
2026-04-30T08:10:02Z show
2026-04-30T08:10:02Z list
2026-04-30T08:10:02Z add
2026-04-30T08:10:02Z show
2026-04-30T08:10:02Z list
2026-04-30T08:10:02Z add
2026-04-30T08:10:02Z show
2026-04-30T08:10:02Z list
2026-04-30T08:10:02Z add
2026-04-30T08:10:02Z ready
2026-04-30T08:13:16Z show
2026-04-30T08:13:16Z list
2026-04-30T08:13:16Z add
2026-04-30T08:13:16Z show
2026-04-30T08:13:16Z list
2026-04-30T08:13:16Z add
2026-04-30T08:13:16Z show
2026-04-30T08:13:16Z list
2026-04-30T08:13:16Z add
2026-04-30T08:13:16Z ready
2026-04-30T08:16:38Z show
2026-04-30T08:16:38Z list
2026-04-30T08:16:38Z add
2026-04-30T08:16:38Z show
2026-04-30T08:16:38Z list
2026-04-30T08:16:38Z add
2026-04-30T08:16:38Z show
2026-04-30T08:16:38Z list
2026-04-30T08:16:38Z add
2026-04-30T08:16:38Z ready
2026-04-30T08:19:55Z show
2026-04-30T08:19:55Z list
2026-04-30T08:19:55Z add
2026-04-30T08:19:55Z show
2026-04-30T08:19:55Z list
2026-04-30T08:19:55Z add
2026-04-30T08:19:55Z show
2026-04-30T08:19:55Z list
2026-04-30T08:19:55Z add
2026-04-30T08:19:55Z ready
2026-04-30T08:22:59Z show
2026-04-30T08:22:59Z list
2026-04-30T08:22:59Z add
2026-04-30T08:22:59Z show
2026-04-30T08:22:59Z list
2026-04-30T08:22:59Z add
2026-04-30T08:22:59Z show
2026-04-30T08:22:59Z list
2026-04-30T08:22:59Z add
2026-04-30T08:22:59Z ready
2026-04-30T08:26:17Z show
2026-04-30T08:26:17Z list
2026-04-30T08:26:17Z add
2026-04-30T08:26:17Z show
2026-04-30T08:26:17Z list
2026-04-30T08:26:17Z add
2026-04-30T08:26:17Z show
2026-04-30T08:26:17Z list
2026-04-30T08:26:17Z add
2026-04-30T08:26:17Z ready
2026-04-30T08:29:25Z show
2026-04-30T08:29:25Z list
2026-04-30T08:29:25Z add
2026-04-30T08:29:25Z show
2026-04-30T08:29:25Z list
2026-04-30T08:29:25Z add
2026-04-30T08:29:25Z show
2026-04-30T08:29:25Z list
2026-04-30T08:29:25Z add
2026-04-30T08:29:25Z ready
2026-04-30T08:32:42Z show
2026-04-30T08:32:42Z list
2026-04-30T08:32:42Z add
2026-04-30T08:32:42Z show
2026-04-30T08:32:42Z list
2026-04-30T08:32:42Z add
2026-04-30T08:32:42Z show
2026-04-30T08:32:42Z list
2026-04-30T08:32:42Z add
2026-04-30T08:32:42Z ready
2026-04-30T08:35:58Z show
2026-04-30T08:35:58Z list
2026-04-30T08:35:58Z add
2026-04-30T08:35:58Z show
2026-04-30T08:35:58Z list
2026-04-30T08:35:58Z add
2026-04-30T08:35:58Z show
2026-04-30T08:35:58Z list
2026-04-30T08:35:58Z add
2026-04-30T08:35:58Z ready
2026-04-30T08:39:03Z show
2026-04-30T08:39:03Z list
2026-04-30T08:39:03Z add
2026-04-30T08:39:03Z show
2026-04-30T08:39:03Z list
2026-04-30T08:39:03Z add
2026-04-30T08:39:03Z show
2026-04-30T08:39:03Z list
2026-04-30T08:39:03Z add
2026-04-30T08:39:03Z ready
2026-04-30T08:42:18Z show
2026-04-30T08:42:18Z list
2026-04-30T08:42:18Z add
2026-04-30T08:42:18Z show
2026-04-30T08:42:18Z list
2026-04-30T08:42:18Z add
2026-04-30T08:42:18Z show
2026-04-30T08:42:18Z list
2026-04-30T08:42:18Z add
2026-04-30T08:42:19Z ready
2026-04-30T08:45:44Z show
2026-04-30T08:45:44Z list
2026-04-30T08:45:44Z add
2026-04-30T08:45:44Z show
2026-04-30T08:45:44Z list
2026-04-30T08:45:44Z add
2026-04-30T08:45:44Z show
2026-04-30T08:45:44Z list
2026-04-30T08:45:44Z add
2026-04-30T08:45:44Z ready
2026-04-30T08:48:49Z show
2026-04-30T08:48:49Z list
2026-04-30T08:48:49Z add
2026-04-30T08:48:49Z show
2026-04-30T08:48:49Z list
2026-04-30T08:48:49Z add
2026-04-30T08:48:49Z show
2026-04-30T08:48:49Z list
2026-04-30T08:48:49Z add
2026-04-30T08:48:49Z ready
2026-04-30T08:51:58Z show
2026-04-30T08:51:58Z list
2026-04-30T08:51:58Z add
2026-04-30T08:51:58Z show
2026-04-30T08:51:58Z list
2026-04-30T08:51:58Z add
2026-04-30T08:51:58Z show
2026-04-30T08:51:58Z list
2026-04-30T08:51:58Z add
2026-04-30T08:51:58Z ready
2026-04-30T08:55:10Z show
2026-04-30T08:55:10Z list
2026-04-30T08:55:10Z add
2026-04-30T08:55:10Z show
2026-04-30T08:55:10Z list
2026-04-30T08:55:10Z add
2026-04-30T08:55:10Z show
2026-04-30T08:55:10Z list
2026-04-30T08:55:10Z add
2026-04-30T08:55:10Z ready
2026-04-30T08:58:24Z show
2026-04-30T08:58:24Z list
2026-04-30T08:58:24Z add
2026-04-30T08:58:24Z show
2026-04-30T08:58:24Z list
2026-04-30T08:58:24Z add
2026-04-30T08:58:24Z show
2026-04-30T08:58:24Z list
2026-04-30T08:58:24Z add
2026-04-30T08:58:24Z ready
2026-04-30T09:01:37Z show
2026-04-30T09:01:37Z list
2026-04-30T09:01:37Z add
2026-04-30T09:01:37Z show
2026-04-30T09:01:37Z list
2026-04-30T09:01:37Z add
2026-04-30T09:01:37Z show
2026-04-30T09:01:37Z list
2026-04-30T09:01:37Z add
2026-04-30T09:01:38Z ready
2026-04-30T09:04:53Z show
2026-04-30T09:04:53Z list
2026-04-30T09:04:53Z add
2026-04-30T09:04:53Z show
2026-04-30T09:04:53Z list
2026-04-30T09:04:53Z add
2026-04-30T09:04:53Z show
2026-04-30T09:04:53Z list
2026-04-30T09:04:53Z add
2026-04-30T09:04:53Z ready
2026-04-30T09:08:07Z show
2026-04-30T09:08:07Z list
2026-04-30T09:08:07Z add
2026-04-30T09:08:07Z show
2026-04-30T09:08:07Z list
2026-04-30T09:08:07Z add
2026-04-30T09:08:07Z show
2026-04-30T09:08:07Z list
2026-04-30T09:08:07Z add
2026-04-30T09:08:08Z ready
2026-04-30T09:11:37Z show
2026-04-30T09:11:37Z list
2026-04-30T09:11:37Z add
2026-04-30T09:11:37Z show
2026-04-30T09:11:37Z list
2026-04-30T09:11:37Z add
2026-04-30T09:11:37Z show
2026-04-30T09:11:37Z list
2026-04-30T09:11:37Z add
2026-04-30T09:11:37Z ready
2026-04-30T09:16:07Z show
2026-04-30T09:16:07Z list
2026-04-30T09:16:07Z add
2026-04-30T09:16:07Z show
2026-04-30T09:16:07Z list
2026-04-30T09:16:07Z add
2026-04-30T09:16:07Z show
2026-04-30T09:16:07Z list
2026-04-30T09:16:07Z add
2026-04-30T09:16:07Z ready
2026-04-30T09:19:08Z show
2026-04-30T09:19:08Z list
2026-04-30T09:19:08Z add
2026-04-30T09:19:08Z show
2026-04-30T09:19:08Z list
2026-04-30T09:19:08Z add
2026-04-30T09:19:08Z show
2026-04-30T09:19:08Z list
2026-04-30T09:19:08Z add
2026-04-30T09:19:08Z ready
2026-04-30T09:22:13Z show
2026-04-30T09:22:13Z list
2026-04-30T09:22:13Z add
2026-04-30T09:22:13Z show
2026-04-30T09:22:13Z list
2026-04-30T09:22:13Z add
2026-04-30T09:22:13Z show
2026-04-30T09:22:13Z list
2026-04-30T09:22:13Z add
2026-04-30T09:22:13Z ready
2026-04-30T09:25:31Z show
2026-04-30T09:25:31Z list
2026-04-30T09:25:31Z add
2026-04-30T09:25:31Z show
2026-04-30T09:25:31Z list
2026-04-30T09:25:31Z add
2026-04-30T09:25:31Z show
2026-04-30T09:25:31Z list
2026-04-30T09:25:31Z add
2026-04-30T09:25:31Z ready
2026-04-30T09:28:34Z show
2026-04-30T09:28:34Z list
2026-04-30T09:28:34Z add
2026-04-30T09:28:34Z show
2026-04-30T09:28:34Z list
2026-04-30T09:28:34Z add
2026-04-30T09:28:34Z show
2026-04-30T09:28:34Z list
2026-04-30T09:28:34Z add
2026-04-30T09:28:34Z ready
2026-04-30T09:31:36Z show
2026-04-30T09:31:36Z list
2026-04-30T09:31:36Z add
2026-04-30T09:31:36Z show
2026-04-30T09:31:36Z list
2026-04-30T09:31:36Z add
2026-04-30T09:31:36Z show
2026-04-30T09:31:36Z list
2026-04-30T09:31:36Z add
2026-04-30T09:31:36Z ready
2026-04-30T09:34:45Z show
2026-04-30T09:34:45Z list
2026-04-30T09:34:45Z add
2026-04-30T09:34:45Z show
2026-04-30T09:34:45Z list
2026-04-30T09:34:45Z add
2026-04-30T09:34:45Z show
2026-04-30T09:34:45Z list
2026-04-30T09:34:45Z add
2026-04-30T09:34:45Z ready
2026-04-30T09:37:44Z show
2026-04-30T09:37:44Z list
2026-04-30T09:37:44Z add
2026-04-30T09:37:44Z show
2026-04-30T09:37:44Z list
2026-04-30T09:37:44Z add
2026-04-30T09:37:44Z show
2026-04-30T09:37:44Z list
2026-04-30T09:37:44Z add
2026-04-30T09:37:44Z ready
2026-04-30T09:40:48Z show
2026-04-30T09:40:48Z list
2026-04-30T09:40:48Z add
2026-04-30T09:40:48Z show
2026-04-30T09:40:48Z list
2026-04-30T09:40:48Z add
2026-04-30T09:40:48Z show
2026-04-30T09:40:48Z list
2026-04-30T09:40:48Z add
2026-04-30T09:40:48Z ready
2026-04-30T09:44:03Z show
2026-04-30T09:44:03Z list
2026-04-30T09:44:03Z add
2026-04-30T09:44:03Z show
2026-04-30T09:44:03Z list
2026-04-30T09:44:03Z add
2026-04-30T09:44:03Z show
2026-04-30T09:44:03Z list
2026-04-30T09:44:03Z add
2026-04-30T09:44:03Z ready
2026-04-30T09:47:08Z show
2026-04-30T09:47:08Z list
2026-04-30T09:47:08Z add
2026-04-30T09:47:08Z show
2026-04-30T09:47:08Z list
2026-04-30T09:47:08Z add
2026-04-30T09:47:08Z show
2026-04-30T09:47:08Z list
2026-04-30T09:47:08Z add
2026-04-30T09:47:08Z ready
2026-04-30T09:52:12Z show
2026-04-30T09:52:12Z list
2026-04-30T09:52:12Z add
2026-04-30T09:52:12Z show
2026-04-30T09:52:12Z list
2026-04-30T09:52:12Z add
2026-04-30T09:52:12Z show
2026-04-30T09:52:12Z list
2026-04-30T09:52:12Z add
2026-04-30T09:52:13Z ready
2026-04-30T09:55:25Z show
2026-04-30T09:55:25Z list
2026-04-30T09:55:25Z add
2026-04-30T09:55:25Z show
2026-04-30T09:55:25Z list
2026-04-30T09:55:25Z add
2026-04-30T09:55:25Z show
2026-04-30T09:55:25Z list
2026-04-30T09:55:25Z add
2026-04-30T09:55:25Z ready
2026-04-30T09:58:24Z show
2026-04-30T09:58:24Z list
2026-04-30T09:58:24Z add
2026-04-30T09:58:24Z show
2026-04-30T09:58:24Z list
2026-04-30T09:58:24Z add
2026-04-30T09:58:24Z show
2026-04-30T09:58:24Z list
2026-04-30T09:58:24Z add
2026-04-30T09:58:24Z ready
2026-04-30T10:01:24Z show
2026-04-30T10:01:24Z list
2026-04-30T10:01:24Z add
2026-04-30T10:01:24Z show
2026-04-30T10:01:24Z list
2026-04-30T10:01:24Z add
2026-04-30T10:01:24Z show
2026-04-30T10:01:24Z list
2026-04-30T10:01:24Z add
2026-04-30T10:01:24Z ready
2026-04-30T10:04:45Z show
2026-04-30T10:04:45Z list
2026-04-30T10:04:45Z add
2026-04-30T10:04:45Z show
2026-04-30T10:04:45Z list
2026-04-30T10:04:45Z add
2026-04-30T10:04:45Z show
2026-04-30T10:04:45Z list
2026-04-30T10:04:45Z add
2026-04-30T10:04:45Z ready
2026-04-30T10:07:47Z show
2026-04-30T10:07:47Z list
2026-04-30T10:07:47Z add
2026-04-30T10:07:47Z show
2026-04-30T10:07:47Z list
2026-04-30T10:07:47Z add
2026-04-30T10:07:47Z show
2026-04-30T10:07:47Z list
2026-04-30T10:07:47Z add
2026-04-30T10:07:47Z ready
2026-04-30T10:10:45Z show
2026-04-30T10:10:45Z list
2026-04-30T10:10:45Z add
2026-04-30T10:10:45Z show
2026-04-30T10:10:45Z list
2026-04-30T10:10:45Z add
2026-04-30T10:10:45Z show
2026-04-30T10:10:45Z list
2026-04-30T10:10:45Z add
2026-04-30T10:10:45Z ready
2026-04-30T10:13:56Z show
2026-04-30T10:13:56Z list
2026-04-30T10:13:56Z add
2026-04-30T10:13:56Z show
2026-04-30T10:13:56Z list
2026-04-30T10:13:56Z add
2026-04-30T10:13:56Z show
2026-04-30T10:13:56Z list
2026-04-30T10:13:56Z add
2026-04-30T10:13:57Z ready
2026-04-30T10:18:05Z show
2026-04-30T10:18:05Z list
2026-04-30T10:18:05Z add
2026-04-30T10:18:05Z show
2026-04-30T10:18:05Z list
2026-04-30T10:18:05Z add
2026-04-30T10:18:05Z show
2026-04-30T10:18:05Z list
2026-04-30T10:18:05Z add
2026-04-30T10:18:05Z ready
2026-04-30T10:21:10Z show
2026-04-30T10:21:10Z list
2026-04-30T10:21:10Z add
2026-04-30T10:21:10Z show
2026-04-30T10:21:10Z list
2026-04-30T10:21:10Z add
2026-04-30T10:21:10Z show
2026-04-30T10:21:10Z list
2026-04-30T10:21:10Z add
2026-04-30T10:21:10Z ready
2026-04-30T10:24:19Z show
2026-04-30T10:24:19Z list
2026-04-30T10:24:19Z add
2026-04-30T10:24:19Z show
2026-04-30T10:24:19Z list
2026-04-30T10:24:19Z add
2026-04-30T10:24:19Z show
2026-04-30T10:24:19Z list
2026-04-30T10:24:19Z add
2026-04-30T10:24:19Z ready
2026-04-30T10:27:14Z show
2026-04-30T10:27:14Z list
2026-04-30T10:27:14Z add
2026-04-30T10:27:14Z show
2026-04-30T10:27:14Z list
2026-04-30T10:27:14Z add
2026-04-30T10:27:14Z show
2026-04-30T10:27:14Z list
2026-04-30T10:27:14Z add
2026-04-30T10:27:14Z ready
2026-04-30T10:30:14Z show
2026-04-30T10:30:14Z list
2026-04-30T10:30:14Z add
2026-04-30T10:30:14Z show
2026-04-30T10:30:14Z list
2026-04-30T10:30:14Z add
2026-04-30T10:30:14Z show
2026-04-30T10:30:14Z list
2026-04-30T10:30:14Z add
2026-04-30T10:30:15Z ready
2026-04-30T10:33:32Z show
2026-04-30T10:33:32Z list
2026-04-30T10:33:32Z add
2026-04-30T10:33:32Z show
2026-04-30T10:33:32Z list
2026-04-30T10:33:32Z add
2026-04-30T10:33:32Z show
2026-04-30T10:33:32Z list
2026-04-30T10:33:32Z add
2026-04-30T10:33:32Z ready
2026-04-30T10:36:30Z show
2026-04-30T10:36:30Z list
2026-04-30T10:36:30Z add
2026-04-30T10:36:30Z show
2026-04-30T10:36:30Z list
2026-04-30T10:36:30Z add
2026-04-30T10:36:30Z show
2026-04-30T10:36:30Z list
2026-04-30T10:36:30Z add
2026-04-30T10:36:30Z ready
2026-04-30T10:40:31Z show
2026-04-30T10:40:31Z list
2026-04-30T10:40:31Z add
2026-04-30T10:40:31Z show
2026-04-30T10:40:31Z list
2026-04-30T10:40:31Z add
2026-04-30T10:40:31Z show
2026-04-30T10:40:31Z list
2026-04-30T10:40:31Z add
2026-04-30T10:40:31Z ready
2026-04-30T10:43:38Z show
2026-04-30T10:43:38Z list
2026-04-30T10:43:38Z add
2026-04-30T10:43:38Z show
2026-04-30T10:43:38Z list
2026-04-30T10:43:38Z add
2026-04-30T10:43:38Z show
2026-04-30T10:43:38Z list
2026-04-30T10:43:38Z add
2026-04-30T10:43:38Z ready
2026-04-30T10:46:44Z show
2026-04-30T10:46:44Z list
2026-04-30T10:46:44Z add
2026-04-30T10:46:44Z show
2026-04-30T10:46:44Z list
2026-04-30T10:46:44Z add
2026-04-30T10:46:44Z show
2026-04-30T10:46:44Z list
2026-04-30T10:46:44Z add
2026-04-30T10:46:44Z ready
2026-04-30T10:49:42Z show
2026-04-30T10:49:42Z list
2026-04-30T10:49:42Z add
2026-04-30T10:49:42Z show
2026-04-30T10:49:42Z list
2026-04-30T10:49:42Z add
2026-04-30T10:49:42Z show
2026-04-30T10:49:42Z list
2026-04-30T10:49:42Z add
2026-04-30T10:49:42Z ready
2026-04-30T10:52:54Z show
2026-04-30T10:52:54Z list
2026-04-30T10:52:54Z add
2026-04-30T10:52:54Z show
2026-04-30T10:52:54Z list
2026-04-30T10:52:54Z add
2026-04-30T10:52:54Z show
2026-04-30T10:52:54Z list
2026-04-30T10:52:54Z add
2026-04-30T10:52:55Z ready
2026-04-30T10:56:01Z show
2026-04-30T10:56:01Z list
2026-04-30T10:56:01Z add
2026-04-30T10:56:01Z show
2026-04-30T10:56:01Z list
2026-04-30T10:56:01Z add
2026-04-30T10:56:01Z show
2026-04-30T10:56:01Z list
2026-04-30T10:56:01Z add
2026-04-30T10:56:01Z ready
2026-04-30T10:59:00Z show
2026-04-30T10:59:00Z list
2026-04-30T10:59:00Z add
2026-04-30T10:59:00Z show
2026-04-30T10:59:00Z list
2026-04-30T10:59:00Z add
2026-04-30T10:59:00Z show
2026-04-30T10:59:00Z list
2026-04-30T10:59:00Z add
2026-04-30T10:59:01Z ready
2026-04-30T11:02:16Z show
2026-04-30T11:02:16Z list
2026-04-30T11:02:16Z add
2026-04-30T11:02:16Z show
2026-04-30T11:02:16Z list
2026-04-30T11:02:16Z add
2026-04-30T11:02:16Z show
2026-04-30T11:02:16Z list
2026-04-30T11:02:16Z add
2026-04-30T11:02:17Z ready
2026-04-30T11:05:14Z show
2026-04-30T11:05:14Z list
2026-04-30T11:05:14Z add
2026-04-30T11:05:14Z show
2026-04-30T11:05:14Z list
2026-04-30T11:05:14Z add
2026-04-30T11:05:14Z show
2026-04-30T11:05:14Z list
2026-04-30T11:05:14Z add
2026-04-30T11:05:14Z ready
2026-04-30T11:08:14Z show
2026-04-30T11:08:14Z list
2026-04-30T11:08:14Z add
2026-04-30T11:08:14Z show
2026-04-30T11:08:14Z list
2026-04-30T11:08:14Z add
2026-04-30T11:08:14Z show
2026-04-30T11:08:14Z list
2026-04-30T11:08:14Z add
2026-04-30T11:08:14Z ready
2026-04-30T11:11:23Z show
2026-04-30T11:11:23Z list
2026-04-30T11:11:23Z add
2026-04-30T11:11:23Z show
2026-04-30T11:11:23Z list
2026-04-30T11:11:23Z add
2026-04-30T11:11:23Z show
2026-04-30T11:11:23Z list
2026-04-30T11:11:23Z add
2026-04-30T11:11:23Z ready
2026-04-30T11:15:26Z show
2026-04-30T11:15:26Z list
2026-04-30T11:15:26Z add
2026-04-30T11:15:26Z show
2026-04-30T11:15:26Z list
2026-04-30T11:15:26Z add
2026-04-30T11:15:26Z show
2026-04-30T11:15:26Z list
2026-04-30T11:15:26Z add
2026-04-30T11:15:27Z ready
2026-04-30T11:18:31Z show
2026-04-30T11:18:31Z list
2026-04-30T11:18:31Z add
2026-04-30T11:18:31Z show
2026-04-30T11:18:31Z list
2026-04-30T11:18:31Z add
2026-04-30T11:18:31Z show
2026-04-30T11:18:31Z list
2026-04-30T11:18:31Z add
2026-04-30T11:18:32Z ready
2026-04-30T11:21:39Z show
2026-04-30T11:21:39Z list
2026-04-30T11:21:39Z add
2026-04-30T11:21:39Z show
2026-04-30T11:21:40Z list
2026-04-30T11:21:40Z add
2026-04-30T11:21:40Z show
2026-04-30T11:21:40Z list
2026-04-30T11:21:40Z add
2026-04-30T11:21:40Z ready
2026-04-30T11:24:42Z show
2026-04-30T11:24:42Z list
2026-04-30T11:24:42Z add
2026-04-30T11:24:42Z show
2026-04-30T11:24:42Z list
2026-04-30T11:24:42Z add
2026-04-30T11:24:42Z show
2026-04-30T11:24:42Z list
2026-04-30T11:24:42Z add
2026-04-30T11:24:42Z ready
2026-04-30T11:27:51Z show
2026-04-30T11:27:51Z list
2026-04-30T11:27:51Z add
2026-04-30T11:27:51Z show
2026-04-30T11:27:51Z list
2026-04-30T11:27:51Z add
2026-04-30T11:27:51Z show
2026-04-30T11:27:51Z list
2026-04-30T11:27:51Z add
2026-04-30T11:27:51Z ready
2026-04-30T11:31:13Z show
2026-04-30T11:31:13Z list
2026-04-30T11:31:13Z add
2026-04-30T11:31:13Z show
2026-04-30T11:31:13Z list
2026-04-30T11:31:13Z add
2026-04-30T11:31:13Z show
2026-04-30T11:31:13Z list
2026-04-30T11:31:13Z add
2026-04-30T11:31:13Z ready
2026-04-30T11:34:20Z show
2026-04-30T11:34:20Z list
2026-04-30T11:34:20Z add
2026-04-30T11:34:20Z show
2026-04-30T11:34:20Z list
2026-04-30T11:34:20Z add
2026-04-30T11:34:20Z show
2026-04-30T11:34:20Z list
2026-04-30T11:34:20Z add
2026-04-30T11:34:20Z ready
2026-04-30T11:37:18Z show
2026-04-30T11:37:18Z list
2026-04-30T11:37:18Z add
2026-04-30T11:37:18Z show
2026-04-30T11:37:18Z list
2026-04-30T11:37:18Z add
2026-04-30T11:37:18Z show
2026-04-30T11:37:18Z list
2026-04-30T11:37:18Z add
2026-04-30T11:37:18Z ready
2026-04-30T11:40:24Z show
2026-04-30T11:40:24Z list
2026-04-30T11:40:24Z add
2026-04-30T11:40:24Z show
2026-04-30T11:40:24Z list
2026-04-30T11:40:24Z add
2026-04-30T11:40:24Z show
2026-04-30T11:40:24Z list
2026-04-30T11:40:24Z add
2026-04-30T11:40:24Z ready
2026-04-30T11:43:22Z show
2026-04-30T11:43:22Z list
2026-04-30T11:43:22Z add
2026-04-30T11:43:22Z show
2026-04-30T11:43:22Z list
2026-04-30T11:43:22Z add
2026-04-30T11:43:22Z show
2026-04-30T11:43:22Z list
2026-04-30T11:43:22Z add
2026-04-30T11:43:22Z ready
2026-04-30T11:46:29Z show
2026-04-30T11:46:29Z list
2026-04-30T11:46:29Z add
2026-04-30T11:46:29Z show
2026-04-30T11:46:29Z list
2026-04-30T11:46:29Z add
2026-04-30T11:46:29Z show
2026-04-30T11:46:29Z list
2026-04-30T11:46:29Z add
2026-04-30T11:46:29Z ready
2026-04-30T11:49:38Z show
2026-04-30T11:49:38Z list
2026-04-30T11:49:38Z add
2026-04-30T11:49:38Z show
2026-04-30T11:49:38Z list
2026-04-30T11:49:38Z add
2026-04-30T11:49:38Z show
2026-04-30T11:49:38Z list
2026-04-30T11:49:38Z add
2026-04-30T11:49:38Z ready
2026-04-30T11:52:50Z show
2026-04-30T11:52:50Z list
2026-04-30T11:52:50Z add
2026-04-30T11:52:50Z show
2026-04-30T11:52:50Z list
2026-04-30T11:52:50Z add
2026-04-30T11:52:50Z show
2026-04-30T11:52:50Z list
2026-04-30T11:52:50Z add
2026-04-30T11:52:50Z ready
2026-04-30T11:55:55Z show
2026-04-30T11:55:55Z list
2026-04-30T11:55:55Z add
2026-04-30T11:55:55Z show
2026-04-30T11:55:55Z list
2026-04-30T11:55:55Z add
2026-04-30T11:55:55Z show
2026-04-30T11:55:55Z list
2026-04-30T11:55:55Z add
2026-04-30T11:55:55Z ready
2026-04-30T11:59:03Z show
2026-04-30T11:59:03Z list
2026-04-30T11:59:03Z add
2026-04-30T11:59:03Z show
2026-04-30T11:59:03Z list
2026-04-30T11:59:03Z add
2026-04-30T11:59:03Z show
2026-04-30T11:59:03Z list
2026-04-30T11:59:03Z add
2026-04-30T11:59:03Z ready
2026-04-30T12:02:01Z show
2026-04-30T12:02:01Z list
2026-04-30T12:02:01Z add
2026-04-30T12:02:01Z show
2026-04-30T12:02:01Z list
2026-04-30T12:02:01Z add
2026-04-30T12:02:01Z show
2026-04-30T12:02:01Z list
2026-04-30T12:02:01Z add
2026-04-30T12:02:01Z ready
2026-04-30T12:04:54Z show
2026-04-30T12:04:54Z list
2026-04-30T12:04:54Z add
2026-04-30T12:04:54Z show
2026-04-30T12:04:54Z list
2026-04-30T12:04:54Z add
2026-04-30T12:04:54Z show
2026-04-30T12:04:54Z list
2026-04-30T12:04:54Z add
2026-04-30T12:04:54Z ready
2026-04-30T12:08:04Z show
2026-04-30T12:08:04Z list
2026-04-30T12:08:04Z add
2026-04-30T12:08:04Z show
2026-04-30T12:08:04Z list
2026-04-30T12:08:04Z add
2026-04-30T12:08:04Z show
2026-04-30T12:08:04Z list
2026-04-30T12:08:04Z add
2026-04-30T12:08:04Z ready
2026-04-30T12:11:00Z show
2026-04-30T12:11:00Z list
2026-04-30T12:11:00Z add
2026-04-30T12:11:00Z show
2026-04-30T12:11:00Z list
2026-04-30T12:11:00Z add
2026-04-30T12:11:00Z show
2026-04-30T12:11:00Z list
2026-04-30T12:11:00Z add
2026-04-30T12:11:00Z ready
2026-04-30T12:14:00Z show
2026-04-30T12:14:00Z list
2026-04-30T12:14:00Z add
2026-04-30T12:14:00Z show
2026-04-30T12:14:00Z list
2026-04-30T12:14:00Z add
2026-04-30T12:14:00Z show
2026-04-30T12:14:00Z list
2026-04-30T12:14:00Z add
2026-04-30T12:14:00Z ready
2026-04-30T12:17:21Z show
2026-04-30T12:17:21Z list
2026-04-30T12:17:21Z add
2026-04-30T12:17:21Z show
2026-04-30T12:17:21Z list
2026-04-30T12:17:21Z add
2026-04-30T12:17:21Z show
2026-04-30T12:17:21Z list
2026-04-30T12:17:21Z add
2026-04-30T12:17:21Z ready
2026-04-30T12:20:20Z show
2026-04-30T12:20:20Z list
2026-04-30T12:20:20Z add
2026-04-30T12:20:20Z show
2026-04-30T12:20:20Z list
2026-04-30T12:20:20Z add
2026-04-30T12:20:20Z show
2026-04-30T12:20:20Z list
2026-04-30T12:20:20Z add
2026-04-30T12:20:20Z ready
2026-04-30T12:23:24Z show
2026-04-30T12:23:24Z list
2026-04-30T12:23:24Z add
2026-04-30T12:23:24Z show
2026-04-30T12:23:24Z list
2026-04-30T12:23:24Z add
2026-04-30T12:23:24Z show
2026-04-30T12:23:24Z list
2026-04-30T12:23:24Z add
2026-04-30T12:23:25Z ready
2026-04-30T12:26:36Z show
2026-04-30T12:26:36Z list
2026-04-30T12:26:36Z add
2026-04-30T12:26:36Z show
2026-04-30T12:26:36Z list
2026-04-30T12:26:36Z add
2026-04-30T12:26:36Z show
2026-04-30T12:26:36Z list
2026-04-30T12:26:36Z add
2026-04-30T12:26:36Z ready
2026-04-30T12:29:51Z show
2026-04-30T12:29:51Z list
2026-04-30T12:29:51Z add
2026-04-30T12:29:51Z show
2026-04-30T12:29:51Z list
2026-04-30T12:29:51Z add
2026-04-30T12:29:51Z show
2026-04-30T12:29:51Z list
2026-04-30T12:29:51Z add
2026-04-30T12:29:51Z ready
2026-04-30T12:32:50Z show
2026-04-30T12:32:50Z list
2026-04-30T12:32:50Z add
2026-04-30T12:32:50Z show
2026-04-30T12:32:50Z list
2026-04-30T12:32:50Z add
2026-04-30T12:32:50Z show
2026-04-30T12:32:50Z list
2026-04-30T12:32:50Z add
2026-04-30T12:32:50Z ready
2026-04-30T12:35:59Z show
2026-04-30T12:36:00Z list
2026-04-30T12:36:00Z add
2026-04-30T12:36:00Z show
2026-04-30T12:36:00Z list
2026-04-30T12:36:00Z add
2026-04-30T12:36:00Z show
2026-04-30T12:36:00Z list
2026-04-30T12:36:00Z add
2026-04-30T12:36:00Z ready
2026-04-30T12:39:10Z show
2026-04-30T12:39:10Z list
2026-04-30T12:39:10Z add
2026-04-30T12:39:10Z show
2026-04-30T12:39:10Z list
2026-04-30T12:39:10Z add
2026-04-30T12:39:10Z show
2026-04-30T12:39:10Z list
2026-04-30T12:39:10Z add
2026-04-30T12:39:10Z ready
2026-04-30T12:42:13Z show
2026-04-30T12:42:13Z list
2026-04-30T12:42:13Z add
2026-04-30T12:42:13Z show
2026-04-30T12:42:13Z list
2026-04-30T12:42:13Z add
2026-04-30T12:42:13Z show
2026-04-30T12:42:13Z list
2026-04-30T12:42:13Z add
2026-04-30T12:42:13Z ready
2026-04-30T12:45:29Z show
2026-04-30T12:45:29Z list
2026-04-30T12:45:29Z add
2026-04-30T12:45:29Z show
2026-04-30T12:45:29Z list
2026-04-30T12:45:29Z add
2026-04-30T12:45:29Z show
2026-04-30T12:45:29Z list
2026-04-30T12:45:29Z add
2026-04-30T12:45:30Z ready
2026-04-30T12:49:42Z show
2026-04-30T12:49:42Z list
2026-04-30T12:49:42Z add
2026-04-30T12:49:42Z show
2026-04-30T12:49:42Z list
2026-04-30T12:49:42Z add
2026-04-30T12:49:42Z show
2026-04-30T12:49:42Z list
2026-04-30T12:49:42Z add
2026-04-30T12:49:43Z ready
2026-04-30T12:52:45Z show
2026-04-30T12:52:45Z list
2026-04-30T12:52:45Z add
2026-04-30T12:52:45Z show
2026-04-30T12:52:45Z list
2026-04-30T12:52:45Z add
2026-04-30T12:52:45Z show
2026-04-30T12:52:45Z list
2026-04-30T12:52:45Z add
2026-04-30T12:52:45Z ready
2026-04-30T13:59:46Z show
2026-04-30T13:59:46Z list
2026-04-30T13:59:46Z add
2026-04-30T13:59:46Z show
2026-04-30T13:59:46Z list
2026-04-30T13:59:46Z add
2026-04-30T13:59:46Z show
2026-04-30T13:59:46Z list
2026-04-30T13:59:46Z add
2026-04-30T13:59:46Z ready
2026-04-30T14:02:44Z show
2026-04-30T14:02:44Z list
2026-04-30T14:02:44Z add
2026-04-30T14:02:44Z show
2026-04-30T14:02:44Z list
2026-04-30T14:02:44Z add
2026-04-30T14:02:44Z show
2026-04-30T14:02:44Z list
2026-04-30T14:02:44Z add
2026-04-30T14:02:45Z ready
2026-04-30T14:05:52Z show
2026-04-30T14:05:52Z list
2026-04-30T14:05:52Z add
2026-04-30T14:05:52Z show
2026-04-30T14:05:52Z list
2026-04-30T14:05:52Z add
2026-04-30T14:05:52Z show
2026-04-30T14:05:52Z list
2026-04-30T14:05:52Z add
2026-04-30T14:05:52Z ready
2026-04-30T14:09:13Z show
2026-04-30T14:09:13Z list
2026-04-30T14:09:13Z add
2026-04-30T14:09:13Z show
2026-04-30T14:09:13Z list
2026-04-30T14:09:13Z add
2026-04-30T14:09:13Z show
2026-04-30T14:09:13Z list
2026-04-30T14:09:13Z add
2026-04-30T14:09:14Z ready
2026-04-30T14:12:20Z show
2026-04-30T14:12:20Z list
2026-04-30T14:12:20Z add
2026-04-30T14:12:20Z show
2026-04-30T14:12:20Z list
2026-04-30T14:12:20Z add
2026-04-30T14:12:20Z show
2026-04-30T14:12:20Z list
2026-04-30T14:12:20Z add
2026-04-30T14:12:20Z ready
2026-04-30T14:15:29Z show
2026-04-30T14:15:29Z list
2026-04-30T14:15:29Z add
2026-04-30T14:15:29Z show
2026-04-30T14:15:29Z list
2026-04-30T14:15:29Z add
2026-04-30T14:15:29Z show
2026-04-30T14:15:29Z list
2026-04-30T14:15:29Z add
2026-04-30T14:15:29Z ready
2026-04-30T14:18:48Z show
2026-04-30T14:18:48Z list
2026-04-30T14:18:48Z add
2026-04-30T14:18:48Z show
2026-04-30T14:18:48Z list
2026-04-30T14:18:48Z add
2026-04-30T14:18:48Z show
2026-04-30T14:18:48Z list
2026-04-30T14:18:48Z add
2026-04-30T14:18:48Z ready
2026-04-30T14:21:44Z show
2026-04-30T14:21:44Z list
2026-04-30T14:21:44Z add
2026-04-30T14:21:44Z show
2026-04-30T14:21:44Z list
2026-04-30T14:21:44Z add
2026-04-30T14:21:44Z show
2026-04-30T14:21:44Z list
2026-04-30T14:21:44Z add
2026-04-30T14:21:44Z ready
2026-04-30T14:24:43Z show
2026-04-30T14:24:43Z list
2026-04-30T14:24:43Z add
2026-04-30T14:24:43Z show
2026-04-30T14:24:43Z list
2026-04-30T14:24:43Z add
2026-04-30T14:24:43Z show
2026-04-30T14:24:43Z list
2026-04-30T14:24:43Z add
2026-04-30T14:24:44Z ready
2026-04-30T14:28:56Z show
2026-04-30T14:28:56Z list
2026-04-30T14:28:56Z add
2026-04-30T14:28:56Z show
2026-04-30T14:28:56Z list
2026-04-30T14:28:56Z add
2026-04-30T14:28:56Z show
2026-04-30T14:28:56Z list
2026-04-30T14:28:56Z add
2026-04-30T14:28:56Z ready
2026-04-30T14:32:03Z show
2026-04-30T14:32:03Z list
2026-04-30T14:32:03Z add
2026-04-30T14:32:03Z show
2026-04-30T14:32:03Z list
2026-04-30T14:32:03Z add
2026-04-30T14:32:03Z show
2026-04-30T14:32:03Z list
2026-04-30T14:32:03Z add
2026-04-30T14:32:03Z ready
2026-04-30T14:35:07Z show
2026-04-30T14:35:07Z list
2026-04-30T14:35:07Z add
2026-04-30T14:35:07Z show
2026-04-30T14:35:07Z list
2026-04-30T14:35:07Z add
2026-04-30T14:35:07Z show
2026-04-30T14:35:07Z list
2026-04-30T14:35:07Z add
2026-04-30T14:35:07Z ready
2026-04-30T14:38:17Z show
2026-04-30T14:38:17Z list
2026-04-30T14:38:17Z add
2026-04-30T14:38:17Z show
2026-04-30T14:38:17Z list
2026-04-30T14:38:17Z add
2026-04-30T14:38:17Z show
2026-04-30T14:38:17Z list
2026-04-30T14:38:17Z add
2026-04-30T14:38:17Z ready
2026-04-30T14:41:25Z show
2026-04-30T14:41:25Z list
2026-04-30T14:41:25Z add
2026-04-30T14:41:25Z show
2026-04-30T14:41:25Z list
2026-04-30T14:41:25Z add
2026-04-30T14:41:25Z show
2026-04-30T14:41:25Z list
2026-04-30T14:41:25Z add
2026-04-30T14:41:25Z ready
2026-04-30T14:44:30Z show
2026-04-30T14:44:30Z list
2026-04-30T14:44:30Z add
2026-04-30T14:44:30Z show
2026-04-30T14:44:30Z list
2026-04-30T14:44:30Z add
2026-04-30T14:44:30Z show
2026-04-30T14:44:30Z list
2026-04-30T14:44:30Z add
2026-04-30T14:44:30Z ready
2026-04-30T14:47:42Z show
2026-04-30T14:47:42Z list
2026-04-30T14:47:42Z add
2026-04-30T14:47:42Z show
2026-04-30T14:47:42Z list
2026-04-30T14:47:42Z add
2026-04-30T14:47:42Z show
2026-04-30T14:47:42Z list
2026-04-30T14:47:42Z add
2026-04-30T14:47:42Z ready
2026-04-30T14:51:18Z show
2026-04-30T14:51:19Z list
2026-04-30T14:51:19Z add
2026-04-30T14:51:19Z show
2026-04-30T14:51:19Z list
2026-04-30T14:51:19Z add
2026-04-30T14:51:19Z show
2026-04-30T14:51:19Z list
2026-04-30T14:51:19Z add
2026-04-30T14:51:19Z ready
2026-04-30T14:55:23Z show
2026-04-30T14:55:23Z list
2026-04-30T14:55:23Z add
2026-04-30T14:55:23Z show
2026-04-30T14:55:23Z list
2026-04-30T14:55:23Z add
2026-04-30T14:55:23Z show
2026-04-30T14:55:23Z list
2026-04-30T14:55:23Z add
2026-04-30T14:55:24Z ready
2026-04-30T14:58:39Z show
2026-04-30T14:58:39Z list
2026-04-30T14:58:39Z add
2026-04-30T14:58:39Z show
2026-04-30T14:58:39Z list
2026-04-30T14:58:39Z add
2026-04-30T14:58:39Z show
2026-04-30T14:58:39Z list
2026-04-30T14:58:39Z add
2026-04-30T14:58:40Z ready
2026-04-30T15:01:48Z show
2026-04-30T15:01:48Z list
2026-04-30T15:01:48Z add
2026-04-30T15:01:48Z show
2026-04-30T15:01:48Z list
2026-04-30T15:01:48Z add
2026-04-30T15:01:48Z show
2026-04-30T15:01:48Z list
2026-04-30T15:01:48Z add
2026-04-30T15:01:48Z ready
2026-04-30T15:04:55Z show
2026-04-30T15:04:55Z list
2026-04-30T15:04:55Z add
2026-04-30T15:04:55Z show
2026-04-30T15:04:55Z list
2026-04-30T15:04:55Z add
2026-04-30T15:04:55Z show
2026-04-30T15:04:55Z list
2026-04-30T15:04:55Z add
2026-04-30T15:04:56Z ready
2026-04-30T15:08:16Z show
2026-04-30T15:08:16Z list
2026-04-30T15:08:16Z add
2026-04-30T15:08:16Z show
2026-04-30T15:08:16Z list
2026-04-30T15:08:16Z add
2026-04-30T15:08:16Z show
2026-04-30T15:08:16Z list
2026-04-30T15:08:16Z add
2026-04-30T15:08:16Z ready
2026-04-30T15:11:23Z show
2026-04-30T15:11:23Z list
2026-04-30T15:11:23Z add
2026-04-30T15:11:23Z show
2026-04-30T15:11:23Z list
2026-04-30T15:11:23Z add
2026-04-30T15:11:23Z show
2026-04-30T15:11:23Z list
2026-04-30T15:11:23Z add
2026-04-30T15:11:23Z ready
2026-04-30T15:14:46Z show
2026-04-30T15:14:46Z list
2026-04-30T15:14:46Z add
2026-04-30T15:14:46Z show
2026-04-30T15:14:46Z list
2026-04-30T15:14:46Z add
2026-04-30T15:14:46Z show
2026-04-30T15:14:46Z list
2026-04-30T15:14:46Z add
2026-04-30T15:14:46Z ready
2026-04-30T15:18:33Z show
2026-04-30T15:18:33Z list
2026-04-30T15:18:33Z add
2026-04-30T15:18:33Z show
2026-04-30T15:18:33Z list
2026-04-30T15:18:33Z add
2026-04-30T15:18:34Z show
2026-04-30T15:18:34Z list
2026-04-30T15:18:34Z add
2026-04-30T15:18:34Z ready
2026-04-30T15:21:50Z show
2026-04-30T15:21:50Z list
2026-04-30T15:21:50Z add
2026-04-30T15:21:50Z show
2026-04-30T15:21:50Z list
2026-04-30T15:21:50Z add
2026-04-30T15:21:50Z show
2026-04-30T15:21:50Z list
2026-04-30T15:21:50Z add
2026-04-30T15:21:51Z ready
2026-04-30T15:26:02Z show
2026-04-30T15:26:02Z list
2026-04-30T15:26:02Z add
2026-04-30T15:26:02Z show
2026-04-30T15:26:02Z list
2026-04-30T15:26:02Z add
2026-04-30T15:26:02Z show
2026-04-30T15:26:02Z list
2026-04-30T15:26:02Z add
2026-04-30T15:26:02Z ready
2026-04-30T15:29:36Z show
2026-04-30T15:29:36Z list
2026-04-30T15:29:36Z add
2026-04-30T15:29:36Z show
2026-04-30T15:29:36Z list
2026-04-30T15:29:36Z add
2026-04-30T15:29:36Z show
2026-04-30T15:29:36Z list
2026-04-30T15:29:36Z add
2026-04-30T15:29:36Z ready
2026-04-30T15:32:42Z show
2026-04-30T15:32:42Z list
2026-04-30T15:32:42Z add
2026-04-30T15:32:42Z show
2026-04-30T15:32:42Z list
2026-04-30T15:32:42Z add
2026-04-30T15:32:42Z show
2026-04-30T15:32:42Z list
2026-04-30T15:32:42Z add
2026-04-30T15:32:43Z ready
2026-04-30T15:36:08Z show
2026-04-30T15:36:08Z list
2026-04-30T15:36:08Z add
2026-04-30T15:36:08Z show
2026-04-30T15:36:08Z list
2026-04-30T15:36:08Z add
2026-04-30T15:36:08Z show
2026-04-30T15:36:08Z list
2026-04-30T15:36:08Z add
2026-04-30T15:36:08Z ready
2026-04-30T15:39:36Z show
2026-04-30T15:39:36Z list
2026-04-30T15:39:36Z add
2026-04-30T15:39:36Z show
2026-04-30T15:39:36Z list
2026-04-30T15:39:36Z add
2026-04-30T15:39:36Z show
2026-04-30T15:39:36Z list
2026-04-30T15:39:36Z add
2026-04-30T15:39:36Z ready
2026-04-30T15:42:36Z show
2026-04-30T15:42:36Z list
2026-04-30T15:42:36Z add
2026-04-30T15:42:36Z show
2026-04-30T15:42:36Z list
2026-04-30T15:42:36Z add
2026-04-30T15:42:36Z show
2026-04-30T15:42:36Z list
2026-04-30T15:42:36Z add
2026-04-30T15:42:36Z ready
2026-04-30T15:45:36Z show
2026-04-30T15:45:36Z list
2026-04-30T15:45:36Z add
2026-04-30T15:45:36Z show
2026-04-30T15:45:36Z list
2026-04-30T15:45:36Z add
2026-04-30T15:45:36Z show
2026-04-30T15:45:36Z list
2026-04-30T15:45:36Z add
2026-04-30T15:45:36Z ready
2026-04-30T19:08:24Z show
2026-04-30T19:08:24Z list
2026-04-30T19:08:24Z add
2026-04-30T19:08:24Z show
2026-04-30T19:08:24Z list
2026-04-30T19:08:24Z add
2026-04-30T19:08:24Z show
2026-04-30T19:08:24Z list
2026-04-30T19:08:24Z add
2026-04-30T19:08:25Z ready
2026-04-30T19:12:02Z show
2026-04-30T19:12:02Z list
2026-04-30T19:12:02Z add
2026-04-30T19:12:02Z show
2026-04-30T19:12:02Z list
2026-04-30T19:12:02Z add
2026-04-30T19:12:02Z show
2026-04-30T19:12:02Z list
2026-04-30T19:12:02Z add
2026-04-30T19:12:02Z ready
2026-04-30T19:15:33Z show
2026-04-30T19:15:33Z list
2026-04-30T19:15:33Z add
2026-04-30T19:15:33Z show
2026-04-30T19:15:33Z list
2026-04-30T19:15:33Z add
2026-04-30T19:15:33Z show
2026-04-30T19:15:33Z list
2026-04-30T19:15:33Z add
2026-04-30T19:15:33Z ready
2026-04-30T19:53:45Z show
2026-04-30T19:53:45Z list
2026-04-30T19:53:45Z add
2026-04-30T19:53:45Z show
2026-04-30T19:53:45Z list
2026-04-30T19:53:45Z add
2026-04-30T19:53:45Z show
2026-04-30T19:53:45Z list
2026-04-30T19:53:45Z add
2026-04-30T19:53:46Z ready
2026-04-30T19:57:27Z show
2026-04-30T19:57:27Z list
2026-04-30T19:57:27Z add
2026-04-30T19:57:27Z show
2026-04-30T19:57:27Z list
2026-04-30T19:57:27Z add
2026-04-30T19:57:27Z show
2026-04-30T19:57:27Z list
2026-04-30T19:57:27Z add
2026-04-30T19:57:28Z ready
2026-04-30T20:00:34Z show
2026-04-30T20:00:34Z list
2026-04-30T20:00:34Z add
2026-04-30T20:00:34Z show
2026-04-30T20:00:34Z list
2026-04-30T20:00:34Z add
2026-04-30T20:00:34Z show
2026-04-30T20:00:34Z list
2026-04-30T20:00:34Z add
2026-04-30T20:00:34Z ready
2026-04-30T20:03:39Z show
2026-04-30T20:03:39Z list
2026-04-30T20:03:39Z add
2026-04-30T20:03:39Z show
2026-04-30T20:03:39Z list
2026-04-30T20:03:39Z add
2026-04-30T20:03:39Z show
2026-04-30T20:03:39Z list
2026-04-30T20:03:39Z add
2026-04-30T20:03:40Z ready
2026-04-30T20:06:49Z show
2026-04-30T20:06:49Z list
2026-04-30T20:06:49Z add
2026-04-30T20:06:49Z show
2026-04-30T20:06:49Z list
2026-04-30T20:06:49Z add
2026-04-30T20:06:49Z show
2026-04-30T20:06:49Z list
2026-04-30T20:06:49Z add
2026-04-30T20:06:49Z ready
2026-04-30T20:09:47Z show
2026-04-30T20:09:47Z list
2026-04-30T20:09:47Z add
2026-04-30T20:09:47Z show
2026-04-30T20:09:47Z list
2026-04-30T20:09:47Z add
2026-04-30T20:09:47Z show
2026-04-30T20:09:47Z list
2026-04-30T20:09:47Z add
2026-04-30T20:09:48Z ready
2026-04-30T20:13:00Z show
2026-04-30T20:13:00Z list
2026-04-30T20:13:00Z add
2026-04-30T20:13:00Z show
2026-04-30T20:13:00Z list
2026-04-30T20:13:00Z add
2026-04-30T20:13:00Z show
2026-04-30T20:13:00Z list
2026-04-30T20:13:00Z add
2026-04-30T20:13:01Z ready
2026-04-30T20:16:10Z show
2026-04-30T20:16:10Z list
2026-04-30T20:16:10Z add
2026-04-30T20:16:10Z show
2026-04-30T20:16:10Z list
2026-04-30T20:16:10Z add
2026-04-30T20:16:10Z show
2026-04-30T20:16:10Z list
2026-04-30T20:16:10Z add
2026-04-30T20:16:10Z ready
2026-04-30T20:19:12Z show
2026-04-30T20:19:12Z list
2026-04-30T20:19:12Z add
2026-04-30T20:19:12Z show
2026-04-30T20:19:12Z list
2026-04-30T20:19:12Z add
2026-04-30T20:19:12Z show
2026-04-30T20:19:12Z list
2026-04-30T20:19:12Z add
2026-04-30T20:19:12Z ready
2026-04-30T20:22:53Z show
2026-04-30T20:22:53Z list
2026-04-30T20:22:53Z add
2026-04-30T20:22:53Z show
2026-04-30T20:22:53Z list
2026-04-30T20:22:53Z add
2026-04-30T20:22:53Z show
2026-04-30T20:22:53Z list
2026-04-30T20:22:53Z add
2026-04-30T20:22:53Z ready
2026-04-30T20:26:06Z show
2026-04-30T20:26:06Z list
2026-04-30T20:26:06Z add
2026-04-30T20:26:06Z show
2026-04-30T20:26:06Z list
2026-04-30T20:26:06Z add
2026-04-30T20:26:06Z show
2026-04-30T20:26:06Z list
2026-04-30T20:26:06Z add
2026-04-30T20:26:06Z ready
2026-04-30T20:29:07Z show
2026-04-30T20:29:07Z list
2026-04-30T20:29:07Z add
2026-04-30T20:29:07Z show
2026-04-30T20:29:07Z list
2026-04-30T20:29:07Z add
2026-04-30T20:29:07Z show
2026-04-30T20:29:07Z list
2026-04-30T20:29:07Z add
2026-04-30T20:29:07Z ready
2026-04-30T20:32:05Z show
2026-04-30T20:32:05Z list
2026-04-30T20:32:05Z add
2026-04-30T20:32:05Z show
2026-04-30T20:32:05Z list
2026-04-30T20:32:05Z add
2026-04-30T20:32:05Z show
2026-04-30T20:32:05Z list
2026-04-30T20:32:05Z add
2026-04-30T20:32:05Z ready
2026-04-30T20:35:13Z show
2026-04-30T20:35:13Z list
2026-04-30T20:35:13Z add
2026-04-30T20:35:13Z show
2026-04-30T20:35:13Z list
2026-04-30T20:35:13Z add
2026-04-30T20:35:13Z show
2026-04-30T20:35:13Z list
2026-04-30T20:35:13Z add
2026-04-30T20:35:13Z ready
2026-04-30T20:38:18Z show
2026-04-30T20:38:18Z list
2026-04-30T20:38:18Z add
2026-04-30T20:38:18Z show
2026-04-30T20:38:18Z list
2026-04-30T20:38:18Z add
2026-04-30T20:38:18Z show
2026-04-30T20:38:18Z list
2026-04-30T20:38:18Z add
2026-04-30T20:38:18Z ready
2026-04-30T20:41:28Z show
2026-04-30T20:41:28Z list
2026-04-30T20:41:28Z add
2026-04-30T20:41:28Z show
2026-04-30T20:41:28Z list
2026-04-30T20:41:28Z add
2026-04-30T20:41:28Z show
2026-04-30T20:41:28Z list
2026-04-30T20:41:28Z add
2026-04-30T20:41:28Z ready
2026-04-30T20:44:44Z show
2026-04-30T20:44:44Z list
2026-04-30T20:44:44Z add
2026-04-30T20:44:44Z show
2026-04-30T20:44:44Z list
2026-04-30T20:44:44Z add
2026-04-30T20:44:44Z show
2026-04-30T20:44:44Z list
2026-04-30T20:44:44Z add
2026-04-30T20:44:44Z ready
2026-04-30T20:47:43Z show
2026-04-30T20:47:43Z list
2026-04-30T20:47:43Z add
2026-04-30T20:47:43Z show
2026-04-30T20:47:43Z list
2026-04-30T20:47:43Z add
2026-04-30T20:47:43Z show
2026-04-30T20:47:43Z list
2026-04-30T20:47:43Z add
2026-04-30T20:47:43Z ready
2026-04-30T20:50:47Z show
2026-04-30T20:50:47Z list
2026-04-30T20:50:47Z add
2026-04-30T20:50:47Z show
2026-04-30T20:50:47Z list
2026-04-30T20:50:47Z add
2026-04-30T20:50:47Z show
2026-04-30T20:50:47Z list
2026-04-30T20:50:47Z add
2026-04-30T20:50:47Z ready
2026-04-30T20:54:00Z show
2026-04-30T20:54:00Z list
2026-04-30T20:54:00Z add
2026-04-30T20:54:00Z show
2026-04-30T20:54:00Z list
2026-04-30T20:54:00Z add
2026-04-30T20:54:00Z show
2026-04-30T20:54:00Z list
2026-04-30T20:54:00Z add
2026-04-30T20:54:00Z ready
2026-04-30T20:57:00Z show
2026-04-30T20:57:00Z list
2026-04-30T20:57:00Z add
2026-04-30T20:57:00Z show
2026-04-30T20:57:00Z list
2026-04-30T20:57:00Z add
2026-04-30T20:57:00Z show
2026-04-30T20:57:00Z list
2026-04-30T20:57:01Z add
2026-04-30T20:57:01Z ready
2026-04-30T21:00:11Z show
2026-04-30T21:00:11Z list
2026-04-30T21:00:11Z add
2026-04-30T21:00:11Z show
2026-04-30T21:00:11Z list
2026-04-30T21:00:11Z add
2026-04-30T21:00:11Z show
2026-04-30T21:00:11Z list
2026-04-30T21:00:11Z add
2026-04-30T21:00:11Z ready
2026-04-30T21:03:24Z show
2026-04-30T21:03:24Z list
2026-04-30T21:03:24Z add
2026-04-30T21:03:24Z show
2026-04-30T21:03:24Z list
2026-04-30T21:03:24Z add
2026-04-30T21:03:24Z show
2026-04-30T21:03:24Z list
2026-04-30T21:03:24Z add
2026-04-30T21:03:24Z ready
2026-04-30T21:06:23Z show
2026-04-30T21:06:23Z list
2026-04-30T21:06:23Z add
2026-04-30T21:06:23Z show
2026-04-30T21:06:23Z list
2026-04-30T21:06:23Z add
2026-04-30T21:06:23Z show
2026-04-30T21:06:23Z list
2026-04-30T21:06:23Z add
2026-04-30T21:06:23Z ready
2026-04-30T21:09:32Z show
2026-04-30T21:09:32Z list
2026-04-30T21:09:32Z add
2026-04-30T21:09:32Z show
2026-04-30T21:09:32Z list
2026-04-30T21:09:32Z add
2026-04-30T21:09:32Z show
2026-04-30T21:09:32Z list
2026-04-30T21:09:32Z add
2026-04-30T21:09:32Z ready
2026-04-30T21:12:44Z show
2026-04-30T21:12:44Z list
2026-04-30T21:12:44Z add
2026-04-30T21:12:44Z show
2026-04-30T21:12:44Z list
2026-04-30T21:12:44Z add
2026-04-30T21:12:44Z show
2026-04-30T21:12:44Z list
2026-04-30T21:12:44Z add
2026-04-30T21:12:44Z ready
2026-04-30T21:15:47Z show
2026-04-30T21:15:47Z list
2026-04-30T21:15:47Z add
2026-04-30T21:15:47Z show
2026-04-30T21:15:47Z list
2026-04-30T21:15:47Z add
2026-04-30T21:15:47Z show
2026-04-30T21:15:47Z list
2026-04-30T21:15:47Z add
2026-04-30T21:15:47Z ready
2026-04-30T21:18:45Z show
2026-04-30T21:18:45Z list
2026-04-30T21:18:45Z add
2026-04-30T21:18:45Z show
2026-04-30T21:18:45Z list
2026-04-30T21:18:45Z add
2026-04-30T21:18:45Z show
2026-04-30T21:18:45Z list
2026-04-30T21:18:45Z add
2026-04-30T21:18:45Z ready
2026-04-30T21:21:58Z show
2026-04-30T21:21:58Z list
2026-04-30T21:21:58Z add
2026-04-30T21:21:58Z show
2026-04-30T21:21:58Z list
2026-04-30T21:21:58Z add
2026-04-30T21:21:58Z show
2026-04-30T21:21:58Z list
2026-04-30T21:21:58Z add
2026-04-30T21:21:58Z ready
2026-04-30T21:25:07Z show
2026-04-30T21:25:07Z list
2026-04-30T21:25:07Z add
2026-04-30T21:25:07Z show
2026-04-30T21:25:07Z list
2026-04-30T21:25:07Z add
2026-04-30T21:25:07Z show
2026-04-30T21:25:07Z list
2026-04-30T21:25:07Z add
2026-04-30T21:25:07Z ready
2026-04-30T21:28:13Z show
2026-04-30T21:28:13Z list
2026-04-30T21:28:13Z add
2026-04-30T21:28:13Z show
2026-04-30T21:28:13Z list
2026-04-30T21:28:13Z add
2026-04-30T21:28:13Z show
2026-04-30T21:28:13Z list
2026-04-30T21:28:13Z add
2026-04-30T21:28:13Z ready
2026-04-30T21:31:22Z show
2026-04-30T21:31:22Z list
2026-04-30T21:31:22Z add
2026-04-30T21:31:22Z show
2026-04-30T21:31:22Z list
2026-04-30T21:31:22Z add
2026-04-30T21:31:22Z show
2026-04-30T21:31:22Z list
2026-04-30T21:31:22Z add
2026-04-30T21:31:22Z ready
2026-04-30T21:34:25Z show
2026-04-30T21:34:25Z list
2026-04-30T21:34:25Z add
2026-04-30T21:34:25Z show
2026-04-30T21:34:25Z list
2026-04-30T21:34:25Z add
2026-04-30T21:34:25Z show
2026-04-30T21:34:25Z list
2026-04-30T21:34:25Z add
2026-04-30T21:34:25Z ready
2026-04-30T21:37:25Z show
2026-04-30T21:37:25Z list
2026-04-30T21:37:25Z add
2026-04-30T21:37:25Z show
2026-04-30T21:37:25Z list
2026-04-30T21:37:25Z add
2026-04-30T21:37:25Z show
2026-04-30T21:37:25Z list
2026-04-30T21:37:25Z add
2026-04-30T21:37:26Z ready
2026-04-30T21:40:42Z show
2026-04-30T21:40:42Z list
2026-04-30T21:40:42Z add
2026-04-30T21:40:42Z show
2026-04-30T21:40:42Z list
2026-04-30T21:40:42Z add
2026-04-30T21:40:42Z show
2026-04-30T21:40:42Z list
2026-04-30T21:40:42Z add
2026-04-30T21:40:42Z ready
2026-04-30T21:43:47Z show
2026-04-30T21:43:47Z list
2026-04-30T21:43:47Z add
2026-04-30T21:43:47Z show
2026-04-30T21:43:47Z list
2026-04-30T21:43:47Z add
2026-04-30T21:43:47Z show
2026-04-30T21:43:47Z list
2026-04-30T21:43:47Z add
2026-04-30T21:43:48Z ready
2026-04-30T21:46:53Z show
2026-04-30T21:46:53Z list
2026-04-30T21:46:53Z add
2026-04-30T21:46:54Z show
2026-04-30T21:46:54Z list
2026-04-30T21:46:54Z add
2026-04-30T21:46:54Z show
2026-04-30T21:46:54Z list
2026-04-30T21:46:54Z add
2026-04-30T21:46:54Z ready
2026-04-30T21:50:03Z show
2026-04-30T21:50:03Z list
2026-04-30T21:50:03Z add
2026-04-30T21:50:03Z show
2026-04-30T21:50:03Z list
2026-04-30T21:50:03Z add
2026-04-30T21:50:03Z show
2026-04-30T21:50:03Z list
2026-04-30T21:50:03Z add
2026-04-30T21:50:03Z ready
2026-04-30T21:53:14Z show
2026-04-30T21:53:14Z list
2026-04-30T21:53:14Z add
2026-04-30T21:53:14Z show
2026-04-30T21:53:14Z list
2026-04-30T21:53:14Z add
2026-04-30T21:53:14Z show
2026-04-30T21:53:14Z list
2026-04-30T21:53:14Z add
2026-04-30T21:53:15Z ready
2026-04-30T21:56:10Z show
2026-04-30T21:56:10Z list
2026-04-30T21:56:10Z add
2026-04-30T21:56:10Z show
2026-04-30T21:56:10Z list
2026-04-30T21:56:10Z add
2026-04-30T21:56:10Z show
2026-04-30T21:56:10Z list
2026-04-30T21:56:10Z add
2026-04-30T21:56:11Z ready
2026-04-30T21:59:45Z show
2026-04-30T21:59:45Z list
2026-04-30T21:59:45Z add
2026-04-30T21:59:45Z show
2026-04-30T21:59:45Z list
2026-04-30T21:59:45Z add
2026-04-30T21:59:45Z show
2026-04-30T21:59:45Z list
2026-04-30T21:59:45Z add
2026-04-30T21:59:45Z ready
2026-04-30T22:02:42Z show
2026-04-30T22:02:42Z list
2026-04-30T22:02:42Z add
2026-04-30T22:02:42Z show
2026-04-30T22:02:42Z list
2026-04-30T22:02:42Z add
2026-04-30T22:02:42Z show
2026-04-30T22:02:42Z list
2026-04-30T22:02:42Z add
2026-04-30T22:02:42Z ready
2026-04-30T22:05:42Z show
2026-04-30T22:05:42Z list
2026-04-30T22:05:42Z add
2026-04-30T22:05:42Z show
2026-04-30T22:05:42Z list
2026-04-30T22:05:42Z add
2026-04-30T22:05:42Z show
2026-04-30T22:05:42Z list
2026-04-30T22:05:42Z add
2026-04-30T22:05:42Z ready
2026-04-30T22:08:50Z show
2026-04-30T22:08:50Z list
2026-04-30T22:08:50Z add
2026-04-30T22:08:50Z show
2026-04-30T22:08:50Z list
2026-04-30T22:08:50Z add
2026-04-30T22:08:50Z show
2026-04-30T22:08:50Z list
2026-04-30T22:08:50Z add
2026-04-30T22:08:50Z ready
2026-04-30T22:11:46Z show
2026-04-30T22:11:46Z list
2026-04-30T22:11:46Z add
2026-04-30T22:11:46Z show
2026-04-30T22:11:46Z list
2026-04-30T22:11:46Z add
2026-04-30T22:11:46Z show
2026-04-30T22:11:46Z list
2026-04-30T22:11:46Z add
2026-04-30T22:11:46Z ready
2026-04-30T22:14:39Z show
2026-04-30T22:14:39Z list
2026-04-30T22:14:39Z add
2026-04-30T22:14:39Z show
2026-04-30T22:14:39Z list
2026-04-30T22:14:39Z add
2026-04-30T22:14:39Z show
2026-04-30T22:14:39Z list
2026-04-30T22:14:39Z add
2026-04-30T22:14:39Z ready
2026-04-30T22:17:59Z show
2026-04-30T22:17:59Z list
2026-04-30T22:17:59Z add
2026-04-30T22:17:59Z show
2026-04-30T22:17:59Z list
2026-04-30T22:17:59Z add
2026-04-30T22:17:59Z show
2026-04-30T22:17:59Z list
2026-04-30T22:17:59Z add
2026-04-30T22:17:59Z ready
2026-04-30T22:20:57Z show
2026-04-30T22:20:57Z list
2026-04-30T22:20:57Z add
2026-04-30T22:20:57Z show
2026-04-30T22:20:57Z list
2026-04-30T22:20:57Z add
2026-04-30T22:20:57Z show
2026-04-30T22:20:57Z list
2026-04-30T22:20:57Z add
2026-04-30T22:20:57Z ready
2026-04-30T22:23:57Z show
2026-04-30T22:23:57Z list
2026-04-30T22:23:57Z add
2026-04-30T22:23:57Z show
2026-04-30T22:23:57Z list
2026-04-30T22:23:57Z add
2026-04-30T22:23:57Z show
2026-04-30T22:23:57Z list
2026-04-30T22:23:57Z add
2026-04-30T22:23:57Z ready
2026-04-30T22:27:02Z show
2026-04-30T22:27:02Z list
2026-04-30T22:27:02Z add
2026-04-30T22:27:02Z show
2026-04-30T22:27:02Z list
2026-04-30T22:27:02Z add
2026-04-30T22:27:02Z show
2026-04-30T22:27:02Z list
2026-04-30T22:27:02Z add
2026-04-30T22:27:02Z ready
2026-04-30T22:30:00Z show
2026-04-30T22:30:00Z list
2026-04-30T22:30:00Z add
2026-04-30T22:30:00Z show
2026-04-30T22:30:00Z list
2026-04-30T22:30:00Z add
2026-04-30T22:30:00Z show
2026-04-30T22:30:00Z list
2026-04-30T22:30:00Z add
2026-04-30T22:30:00Z ready
2026-04-30T22:32:53Z show
2026-04-30T22:32:53Z list
2026-04-30T22:32:53Z add
2026-04-30T22:32:53Z show
2026-04-30T22:32:53Z list
2026-04-30T22:32:53Z add
2026-04-30T22:32:53Z show
2026-04-30T22:32:53Z list
2026-04-30T22:32:53Z add
2026-04-30T22:32:53Z ready
2026-04-30T22:35:54Z show
2026-04-30T22:35:54Z list
2026-04-30T22:35:54Z add
2026-04-30T22:35:55Z show
2026-04-30T22:35:55Z list
2026-04-30T22:35:55Z add
2026-04-30T22:35:55Z show
2026-04-30T22:35:55Z list
2026-04-30T22:35:55Z add
2026-04-30T22:35:55Z ready
2026-04-30T22:38:49Z show
2026-04-30T22:38:49Z list
2026-04-30T22:38:49Z add
2026-04-30T22:38:49Z show
2026-04-30T22:38:49Z list
2026-04-30T22:38:49Z add
2026-04-30T22:38:49Z show
2026-04-30T22:38:49Z list
2026-04-30T22:38:49Z add
2026-04-30T22:38:49Z ready
2026-04-30T22:41:52Z show
2026-04-30T22:41:52Z list
2026-04-30T22:41:52Z add
2026-04-30T22:41:52Z show
2026-04-30T22:41:52Z list
2026-04-30T22:41:52Z add
2026-04-30T22:41:52Z show
2026-04-30T22:41:52Z list
2026-04-30T22:41:52Z add
2026-04-30T22:41:52Z ready
2026-04-30T22:44:55Z show
2026-04-30T22:44:55Z list
2026-04-30T22:44:55Z add
2026-04-30T22:44:55Z show
2026-04-30T22:44:55Z list
2026-04-30T22:44:55Z add
2026-04-30T22:44:55Z show
2026-04-30T22:44:55Z list
2026-04-30T22:44:55Z add
2026-04-30T22:44:55Z ready
2026-04-30T22:47:49Z show
2026-04-30T22:47:49Z list
2026-04-30T22:47:49Z add
2026-04-30T22:47:49Z show
2026-04-30T22:47:49Z list
2026-04-30T22:47:49Z add
2026-04-30T22:47:49Z show
2026-04-30T22:47:49Z list
2026-04-30T22:47:49Z add
2026-04-30T22:47:49Z ready
2026-04-30T22:50:45Z show
2026-04-30T22:50:45Z list
2026-04-30T22:50:45Z add
2026-04-30T22:50:45Z show
2026-04-30T22:50:45Z list
2026-04-30T22:50:45Z add
2026-04-30T22:50:45Z show
2026-04-30T22:50:45Z list
2026-04-30T22:50:45Z add
2026-04-30T22:50:45Z ready
2026-04-30T22:53:53Z show
2026-04-30T22:53:53Z list
2026-04-30T22:53:53Z add
2026-04-30T22:53:53Z show
2026-04-30T22:53:53Z list
2026-04-30T22:53:53Z add
2026-04-30T22:53:53Z show
2026-04-30T22:53:53Z list
2026-04-30T22:53:53Z add
2026-04-30T22:53:54Z ready
2026-04-30T22:56:56Z show
2026-04-30T22:56:56Z list
2026-04-30T22:56:56Z add
2026-04-30T22:56:56Z show
2026-04-30T22:56:56Z list
2026-04-30T22:56:56Z add
2026-04-30T22:56:56Z show
2026-04-30T22:56:56Z list
2026-04-30T22:56:56Z add
2026-04-30T22:56:56Z ready
2026-04-30T22:59:47Z show
2026-04-30T22:59:47Z list
2026-04-30T22:59:47Z add
2026-04-30T22:59:47Z show
2026-04-30T22:59:47Z list
2026-04-30T22:59:47Z add
2026-04-30T22:59:47Z show
2026-04-30T22:59:47Z list
2026-04-30T22:59:47Z add
2026-04-30T22:59:47Z ready
2026-04-30T23:02:52Z show
2026-04-30T23:02:52Z list
2026-04-30T23:02:52Z add
2026-04-30T23:02:52Z show
2026-04-30T23:02:52Z list
2026-04-30T23:02:52Z add
2026-04-30T23:02:52Z show
2026-04-30T23:02:52Z list
2026-04-30T23:02:52Z add
2026-04-30T23:02:52Z ready
2026-04-30T23:05:52Z show
2026-04-30T23:05:52Z list
2026-04-30T23:05:52Z add
2026-04-30T23:05:52Z show
2026-04-30T23:05:52Z list
2026-04-30T23:05:52Z add
2026-04-30T23:05:52Z show
2026-04-30T23:05:52Z list
2026-04-30T23:05:52Z add
2026-04-30T23:05:52Z ready
2026-04-30T23:08:49Z show
2026-04-30T23:08:49Z list
2026-04-30T23:08:49Z add
2026-04-30T23:08:49Z show
2026-04-30T23:08:50Z list
2026-04-30T23:08:50Z add
2026-04-30T23:08:50Z show
2026-04-30T23:08:50Z list
2026-04-30T23:08:50Z add
2026-04-30T23:08:50Z ready
2026-04-30T23:12:04Z show
2026-04-30T23:12:05Z list
2026-04-30T23:12:05Z add
2026-04-30T23:12:05Z show
2026-04-30T23:12:05Z list
2026-04-30T23:12:05Z add
2026-04-30T23:12:05Z show
2026-04-30T23:12:05Z list
2026-04-30T23:12:05Z add
2026-04-30T23:12:05Z ready
2026-04-30T23:14:59Z show
2026-04-30T23:14:59Z list
2026-04-30T23:14:59Z add
2026-04-30T23:14:59Z show
2026-04-30T23:14:59Z list
2026-04-30T23:14:59Z add
2026-04-30T23:14:59Z show
2026-04-30T23:14:59Z list
2026-04-30T23:14:59Z add
2026-04-30T23:14:59Z ready
2026-04-30T23:17:56Z show
2026-04-30T23:17:56Z list
2026-04-30T23:17:56Z add
2026-04-30T23:17:56Z show
2026-04-30T23:17:56Z list
2026-04-30T23:17:56Z add
2026-04-30T23:17:56Z show
2026-04-30T23:17:56Z list
2026-04-30T23:17:56Z add
2026-04-30T23:17:56Z ready
2026-04-30T23:21:06Z show
2026-04-30T23:21:06Z list
2026-04-30T23:21:06Z add
2026-04-30T23:21:06Z show
2026-04-30T23:21:06Z list
2026-04-30T23:21:06Z add
2026-04-30T23:21:06Z show
2026-04-30T23:21:06Z list
2026-04-30T23:21:06Z add
2026-04-30T23:21:06Z ready
2026-04-30T23:24:00Z show
2026-04-30T23:24:00Z list
2026-04-30T23:24:00Z add
2026-04-30T23:24:00Z show
2026-04-30T23:24:00Z list
2026-04-30T23:24:00Z add
2026-04-30T23:24:00Z show
2026-04-30T23:24:00Z list
2026-04-30T23:24:00Z add
2026-04-30T23:24:00Z ready
2026-04-30T23:26:58Z show
2026-04-30T23:26:58Z list
2026-04-30T23:26:58Z add
2026-04-30T23:26:58Z show
2026-04-30T23:26:58Z list
2026-04-30T23:26:58Z add
2026-04-30T23:26:58Z show
2026-04-30T23:26:58Z list
2026-04-30T23:26:58Z add
2026-04-30T23:26:58Z ready
2026-04-30T23:30:07Z show
2026-04-30T23:30:08Z list
2026-04-30T23:30:08Z add
2026-04-30T23:30:08Z show
2026-04-30T23:30:08Z list
2026-04-30T23:30:08Z add
2026-04-30T23:30:08Z show
2026-04-30T23:30:08Z list
2026-04-30T23:30:08Z add
2026-04-30T23:30:08Z ready
2026-04-30T23:33:08Z show
2026-04-30T23:33:08Z list
2026-04-30T23:33:08Z add
2026-04-30T23:33:08Z show
2026-04-30T23:33:08Z list
2026-04-30T23:33:08Z add
2026-04-30T23:33:08Z show
2026-04-30T23:33:08Z list
2026-04-30T23:33:08Z add
2026-04-30T23:33:08Z ready
2026-04-30T23:36:05Z show
2026-04-30T23:36:05Z list
2026-04-30T23:36:05Z add
2026-04-30T23:36:05Z show
2026-04-30T23:36:05Z list
2026-04-30T23:36:05Z add
2026-04-30T23:36:05Z show
2026-04-30T23:36:05Z list
2026-04-30T23:36:05Z add
2026-04-30T23:36:05Z ready
2026-04-30T23:39:11Z show
2026-04-30T23:39:11Z list
2026-04-30T23:39:11Z add
2026-04-30T23:39:12Z show
2026-04-30T23:39:12Z list
2026-04-30T23:39:12Z add
2026-04-30T23:39:12Z show
2026-04-30T23:39:12Z list
2026-04-30T23:39:12Z add
2026-04-30T23:39:12Z ready
2026-04-30T23:42:09Z show
2026-04-30T23:42:09Z list
2026-04-30T23:42:09Z add
2026-04-30T23:42:09Z show
2026-04-30T23:42:09Z list
2026-04-30T23:42:09Z add
2026-04-30T23:42:09Z show
2026-04-30T23:42:09Z list
2026-04-30T23:42:09Z add
2026-04-30T23:42:09Z ready
2026-04-30T23:45:03Z show
2026-04-30T23:45:03Z list
2026-04-30T23:45:03Z add
2026-04-30T23:45:03Z show
2026-04-30T23:45:03Z list
2026-04-30T23:45:03Z add
2026-04-30T23:45:03Z show
2026-04-30T23:45:03Z list
2026-04-30T23:45:03Z add
2026-04-30T23:45:04Z ready
2026-04-30T23:48:11Z show
2026-04-30T23:48:11Z list
2026-04-30T23:48:11Z add
2026-04-30T23:48:11Z show
2026-04-30T23:48:11Z list
2026-04-30T23:48:11Z add
2026-04-30T23:48:11Z show
2026-04-30T23:48:11Z list
2026-04-30T23:48:11Z add
2026-04-30T23:48:12Z ready
2026-04-30T23:51:16Z show
2026-04-30T23:51:16Z list
2026-04-30T23:51:16Z add
2026-04-30T23:51:16Z show
2026-04-30T23:51:16Z list
2026-04-30T23:51:16Z add
2026-04-30T23:51:16Z show
2026-04-30T23:51:16Z list
2026-04-30T23:51:16Z add
2026-04-30T23:51:16Z ready
2026-04-30T23:54:17Z show
2026-04-30T23:54:17Z list
2026-04-30T23:54:17Z add
2026-04-30T23:54:17Z show
2026-04-30T23:54:17Z list
2026-04-30T23:54:17Z add
2026-04-30T23:54:17Z show
2026-04-30T23:54:17Z list
2026-04-30T23:54:17Z add
2026-04-30T23:54:17Z ready
2026-04-30T23:57:29Z show
2026-04-30T23:57:29Z list
2026-04-30T23:57:29Z add
2026-04-30T23:57:29Z show
2026-04-30T23:57:29Z list
2026-04-30T23:57:29Z add
2026-04-30T23:57:29Z show
2026-04-30T23:57:29Z list
2026-04-30T23:57:29Z add
2026-04-30T23:57:29Z ready
2026-05-01T00:00:35Z show
2026-05-01T00:00:35Z list
2026-05-01T00:00:35Z add
2026-05-01T00:00:35Z show
2026-05-01T00:00:35Z list
2026-05-01T00:00:35Z add
2026-05-01T00:00:35Z show
2026-05-01T00:00:35Z list
2026-05-01T00:00:35Z add
2026-05-01T00:00:35Z ready
2026-05-01T00:03:32Z show
2026-05-01T00:03:32Z list
2026-05-01T00:03:32Z add
2026-05-01T00:03:32Z show
2026-05-01T00:03:32Z list
2026-05-01T00:03:32Z add
2026-05-01T00:03:32Z show
2026-05-01T00:03:32Z list
2026-05-01T00:03:32Z add
2026-05-01T00:03:32Z ready
2026-05-01T00:06:39Z show
2026-05-01T00:06:39Z list
2026-05-01T00:06:39Z add
2026-05-01T00:06:39Z show
2026-05-01T00:06:39Z list
2026-05-01T00:06:39Z add
2026-05-01T00:06:39Z show
2026-05-01T00:06:39Z list
2026-05-01T00:06:39Z add
2026-05-01T00:06:39Z ready
2026-05-01T00:09:40Z show
2026-05-01T00:09:40Z list
2026-05-01T00:09:40Z add
2026-05-01T00:09:40Z show
2026-05-01T00:09:40Z list
2026-05-01T00:09:40Z add
2026-05-01T00:09:40Z show
2026-05-01T00:09:40Z list
2026-05-01T00:09:40Z add
2026-05-01T00:09:40Z ready
2026-05-01T00:12:36Z show
2026-05-01T00:12:36Z list
2026-05-01T00:12:36Z add
2026-05-01T00:12:36Z show
2026-05-01T00:12:36Z list
2026-05-01T00:12:36Z add
2026-05-01T00:12:36Z show
2026-05-01T00:12:36Z list
2026-05-01T00:12:36Z add
2026-05-01T00:12:36Z ready
2026-05-01T00:16:59Z show
2026-05-01T00:16:59Z list
2026-05-01T00:16:59Z add
2026-05-01T00:16:59Z show
2026-05-01T00:16:59Z list
2026-05-01T00:16:59Z add
2026-05-01T00:16:59Z show
2026-05-01T00:16:59Z list
2026-05-01T00:16:59Z add
2026-05-01T00:16:59Z ready
2026-05-01T00:19:54Z show
2026-05-01T00:19:54Z list
2026-05-01T00:19:54Z add
2026-05-01T00:19:54Z show
2026-05-01T00:19:54Z list
2026-05-01T00:19:54Z add
2026-05-01T00:19:54Z show
2026-05-01T00:19:54Z list
2026-05-01T00:19:54Z add
2026-05-01T00:19:54Z ready
2026-05-01T00:22:48Z show
2026-05-01T00:22:48Z list
2026-05-01T00:22:48Z add
2026-05-01T00:22:48Z show
2026-05-01T00:22:48Z list
2026-05-01T00:22:48Z add
2026-05-01T00:22:48Z show
2026-05-01T00:22:48Z list
2026-05-01T00:22:48Z add
2026-05-01T00:22:48Z ready
2026-05-01T00:26:01Z show
2026-05-01T00:26:01Z list
2026-05-01T00:26:01Z add
2026-05-01T00:26:01Z show
2026-05-01T00:26:01Z list
2026-05-01T00:26:01Z add
2026-05-01T00:26:01Z show
2026-05-01T00:26:02Z list
2026-05-01T00:26:02Z add
2026-05-01T00:26:02Z ready
2026-05-01T00:29:01Z show
2026-05-01T00:29:01Z list
2026-05-01T00:29:01Z add
2026-05-01T00:29:01Z show
2026-05-01T00:29:01Z list
2026-05-01T00:29:01Z add
2026-05-01T00:29:01Z show
2026-05-01T00:29:01Z list
2026-05-01T00:29:01Z add
2026-05-01T00:29:02Z ready
2026-05-01T00:32:04Z show
2026-05-01T00:32:04Z list
2026-05-01T00:32:04Z add
2026-05-01T00:32:04Z show
2026-05-01T00:32:04Z list
2026-05-01T00:32:04Z add
2026-05-01T00:32:04Z show
2026-05-01T00:32:04Z list
2026-05-01T00:32:04Z add
2026-05-01T00:32:04Z ready
2026-05-01T00:35:08Z show
2026-05-01T00:35:08Z list
2026-05-01T00:35:08Z add
2026-05-01T00:35:08Z show
2026-05-01T00:35:08Z list
2026-05-01T00:35:08Z add
2026-05-01T00:35:08Z show
2026-05-01T00:35:08Z list
2026-05-01T00:35:08Z add
2026-05-01T00:35:08Z ready
2026-05-01T00:38:18Z show
2026-05-01T00:38:18Z list
2026-05-01T00:38:18Z add
2026-05-01T00:38:18Z show
2026-05-01T00:38:18Z list
2026-05-01T00:38:18Z add
2026-05-01T00:38:18Z show
2026-05-01T00:38:18Z list
2026-05-01T00:38:18Z add
2026-05-01T00:38:18Z ready
2026-05-01T00:41:22Z show
2026-05-01T00:41:22Z list
2026-05-01T00:41:22Z add
2026-05-01T00:41:22Z show
2026-05-01T00:41:22Z list
2026-05-01T00:41:22Z add
2026-05-01T00:41:22Z show
2026-05-01T00:41:22Z list
2026-05-01T00:41:22Z add
2026-05-01T00:41:22Z ready
2026-05-01T00:44:35Z show
2026-05-01T00:44:35Z list
2026-05-01T00:44:35Z add
2026-05-01T00:44:35Z show
2026-05-01T00:44:35Z list
2026-05-01T00:44:35Z add
2026-05-01T00:44:35Z show
2026-05-01T00:44:35Z list
2026-05-01T00:44:35Z add
2026-05-01T00:44:35Z ready
2026-05-01T00:47:37Z show
2026-05-01T00:47:37Z list
2026-05-01T00:47:37Z add
2026-05-01T00:47:37Z show
2026-05-01T00:47:37Z list
2026-05-01T00:47:37Z add
2026-05-01T00:47:37Z show
2026-05-01T00:47:37Z list
2026-05-01T00:47:37Z add
2026-05-01T00:47:37Z ready
2026-05-01T00:50:41Z show
2026-05-01T00:50:41Z list
2026-05-01T00:50:41Z add
2026-05-01T00:50:41Z show
2026-05-01T00:50:41Z list
2026-05-01T00:50:41Z add
2026-05-01T00:50:41Z show
2026-05-01T00:50:41Z list
2026-05-01T00:50:41Z add
2026-05-01T00:50:42Z ready
2026-05-01T00:53:51Z show
2026-05-01T00:53:51Z list
2026-05-01T00:53:51Z add
2026-05-01T00:53:51Z show
2026-05-01T00:53:51Z list
2026-05-01T00:53:51Z add
2026-05-01T00:53:51Z show
2026-05-01T00:53:52Z list
2026-05-01T00:53:52Z add
2026-05-01T00:53:52Z ready
2026-05-01T00:56:46Z show
2026-05-01T00:56:46Z list
2026-05-01T00:56:46Z add
2026-05-01T00:56:46Z show
2026-05-01T00:56:46Z list
2026-05-01T00:56:46Z add
2026-05-01T00:56:46Z show
2026-05-01T00:56:46Z list
2026-05-01T00:56:46Z add
2026-05-01T00:56:47Z ready
2026-05-01T00:59:47Z show
2026-05-01T00:59:47Z list
2026-05-01T00:59:47Z add
2026-05-01T00:59:47Z show
2026-05-01T00:59:47Z list
2026-05-01T00:59:47Z add
2026-05-01T00:59:47Z show
2026-05-01T00:59:47Z list
2026-05-01T00:59:47Z add
2026-05-01T00:59:47Z ready
2026-05-01T01:03:19Z show
2026-05-01T01:03:19Z list
2026-05-01T01:03:19Z add
2026-05-01T01:03:19Z show
2026-05-01T01:03:19Z list
2026-05-01T01:03:19Z add
2026-05-01T01:03:19Z show
2026-05-01T01:03:19Z list
2026-05-01T01:03:19Z add
2026-05-01T01:03:19Z ready
2026-05-01T01:06:21Z show
2026-05-01T01:06:21Z list
2026-05-01T01:06:21Z add
2026-05-01T01:06:21Z show
2026-05-01T01:06:21Z list
2026-05-01T01:06:21Z add
2026-05-01T01:06:21Z show
2026-05-01T01:06:21Z list
2026-05-01T01:06:21Z add
2026-05-01T01:06:21Z ready
2026-05-01T01:09:23Z show
2026-05-01T01:09:23Z list
2026-05-01T01:09:23Z add
2026-05-01T01:09:23Z show
2026-05-01T01:09:23Z list
2026-05-01T01:09:23Z add
2026-05-01T01:09:23Z show
2026-05-01T01:09:23Z list
2026-05-01T01:09:23Z add
2026-05-01T01:09:23Z ready
2026-05-01T01:13:27Z show
2026-05-01T01:13:27Z list
2026-05-01T01:13:27Z add
2026-05-01T01:13:27Z show
2026-05-01T01:13:27Z list
2026-05-01T01:13:27Z add
2026-05-01T01:13:27Z show
2026-05-01T01:13:27Z list
2026-05-01T01:13:27Z add
2026-05-01T01:13:27Z ready
2026-05-01T01:16:38Z show
2026-05-01T01:16:38Z list
2026-05-01T01:16:38Z add
2026-05-01T01:16:38Z show
2026-05-01T01:16:38Z list
2026-05-01T01:16:38Z add
2026-05-01T01:16:38Z show
2026-05-01T01:16:38Z list
2026-05-01T01:16:38Z add
2026-05-01T01:16:39Z ready
2026-05-01T01:19:36Z show
2026-05-01T01:19:36Z list
2026-05-01T01:19:36Z add
2026-05-01T01:19:36Z show
2026-05-01T01:19:36Z list
2026-05-01T01:19:36Z add
2026-05-01T01:19:36Z show
2026-05-01T01:19:36Z list
2026-05-01T01:19:36Z add
2026-05-01T01:19:37Z ready
2026-05-01T01:23:42Z show
2026-05-01T01:23:42Z list
2026-05-01T01:23:42Z add
2026-05-01T01:23:42Z show
2026-05-01T01:23:42Z list
2026-05-01T01:23:42Z add
2026-05-01T01:23:42Z show
2026-05-01T01:23:42Z list
2026-05-01T01:23:42Z add
2026-05-01T01:23:42Z ready
2026-05-01T01:26:40Z show
2026-05-01T01:26:40Z list
2026-05-01T01:26:40Z add
2026-05-01T01:26:40Z show
2026-05-01T01:26:40Z list
2026-05-01T01:26:40Z add
2026-05-01T01:26:40Z show
2026-05-01T01:26:40Z list
2026-05-01T01:26:40Z add
2026-05-01T01:26:41Z ready
2026-05-01T01:29:46Z show
2026-05-01T01:29:46Z list
2026-05-01T01:29:46Z add
2026-05-01T01:29:46Z show
2026-05-01T01:29:46Z list
2026-05-01T01:29:46Z add
2026-05-01T01:29:46Z show
2026-05-01T01:29:46Z list
2026-05-01T01:29:46Z add
2026-05-01T01:29:46Z ready
2026-05-01T01:33:00Z show
2026-05-01T01:33:00Z list
2026-05-01T01:33:00Z add
2026-05-01T01:33:00Z show
2026-05-01T01:33:00Z list
2026-05-01T01:33:00Z add
2026-05-01T01:33:00Z show
2026-05-01T01:33:00Z list
2026-05-01T01:33:00Z add
2026-05-01T01:33:00Z ready
2026-05-01T01:36:04Z show
2026-05-01T01:36:04Z list
2026-05-01T01:36:04Z add
2026-05-01T01:36:04Z show
2026-05-01T01:36:04Z list
2026-05-01T01:36:04Z add
2026-05-01T01:36:04Z show
2026-05-01T01:36:04Z list
2026-05-01T01:36:04Z add
2026-05-01T01:36:04Z ready
2026-05-01T01:39:01Z show
2026-05-01T01:39:01Z list
2026-05-01T01:39:01Z add
2026-05-01T01:39:01Z show
2026-05-01T01:39:01Z list
2026-05-01T01:39:01Z add
2026-05-01T01:39:01Z show
2026-05-01T01:39:01Z list
2026-05-01T01:39:01Z add
2026-05-01T01:39:02Z ready
2026-05-01T01:42:10Z show
2026-05-01T01:42:10Z list
2026-05-01T01:42:10Z add
2026-05-01T01:42:10Z show
2026-05-01T01:42:10Z list
2026-05-01T01:42:10Z add
2026-05-01T01:42:10Z show
2026-05-01T01:42:11Z list
2026-05-01T01:42:11Z add
2026-05-01T01:42:11Z ready
2026-05-01T01:45:13Z show
2026-05-01T01:45:13Z list
2026-05-01T01:45:13Z add
2026-05-01T01:45:13Z show
2026-05-01T01:45:13Z list
2026-05-01T01:45:13Z add
2026-05-01T01:45:13Z show
2026-05-01T01:45:13Z list
2026-05-01T01:45:13Z add
2026-05-01T01:45:13Z ready
2026-05-01T01:48:19Z show
2026-05-01T01:48:19Z list
2026-05-01T01:48:19Z add
2026-05-01T01:48:19Z show
2026-05-01T01:48:19Z list
2026-05-01T01:48:19Z add
2026-05-01T01:48:19Z show
2026-05-01T01:48:19Z list
2026-05-01T01:48:19Z add
2026-05-01T01:48:19Z ready
2026-05-01T01:53:22Z show
2026-05-01T01:53:22Z list
2026-05-01T01:53:22Z add
2026-05-01T01:53:22Z show
2026-05-01T01:53:22Z list
2026-05-01T01:53:22Z add
2026-05-01T01:53:22Z show
2026-05-01T01:53:22Z list
2026-05-01T01:53:22Z add
2026-05-01T01:53:22Z ready
2026-05-01T01:56:27Z show
2026-05-01T01:56:27Z list
2026-05-01T01:56:27Z add
2026-05-01T01:56:27Z show
2026-05-01T01:56:27Z list
2026-05-01T01:56:27Z add
2026-05-01T01:56:27Z show
2026-05-01T01:56:27Z list
2026-05-01T01:56:27Z add
2026-05-01T01:56:28Z ready
2026-05-01T01:59:26Z show
2026-05-01T01:59:26Z list
2026-05-01T01:59:26Z add
2026-05-01T01:59:26Z show
2026-05-01T01:59:26Z list
2026-05-01T01:59:26Z add
2026-05-01T01:59:26Z show
2026-05-01T01:59:26Z list
2026-05-01T01:59:26Z add
2026-05-01T01:59:26Z ready
2026-05-01T02:02:35Z show
2026-05-01T02:02:35Z list
2026-05-01T02:02:35Z add
2026-05-01T02:02:35Z show
2026-05-01T02:02:35Z list
2026-05-01T02:02:35Z add
2026-05-01T02:02:35Z show
2026-05-01T02:02:35Z list
2026-05-01T02:02:35Z add
2026-05-01T02:02:35Z ready
2026-05-01T02:05:40Z show
2026-05-01T02:05:40Z list
2026-05-01T02:05:40Z add
2026-05-01T02:05:40Z show
2026-05-01T02:05:40Z list
2026-05-01T02:05:40Z add
2026-05-01T02:05:40Z show
2026-05-01T02:05:40Z list
2026-05-01T02:05:40Z add
2026-05-01T02:05:40Z ready
2026-05-01T02:08:44Z show
2026-05-01T02:08:44Z list
2026-05-01T02:08:44Z add
2026-05-01T02:08:44Z show
2026-05-01T02:08:44Z list
2026-05-01T02:08:44Z add
2026-05-01T02:08:44Z show
2026-05-01T02:08:44Z list
2026-05-01T02:08:44Z add
2026-05-01T02:08:45Z ready
2026-05-01T02:11:53Z show
2026-05-01T02:11:53Z list
2026-05-01T02:11:53Z add
2026-05-01T02:11:53Z show
2026-05-01T02:11:53Z list
2026-05-01T02:11:53Z add
2026-05-01T02:11:53Z show
2026-05-01T02:11:53Z list
2026-05-01T02:11:53Z add
2026-05-01T02:11:53Z ready
2026-05-01T02:15:57Z show
2026-05-01T02:15:57Z list
2026-05-01T02:15:57Z add
2026-05-01T02:15:57Z show
2026-05-01T02:15:57Z list
2026-05-01T02:15:57Z add
2026-05-01T02:15:57Z show
2026-05-01T02:15:57Z list
2026-05-01T02:15:57Z add
2026-05-01T02:15:58Z ready
2026-05-01T02:18:57Z show
2026-05-01T02:18:57Z list
2026-05-01T02:18:57Z add
2026-05-01T02:18:57Z show
2026-05-01T02:18:57Z list
2026-05-01T02:18:57Z add
2026-05-01T02:18:57Z show
2026-05-01T02:18:57Z list
2026-05-01T02:18:57Z add
2026-05-01T02:18:58Z ready
2026-05-01T02:22:05Z show
2026-05-01T02:22:05Z list
2026-05-01T02:22:06Z add
2026-05-01T02:22:06Z show
2026-05-01T02:22:06Z list
2026-05-01T02:22:06Z add
2026-05-01T02:22:06Z show
2026-05-01T02:22:06Z list
2026-05-01T02:22:06Z add
2026-05-01T02:22:06Z ready
2026-05-01T02:25:07Z show
2026-05-01T02:25:07Z list
2026-05-01T02:25:07Z add
2026-05-01T02:25:07Z show
2026-05-01T02:25:07Z list
2026-05-01T02:25:07Z add
2026-05-01T02:25:07Z show
2026-05-01T02:25:07Z list
2026-05-01T02:25:07Z add
2026-05-01T02:25:07Z ready
2026-05-01T02:28:07Z show
2026-05-01T02:28:07Z list
2026-05-01T02:28:07Z add
2026-05-01T02:28:07Z show
2026-05-01T02:28:07Z list
2026-05-01T02:28:07Z add
2026-05-01T02:28:07Z show
2026-05-01T02:28:07Z list
2026-05-01T02:28:07Z add
2026-05-01T02:28:07Z ready
2026-05-01T02:31:45Z show
2026-05-01T02:31:46Z list
2026-05-01T02:31:46Z add
2026-05-01T02:31:46Z show
2026-05-01T02:31:46Z list
2026-05-01T02:31:46Z add
2026-05-01T02:31:46Z show
2026-05-01T02:31:46Z list
2026-05-01T02:31:46Z add
2026-05-01T02:31:46Z ready
2026-05-01T02:34:42Z show
2026-05-01T02:34:42Z list
2026-05-01T02:34:42Z add
2026-05-01T02:34:42Z show
2026-05-01T02:34:42Z list
2026-05-01T02:34:42Z add
2026-05-01T02:34:42Z show
2026-05-01T02:34:42Z list
2026-05-01T02:34:42Z add
2026-05-01T02:34:42Z ready
2026-05-01T02:37:44Z show
2026-05-01T02:37:44Z list
2026-05-01T02:37:44Z add
2026-05-01T02:37:44Z show
2026-05-01T02:37:44Z list
2026-05-01T02:37:44Z add
2026-05-01T02:37:44Z show
2026-05-01T02:37:44Z list
2026-05-01T02:37:44Z add
2026-05-01T02:37:45Z ready
2026-05-01T02:40:54Z show
2026-05-01T02:40:54Z list
2026-05-01T02:40:54Z add
2026-05-01T02:40:54Z show
2026-05-01T02:40:54Z list
2026-05-01T02:40:54Z add
2026-05-01T02:40:54Z show
2026-05-01T02:40:54Z list
2026-05-01T02:40:54Z add
2026-05-01T02:40:54Z ready
2026-05-01T02:43:50Z show
2026-05-01T02:43:50Z list
2026-05-01T02:43:50Z add
2026-05-01T02:43:50Z show
2026-05-01T02:43:50Z list
2026-05-01T02:43:50Z add
2026-05-01T02:43:50Z show
2026-05-01T02:43:50Z list
2026-05-01T02:43:50Z add
2026-05-01T02:43:50Z ready
2026-05-01T02:46:44Z show
2026-05-01T02:46:44Z list
2026-05-01T02:46:44Z add
2026-05-01T02:46:44Z show
2026-05-01T02:46:44Z list
2026-05-01T02:46:44Z add
2026-05-01T02:46:44Z show
2026-05-01T02:46:44Z list
2026-05-01T02:46:44Z add
2026-05-01T02:46:44Z ready
2026-05-01T02:50:03Z show
2026-05-01T02:50:03Z list
2026-05-01T02:50:03Z add
2026-05-01T02:50:03Z show
2026-05-01T02:50:03Z list
2026-05-01T02:50:03Z add
2026-05-01T02:50:03Z show
2026-05-01T02:50:03Z list
2026-05-01T02:50:03Z add
2026-05-01T02:50:03Z ready
2026-05-01T02:53:02Z show
2026-05-01T02:53:02Z list
2026-05-01T02:53:02Z add
2026-05-01T02:53:02Z show
2026-05-01T02:53:02Z list
2026-05-01T02:53:02Z add
2026-05-01T02:53:02Z show
2026-05-01T02:53:02Z list
2026-05-01T02:53:02Z add
2026-05-01T02:53:02Z ready
2026-05-01T02:55:59Z show
2026-05-01T02:55:59Z list
2026-05-01T02:55:59Z add
2026-05-01T02:55:59Z show
2026-05-01T02:55:59Z list
2026-05-01T02:55:59Z add
2026-05-01T02:55:59Z show
2026-05-01T02:55:59Z list
2026-05-01T02:55:59Z add
2026-05-01T02:55:59Z ready
2026-05-01T02:59:07Z show
2026-05-01T02:59:07Z list
2026-05-01T02:59:07Z add
2026-05-01T02:59:07Z show
2026-05-01T02:59:07Z list
2026-05-01T02:59:07Z add
2026-05-01T02:59:07Z show
2026-05-01T02:59:07Z list
2026-05-01T02:59:07Z add
2026-05-01T02:59:07Z ready
2026-05-01T03:02:02Z show
2026-05-01T03:02:02Z list
2026-05-01T03:02:02Z add
2026-05-01T03:02:02Z show
2026-05-01T03:02:02Z list
2026-05-01T03:02:02Z add
2026-05-01T03:02:02Z show
2026-05-01T03:02:02Z list
2026-05-01T03:02:02Z add
2026-05-01T03:02:02Z ready
2026-05-01T03:04:59Z show
2026-05-01T03:04:59Z list
2026-05-01T03:04:59Z add
2026-05-01T03:04:59Z show
2026-05-01T03:04:59Z list
2026-05-01T03:04:59Z add
2026-05-01T03:04:59Z show
2026-05-01T03:04:59Z list
2026-05-01T03:04:59Z add
2026-05-01T03:04:59Z ready
2026-05-01T03:08:12Z show
2026-05-01T03:08:12Z list
2026-05-01T03:08:12Z add
2026-05-01T03:08:12Z show
2026-05-01T03:08:12Z list
2026-05-01T03:08:12Z add
2026-05-01T03:08:12Z show
2026-05-01T03:08:12Z list
2026-05-01T03:08:12Z add
2026-05-01T03:08:12Z ready
2026-05-01T03:11:11Z show
2026-05-01T03:11:11Z list
2026-05-01T03:11:11Z add
2026-05-01T03:11:11Z show
2026-05-01T03:11:11Z list
2026-05-01T03:11:11Z add
2026-05-01T03:11:11Z show
2026-05-01T03:11:11Z list
2026-05-01T03:11:11Z add
2026-05-01T03:11:12Z ready
2026-05-01T03:14:09Z show
2026-05-01T03:14:09Z list
2026-05-01T03:14:09Z add
2026-05-01T03:14:09Z show
2026-05-01T03:14:09Z list
2026-05-01T03:14:09Z add
2026-05-01T03:14:09Z show
2026-05-01T03:14:09Z list
2026-05-01T03:14:09Z add
2026-05-01T03:14:09Z ready
2026-05-01T03:17:15Z show
2026-05-01T03:17:15Z list
2026-05-01T03:17:15Z add
2026-05-01T03:17:15Z show
2026-05-01T03:17:15Z list
2026-05-01T03:17:15Z add
2026-05-01T03:17:15Z show
2026-05-01T03:17:15Z list
2026-05-01T03:17:15Z add
2026-05-01T03:17:15Z ready
2026-05-01T03:20:14Z show
2026-05-01T03:20:14Z list
2026-05-01T03:20:14Z add
2026-05-01T03:20:14Z show
2026-05-01T03:20:14Z list
2026-05-01T03:20:14Z add
2026-05-01T03:20:14Z show
2026-05-01T03:20:14Z list
2026-05-01T03:20:14Z add
2026-05-01T03:20:14Z ready
2026-05-01T03:23:12Z show
2026-05-01T03:23:12Z list
2026-05-01T03:23:12Z add
2026-05-01T03:23:12Z show
2026-05-01T03:23:12Z list
2026-05-01T03:23:12Z add
2026-05-01T03:23:12Z show
2026-05-01T03:23:12Z list
2026-05-01T03:23:12Z add
2026-05-01T03:23:12Z ready
2026-05-01T03:26:27Z show
2026-05-01T03:26:27Z list
2026-05-01T03:26:27Z add
2026-05-01T03:26:27Z show
2026-05-01T03:26:27Z list
2026-05-01T03:26:27Z add
2026-05-01T03:26:27Z show
2026-05-01T03:26:27Z list
2026-05-01T03:26:27Z add
2026-05-01T03:26:27Z ready
2026-05-01T03:29:28Z show
2026-05-01T03:29:28Z list
2026-05-01T03:29:28Z add
2026-05-01T03:29:28Z show
2026-05-01T03:29:29Z list
2026-05-01T03:29:29Z add
2026-05-01T03:29:29Z show
2026-05-01T03:29:29Z list
2026-05-01T03:29:29Z add
2026-05-01T03:29:29Z ready
2026-05-01T03:32:27Z show
2026-05-01T03:32:27Z list
2026-05-01T03:32:27Z add
2026-05-01T03:32:27Z show
2026-05-01T03:32:27Z list
2026-05-01T03:32:27Z add
2026-05-01T03:32:27Z show
2026-05-01T03:32:27Z list
2026-05-01T03:32:27Z add
2026-05-01T03:32:27Z ready
2026-05-01T03:35:32Z show
2026-05-01T03:35:32Z list
2026-05-01T03:35:32Z add
2026-05-01T03:35:32Z show
2026-05-01T03:35:32Z list
2026-05-01T03:35:32Z add
2026-05-01T03:35:32Z show
2026-05-01T03:35:32Z list
2026-05-01T03:35:32Z add
2026-05-01T03:35:33Z ready
2026-05-01T03:38:34Z show
2026-05-01T03:38:34Z list
2026-05-01T03:38:34Z add
2026-05-01T03:38:34Z show
2026-05-01T03:38:34Z list
2026-05-01T03:38:34Z add
2026-05-01T03:38:34Z show
2026-05-01T03:38:34Z list
2026-05-01T03:38:34Z add
2026-05-01T03:38:35Z ready
2026-05-01T03:41:39Z show
2026-05-01T03:41:39Z list
2026-05-01T03:41:39Z add
2026-05-01T03:41:39Z show
2026-05-01T03:41:39Z list
2026-05-01T03:41:39Z add
2026-05-01T03:41:39Z show
2026-05-01T03:41:39Z list
2026-05-01T03:41:39Z add
2026-05-01T03:41:39Z ready
2026-05-01T03:44:43Z show
2026-05-01T03:44:43Z list
2026-05-01T03:44:43Z add
2026-05-01T03:44:43Z show
2026-05-01T03:44:43Z list
2026-05-01T03:44:43Z add
2026-05-01T03:44:43Z show
2026-05-01T03:44:43Z list
2026-05-01T03:44:43Z add
2026-05-01T03:44:43Z ready
2026-05-01T03:47:46Z show
2026-05-01T03:47:46Z list
2026-05-01T03:47:46Z add
2026-05-01T03:47:46Z show
2026-05-01T03:47:46Z list
2026-05-01T03:47:46Z add
2026-05-01T03:47:46Z show
2026-05-01T03:47:46Z list
2026-05-01T03:47:46Z add
2026-05-01T03:47:46Z ready
2026-05-01T03:50:40Z show
2026-05-01T03:50:40Z list
2026-05-01T03:50:40Z add
2026-05-01T03:50:40Z show
2026-05-01T03:50:40Z list
2026-05-01T03:50:40Z add
2026-05-01T03:50:40Z show
2026-05-01T03:50:40Z list
2026-05-01T03:50:40Z add
2026-05-01T03:50:40Z ready
2026-05-01T03:53:58Z show
2026-05-01T03:53:58Z list
2026-05-01T03:53:58Z add
2026-05-01T03:53:58Z show
2026-05-01T03:53:58Z list
2026-05-01T03:53:58Z add
2026-05-01T03:53:58Z show
2026-05-01T03:53:58Z list
2026-05-01T03:53:58Z add
2026-05-01T03:53:58Z ready
2026-05-01T03:57:02Z show
2026-05-01T03:57:02Z list
2026-05-01T03:57:02Z add
2026-05-01T03:57:02Z show
2026-05-01T03:57:02Z list
2026-05-01T03:57:02Z add
2026-05-01T03:57:02Z show
2026-05-01T03:57:02Z list
2026-05-01T03:57:02Z add
2026-05-01T03:57:02Z ready
2026-05-01T04:00:00Z show
2026-05-01T04:00:00Z list
2026-05-01T04:00:00Z add
2026-05-01T04:00:00Z show
2026-05-01T04:00:00Z list
2026-05-01T04:00:00Z add
2026-05-01T04:00:00Z show
2026-05-01T04:00:00Z list
2026-05-01T04:00:00Z add
2026-05-01T04:00:00Z ready
2026-05-01T04:03:10Z show
2026-05-01T04:03:10Z list
2026-05-01T04:03:10Z add
2026-05-01T04:03:10Z show
2026-05-01T04:03:10Z list
2026-05-01T04:03:10Z add
2026-05-01T04:03:10Z show
2026-05-01T04:03:10Z list
2026-05-01T04:03:10Z add
2026-05-01T04:03:10Z ready
2026-05-01T04:06:03Z show
2026-05-01T04:06:03Z list
2026-05-01T04:06:03Z add
2026-05-01T04:06:03Z show
2026-05-01T04:06:03Z list
2026-05-01T04:06:03Z add
2026-05-01T04:06:03Z show
2026-05-01T04:06:03Z list
2026-05-01T04:06:03Z add
2026-05-01T04:06:03Z ready
2026-05-01T04:09:01Z show
2026-05-01T04:09:01Z list
2026-05-01T04:09:01Z add
2026-05-01T04:09:01Z show
2026-05-01T04:09:01Z list
2026-05-01T04:09:01Z add
2026-05-01T04:09:01Z show
2026-05-01T04:09:01Z list
2026-05-01T04:09:01Z add
2026-05-01T04:09:01Z ready
2026-05-01T04:12:06Z show
2026-05-01T04:12:06Z list
2026-05-01T04:12:06Z add
2026-05-01T04:12:06Z show
2026-05-01T04:12:06Z list
2026-05-01T04:12:06Z add
2026-05-01T04:12:06Z show
2026-05-01T04:12:06Z list
2026-05-01T04:12:06Z add
2026-05-01T04:12:06Z ready
2026-05-01T04:15:05Z show
2026-05-01T04:15:05Z list
2026-05-01T04:15:05Z add
2026-05-01T04:15:05Z show
2026-05-01T04:15:05Z list
2026-05-01T04:15:05Z add
2026-05-01T04:15:05Z show
2026-05-01T04:15:05Z list
2026-05-01T04:15:05Z add
2026-05-01T04:15:05Z ready
2026-05-01T04:18:11Z show
2026-05-01T04:18:11Z list
2026-05-01T04:18:11Z add
2026-05-01T04:18:11Z show
2026-05-01T04:18:11Z list
2026-05-01T04:18:11Z add
2026-05-01T04:18:11Z show
2026-05-01T04:18:11Z list
2026-05-01T04:18:11Z add
2026-05-01T04:18:11Z ready
2026-05-01T04:21:20Z show
2026-05-01T04:21:20Z list
2026-05-01T04:21:20Z add
2026-05-01T04:21:20Z show
2026-05-01T04:21:20Z list
2026-05-01T04:21:20Z add
2026-05-01T04:21:20Z show
2026-05-01T04:21:20Z list
2026-05-01T04:21:20Z add
2026-05-01T04:21:20Z ready
2026-05-01T04:25:19Z show
2026-05-01T04:25:19Z list
2026-05-01T04:25:19Z add
2026-05-01T04:25:19Z show
2026-05-01T04:25:19Z list
2026-05-01T04:25:19Z add
2026-05-01T04:25:19Z show
2026-05-01T04:25:19Z list
2026-05-01T04:25:19Z add
2026-05-01T04:25:19Z ready
2026-05-01T04:28:27Z show
2026-05-01T04:28:27Z list
2026-05-01T04:28:27Z add
2026-05-01T04:28:27Z show
2026-05-01T04:28:27Z list
2026-05-01T04:28:27Z add
2026-05-01T04:28:27Z show
2026-05-01T04:28:27Z list
2026-05-01T04:28:27Z add
2026-05-01T04:28:27Z ready
2026-05-01T04:31:36Z show
2026-05-01T04:31:36Z list
2026-05-01T04:31:36Z add
2026-05-01T04:31:36Z show
2026-05-01T04:31:36Z list
2026-05-01T04:31:36Z add
2026-05-01T04:31:36Z show
2026-05-01T04:31:36Z list
2026-05-01T04:31:36Z add
2026-05-01T04:31:37Z ready
2026-05-01T04:34:41Z show
2026-05-01T04:34:41Z list
2026-05-01T04:34:41Z add
2026-05-01T04:34:41Z show
2026-05-01T04:34:41Z list
2026-05-01T04:34:41Z add
2026-05-01T04:34:41Z show
2026-05-01T04:34:41Z list
2026-05-01T04:34:41Z add
2026-05-01T04:34:41Z ready
2026-05-01T04:38:43Z show
2026-05-01T04:38:43Z list
2026-05-01T04:38:43Z add
2026-05-01T04:38:43Z show
2026-05-01T04:38:43Z list
2026-05-01T04:38:43Z add
2026-05-01T04:38:43Z show
2026-05-01T04:38:43Z list
2026-05-01T04:38:43Z add
2026-05-01T04:38:43Z ready
2026-05-01T04:41:58Z show
2026-05-01T04:41:58Z list
2026-05-01T04:41:58Z add
2026-05-01T04:41:58Z show
2026-05-01T04:41:58Z list
2026-05-01T04:41:58Z add
2026-05-01T04:41:58Z show
2026-05-01T04:41:58Z list
2026-05-01T04:41:58Z add
2026-05-01T04:41:58Z ready
2026-05-01T04:44:58Z show
2026-05-01T04:44:58Z list
2026-05-01T04:44:58Z add
2026-05-01T04:44:58Z show
2026-05-01T04:44:58Z list
2026-05-01T04:44:58Z add
2026-05-01T04:44:58Z show
2026-05-01T04:44:58Z list
2026-05-01T04:44:58Z add
2026-05-01T04:44:58Z ready
2026-05-01T04:47:59Z show
2026-05-01T04:47:59Z list
2026-05-01T04:47:59Z add
2026-05-01T04:47:59Z show
2026-05-01T04:47:59Z list
2026-05-01T04:47:59Z add
2026-05-01T04:47:59Z show
2026-05-01T04:47:59Z list
2026-05-01T04:47:59Z add
2026-05-01T04:47:59Z ready
2026-05-01T04:51:07Z show
2026-05-01T04:51:07Z list
2026-05-01T04:51:07Z add
2026-05-01T04:51:07Z show
2026-05-01T04:51:07Z list
2026-05-01T04:51:07Z add
2026-05-01T04:51:07Z show
2026-05-01T04:51:07Z list
2026-05-01T04:51:07Z add
2026-05-01T04:51:07Z ready
2026-05-01T04:54:04Z show
2026-05-01T04:54:04Z list
2026-05-01T04:54:04Z add
2026-05-01T04:54:04Z show
2026-05-01T04:54:04Z list
2026-05-01T04:54:04Z add
2026-05-01T04:54:04Z show
2026-05-01T04:54:04Z list
2026-05-01T04:54:04Z add
2026-05-01T04:54:04Z ready
2026-05-01T04:56:58Z show
2026-05-01T04:56:58Z list
2026-05-01T04:56:58Z add
2026-05-01T04:56:58Z show
2026-05-01T04:56:58Z list
2026-05-01T04:56:58Z add
2026-05-01T04:56:58Z show
2026-05-01T04:56:58Z list
2026-05-01T04:56:58Z add
2026-05-01T04:56:58Z ready
2026-05-01T05:00:22Z show
2026-05-01T05:00:22Z list
2026-05-01T05:00:22Z add
2026-05-01T05:00:22Z show
2026-05-01T05:00:22Z list
2026-05-01T05:00:22Z add
2026-05-01T05:00:22Z show
2026-05-01T05:00:22Z list
2026-05-01T05:00:22Z add
2026-05-01T05:00:23Z ready
2026-05-01T05:03:24Z show
2026-05-01T05:03:24Z list
2026-05-01T05:03:24Z add
2026-05-01T05:03:24Z show
2026-05-01T05:03:24Z list
2026-05-01T05:03:24Z add
2026-05-01T05:03:24Z show
2026-05-01T05:03:24Z list
2026-05-01T05:03:24Z add
2026-05-01T05:03:24Z ready
2026-05-01T05:06:24Z show
2026-05-01T05:06:24Z list
2026-05-01T05:06:24Z add
2026-05-01T05:06:24Z show
2026-05-01T05:06:24Z list
2026-05-01T05:06:24Z add
2026-05-01T05:06:24Z show
2026-05-01T05:06:24Z list
2026-05-01T05:06:24Z add
2026-05-01T05:06:24Z ready
2026-05-01T05:10:45Z show
2026-05-01T05:10:45Z list
2026-05-01T05:10:45Z add
2026-05-01T05:10:45Z show
2026-05-01T05:10:45Z list
2026-05-01T05:10:45Z add
2026-05-01T05:10:45Z show
2026-05-01T05:10:45Z list
2026-05-01T05:10:45Z add
2026-05-01T05:10:45Z ready
2026-05-01T05:13:49Z show
2026-05-01T05:13:49Z list
2026-05-01T05:13:49Z add
2026-05-01T05:13:49Z show
2026-05-01T05:13:49Z list
2026-05-01T05:13:49Z add
2026-05-01T05:13:49Z show
2026-05-01T05:13:49Z list
2026-05-01T05:13:49Z add
2026-05-01T05:13:49Z ready
2026-05-01T05:16:58Z show
2026-05-01T05:16:59Z list
2026-05-01T05:16:59Z add
2026-05-01T05:16:59Z show
2026-05-01T05:16:59Z list
2026-05-01T05:16:59Z add
2026-05-01T05:16:59Z show
2026-05-01T05:16:59Z list
2026-05-01T05:16:59Z add
2026-05-01T05:16:59Z ready
2026-05-01T05:20:05Z show
2026-05-01T05:20:05Z list
2026-05-01T05:20:05Z add
2026-05-01T05:20:05Z show
2026-05-01T05:20:05Z list
2026-05-01T05:20:05Z add
2026-05-01T05:20:05Z show
2026-05-01T05:20:05Z list
2026-05-01T05:20:05Z add
2026-05-01T05:20:05Z ready
2026-05-01T05:23:09Z show
2026-05-01T05:23:09Z list
2026-05-01T05:23:09Z add
2026-05-01T05:23:09Z show
2026-05-01T05:23:09Z list
2026-05-01T05:23:09Z add
2026-05-01T05:23:09Z show
2026-05-01T05:23:09Z list
2026-05-01T05:23:09Z add
2026-05-01T05:23:09Z ready
2026-05-01T05:26:11Z show
2026-05-01T05:26:11Z list
2026-05-01T05:26:11Z add
2026-05-01T05:26:11Z show
2026-05-01T05:26:11Z list
2026-05-01T05:26:11Z add
2026-05-01T05:26:11Z show
2026-05-01T05:26:11Z list
2026-05-01T05:26:11Z add
2026-05-01T05:26:11Z ready
2026-05-01T05:29:22Z show
2026-05-01T05:29:22Z list
2026-05-01T05:29:22Z add
2026-05-01T05:29:22Z show
2026-05-01T05:29:22Z list
2026-05-01T05:29:22Z add
2026-05-01T05:29:22Z show
2026-05-01T05:29:22Z list
2026-05-01T05:29:22Z add
2026-05-01T05:29:22Z ready
2026-05-01T05:32:18Z show
2026-05-01T05:32:18Z list
2026-05-01T05:32:18Z add
2026-05-01T05:32:18Z show
2026-05-01T05:32:18Z list
2026-05-01T05:32:18Z add
2026-05-01T05:32:18Z show
2026-05-01T05:32:18Z list
2026-05-01T05:32:18Z add
2026-05-01T05:32:18Z ready
2026-05-01T05:35:17Z show
2026-05-01T05:35:17Z list
2026-05-01T05:35:17Z add
2026-05-01T05:35:17Z show
2026-05-01T05:35:17Z list
2026-05-01T05:35:17Z add
2026-05-01T05:35:17Z show
2026-05-01T05:35:17Z list
2026-05-01T05:35:17Z add
2026-05-01T05:35:17Z ready
2026-05-01T05:38:32Z show
2026-05-01T05:38:32Z list
2026-05-01T05:38:32Z add
2026-05-01T05:38:32Z show
2026-05-01T05:38:32Z list
2026-05-01T05:38:32Z add
2026-05-01T05:38:32Z show
2026-05-01T05:38:32Z list
2026-05-01T05:38:32Z add
2026-05-01T05:38:32Z ready
2026-05-01T05:41:36Z show
2026-05-01T05:41:36Z list
2026-05-01T05:41:36Z add
2026-05-01T05:41:36Z show
2026-05-01T05:41:36Z list
2026-05-01T05:41:36Z add
2026-05-01T05:41:36Z show
2026-05-01T05:41:36Z list
2026-05-01T05:41:36Z add
2026-05-01T05:41:36Z ready
2026-05-01T05:44:46Z show
2026-05-01T05:44:46Z list
2026-05-01T05:44:46Z add
2026-05-01T05:44:46Z show
2026-05-01T05:44:46Z list
2026-05-01T05:44:46Z add
2026-05-01T05:44:46Z show
2026-05-01T05:44:46Z list
2026-05-01T05:44:46Z add
2026-05-01T05:44:46Z ready
2026-05-01T05:49:06Z show
2026-05-01T05:49:06Z list
2026-05-01T05:49:06Z add
2026-05-01T05:49:06Z show
2026-05-01T05:49:06Z list
2026-05-01T05:49:06Z add
2026-05-01T05:49:06Z show
2026-05-01T05:49:06Z list
2026-05-01T05:49:06Z add
2026-05-01T05:49:06Z ready
2026-05-01T05:52:07Z show
2026-05-01T05:52:07Z list
2026-05-01T05:52:07Z add
2026-05-01T05:52:07Z show
2026-05-01T05:52:08Z list
2026-05-01T05:52:08Z add
2026-05-01T05:52:08Z show
2026-05-01T05:52:08Z list
2026-05-01T05:52:08Z add
2026-05-01T05:52:08Z ready
2026-05-01T05:55:20Z show
2026-05-01T05:55:20Z list
2026-05-01T05:55:20Z add
2026-05-01T05:55:20Z show
2026-05-01T05:55:20Z list
2026-05-01T05:55:20Z add
2026-05-01T05:55:20Z show
2026-05-01T05:55:20Z list
2026-05-01T05:55:20Z add
2026-05-01T05:55:20Z ready
2026-05-01T05:59:31Z show
2026-05-01T05:59:31Z list
2026-05-01T05:59:31Z add
2026-05-01T05:59:31Z show
2026-05-01T05:59:31Z list
2026-05-01T05:59:31Z add
2026-05-01T05:59:31Z show
2026-05-01T05:59:31Z list
2026-05-01T05:59:31Z add
2026-05-01T05:59:31Z ready
2026-05-01T06:02:29Z show
2026-05-01T06:02:29Z list
2026-05-01T06:02:29Z add
2026-05-01T06:02:29Z show
2026-05-01T06:02:29Z list
2026-05-01T06:02:29Z add
2026-05-01T06:02:29Z show
2026-05-01T06:02:29Z list
2026-05-01T06:02:29Z add
2026-05-01T06:02:29Z ready
2026-05-01T06:06:30Z show
2026-05-01T06:06:30Z list
2026-05-01T06:06:30Z add
2026-05-01T06:06:30Z show
2026-05-01T06:06:30Z list
2026-05-01T06:06:30Z add
2026-05-01T06:06:30Z show
2026-05-01T06:06:30Z list
2026-05-01T06:06:30Z add
2026-05-01T06:06:30Z ready
2026-05-01T06:09:54Z show
2026-05-01T06:09:54Z list
2026-05-01T06:09:54Z add
2026-05-01T06:09:54Z show
2026-05-01T06:09:54Z list
2026-05-01T06:09:54Z add
2026-05-01T06:09:54Z show
2026-05-01T06:09:54Z list
2026-05-01T06:09:54Z add
2026-05-01T06:09:54Z ready
2026-05-01T06:12:56Z show
2026-05-01T06:12:56Z list
2026-05-01T06:12:56Z add
2026-05-01T06:12:56Z show
2026-05-01T06:12:56Z list
2026-05-01T06:12:56Z add
2026-05-01T06:12:56Z show
2026-05-01T06:12:56Z list
2026-05-01T06:12:56Z add
2026-05-01T06:12:57Z ready
2026-05-01T06:16:04Z show
2026-05-01T06:16:04Z list
2026-05-01T06:16:04Z add
2026-05-01T06:16:04Z show
2026-05-01T06:16:04Z list
2026-05-01T06:16:04Z add
2026-05-01T06:16:04Z show
2026-05-01T06:16:04Z list
2026-05-01T06:16:04Z add
2026-05-01T06:16:05Z ready
2026-05-01T06:19:17Z show
2026-05-01T06:19:17Z list
2026-05-01T06:19:17Z add
2026-05-01T06:19:17Z show
2026-05-01T06:19:17Z list
2026-05-01T06:19:17Z add
2026-05-01T06:19:17Z show
2026-05-01T06:19:17Z list
2026-05-01T06:19:17Z add
2026-05-01T06:19:17Z ready
2026-05-01T06:22:22Z show
2026-05-01T06:22:22Z list
2026-05-01T06:22:22Z add
2026-05-01T06:22:22Z show
2026-05-01T06:22:22Z list
2026-05-01T06:22:22Z add
2026-05-01T06:22:22Z show
2026-05-01T06:22:22Z list
2026-05-01T06:22:22Z add
2026-05-01T06:22:22Z ready
2026-05-01T06:25:24Z show
2026-05-01T06:25:24Z list
2026-05-01T06:25:24Z add
2026-05-01T06:25:24Z show
2026-05-01T06:25:24Z list
2026-05-01T06:25:24Z add
2026-05-01T06:25:24Z show
2026-05-01T06:25:24Z list
2026-05-01T06:25:24Z add
2026-05-01T06:25:24Z ready
2026-05-01T06:28:34Z show
2026-05-01T06:28:34Z list
2026-05-01T06:28:34Z add
2026-05-01T06:28:34Z show
2026-05-01T06:28:34Z list
2026-05-01T06:28:34Z add
2026-05-01T06:28:34Z show
2026-05-01T06:28:34Z list
2026-05-01T06:28:34Z add
2026-05-01T06:28:34Z ready
2026-05-01T06:32:39Z show
2026-05-01T06:32:39Z list
2026-05-01T06:32:39Z add
2026-05-01T06:32:39Z show
2026-05-01T06:32:39Z list
2026-05-01T06:32:39Z add
2026-05-01T06:32:39Z show
2026-05-01T06:32:40Z list
2026-05-01T06:32:40Z add
2026-05-01T06:32:40Z ready
2026-05-01T06:35:49Z show
2026-05-01T06:35:49Z list
2026-05-01T06:35:49Z add
2026-05-01T06:35:49Z show
2026-05-01T06:35:49Z list
2026-05-01T06:35:49Z add
2026-05-01T06:35:49Z show
2026-05-01T06:35:49Z list
2026-05-01T06:35:49Z add
2026-05-01T06:35:49Z ready
2026-05-01T06:38:55Z show
2026-05-01T06:38:55Z list
2026-05-01T06:38:55Z add
2026-05-01T06:38:55Z show
2026-05-01T06:38:55Z list
2026-05-01T06:38:55Z add
2026-05-01T06:38:55Z show
2026-05-01T06:38:55Z list
2026-05-01T06:38:55Z add
2026-05-01T06:38:55Z ready
2026-05-01T06:42:32Z show
2026-05-01T06:42:32Z list
2026-05-01T06:42:32Z add
2026-05-01T06:42:32Z show
2026-05-01T06:42:32Z list
2026-05-01T06:42:32Z add
2026-05-01T06:42:33Z show
2026-05-01T06:42:33Z list
2026-05-01T06:42:33Z add
2026-05-01T06:42:33Z ready
2026-05-01T06:45:34Z show
2026-05-01T06:45:34Z list
2026-05-01T06:45:34Z add
2026-05-01T06:45:34Z show
2026-05-01T06:45:34Z list
2026-05-01T06:45:34Z add
2026-05-01T06:45:34Z show
2026-05-01T06:45:34Z list
2026-05-01T06:45:34Z add
2026-05-01T06:45:34Z ready
2026-05-01T06:48:45Z show
2026-05-01T06:48:45Z list
2026-05-01T06:48:45Z add
2026-05-01T06:48:45Z show
2026-05-01T06:48:45Z list
2026-05-01T06:48:45Z add
2026-05-01T06:48:45Z show
2026-05-01T06:48:45Z list
2026-05-01T06:48:45Z add
2026-05-01T06:48:45Z ready
2026-05-01T06:52:03Z show
2026-05-01T06:52:03Z list
2026-05-01T06:52:03Z add
2026-05-01T06:52:03Z show
2026-05-01T06:52:03Z list
2026-05-01T06:52:03Z add
2026-05-01T06:52:03Z show
2026-05-01T06:52:03Z list
2026-05-01T06:52:03Z add
2026-05-01T06:52:03Z ready
2026-05-01T06:55:01Z show
2026-05-01T06:55:01Z list
2026-05-01T06:55:01Z add
2026-05-01T06:55:01Z show
2026-05-01T06:55:01Z list
2026-05-01T06:55:01Z add
2026-05-01T06:55:01Z show
2026-05-01T06:55:01Z list
2026-05-01T06:55:01Z add
2026-05-01T06:55:01Z ready
2026-05-01T06:58:20Z show
2026-05-01T06:58:20Z list
2026-05-01T06:58:20Z add
2026-05-01T06:58:20Z show
2026-05-01T06:58:20Z list
2026-05-01T06:58:20Z add
2026-05-01T06:58:20Z show
2026-05-01T06:58:20Z list
2026-05-01T06:58:20Z add
2026-05-01T06:58:20Z ready
2026-05-01T07:02:38Z show
2026-05-01T07:02:38Z list
2026-05-01T07:02:38Z add
2026-05-01T07:02:38Z show
2026-05-01T07:02:38Z list
2026-05-01T07:02:38Z add
2026-05-01T07:02:38Z show
2026-05-01T07:02:38Z list
2026-05-01T07:02:38Z add
2026-05-01T07:02:39Z ready
2026-05-01T07:05:58Z show
2026-05-01T07:05:58Z list
2026-05-01T07:05:58Z add
2026-05-01T07:05:58Z show
2026-05-01T07:05:58Z list
2026-05-01T07:05:58Z add
2026-05-01T07:05:58Z show
2026-05-01T07:05:58Z list
2026-05-01T07:05:58Z add
2026-05-01T07:05:58Z ready
2026-05-01T07:09:08Z show
2026-05-01T07:09:08Z list
2026-05-01T07:09:08Z add
2026-05-01T07:09:08Z show
2026-05-01T07:09:08Z list
2026-05-01T07:09:08Z add
2026-05-01T07:09:08Z show
2026-05-01T07:09:08Z list
2026-05-01T07:09:08Z add
2026-05-01T07:09:08Z ready
2026-05-01T07:12:35Z show
2026-05-01T07:12:35Z list
2026-05-01T07:12:35Z add
2026-05-01T07:12:35Z show
2026-05-01T07:12:35Z list
2026-05-01T07:12:35Z add
2026-05-01T07:12:35Z show
2026-05-01T07:12:35Z list
2026-05-01T07:12:35Z add
2026-05-01T07:12:36Z ready
2026-05-01T07:15:39Z show
2026-05-01T07:15:39Z list
2026-05-01T07:15:39Z add
2026-05-01T07:15:39Z show
2026-05-01T07:15:39Z list
2026-05-01T07:15:39Z add
2026-05-01T07:15:39Z show
2026-05-01T07:15:39Z list
2026-05-01T07:15:39Z add
2026-05-01T07:15:39Z ready
2026-05-01T07:18:51Z show
2026-05-01T07:18:51Z list
2026-05-01T07:18:51Z add
2026-05-01T07:18:51Z show
2026-05-01T07:18:51Z list
2026-05-01T07:18:51Z add
2026-05-01T07:18:51Z show
2026-05-01T07:18:51Z list
2026-05-01T07:18:51Z add
2026-05-01T07:18:51Z ready
2026-05-01T07:21:50Z show
2026-05-01T07:21:50Z list
2026-05-01T07:21:50Z add
2026-05-01T07:21:50Z show
2026-05-01T07:21:50Z list
2026-05-01T07:21:50Z add
2026-05-01T07:21:50Z show
2026-05-01T07:21:50Z list
2026-05-01T07:21:50Z add
2026-05-01T07:21:50Z ready
2026-05-01T07:26:03Z show
2026-05-01T07:26:03Z list
2026-05-01T07:26:03Z add
2026-05-01T07:26:03Z show
2026-05-01T07:26:03Z list
2026-05-01T07:26:03Z add
2026-05-01T07:26:03Z show
2026-05-01T07:26:03Z list
2026-05-01T07:26:03Z add
2026-05-01T07:26:03Z ready
2026-05-01T07:31:06Z show
2026-05-01T07:31:06Z list
2026-05-01T07:31:06Z add
2026-05-01T07:31:06Z show
2026-05-01T07:31:06Z list
2026-05-01T07:31:06Z add
2026-05-01T07:31:06Z show
2026-05-01T07:31:06Z list
2026-05-01T07:31:06Z add
2026-05-01T07:31:06Z ready
2026-05-01T07:35:09Z show
2026-05-01T07:35:09Z list
2026-05-01T07:35:09Z add
2026-05-01T07:35:09Z show
2026-05-01T07:35:09Z list
2026-05-01T07:35:09Z add
2026-05-01T07:35:09Z show
2026-05-01T07:35:09Z list
2026-05-01T07:35:09Z add
2026-05-01T07:35:09Z ready
2026-05-01T07:39:30Z show
2026-05-01T07:39:30Z list
2026-05-01T07:39:30Z add
2026-05-01T07:39:30Z show
2026-05-01T07:39:30Z list
2026-05-01T07:39:30Z add
2026-05-01T07:39:30Z show
2026-05-01T07:39:30Z list
2026-05-01T07:39:30Z add
2026-05-01T07:39:30Z ready
2026-05-01T07:43:38Z show
2026-05-01T07:43:38Z list
2026-05-01T07:43:38Z add
2026-05-01T07:43:38Z show
2026-05-01T07:43:38Z list
2026-05-01T07:43:38Z add
2026-05-01T07:43:38Z show
2026-05-01T07:43:38Z list
2026-05-01T07:43:38Z add
2026-05-01T07:43:38Z ready
2026-05-01T07:48:04Z show
2026-05-01T07:48:04Z list
2026-05-01T07:48:04Z add
2026-05-01T07:48:04Z show
2026-05-01T07:48:04Z list
2026-05-01T07:48:04Z add
2026-05-01T07:48:04Z show
2026-05-01T07:48:04Z list
2026-05-01T07:48:04Z add
2026-05-01T07:48:04Z ready
2026-05-01T07:51:06Z show
2026-05-01T07:51:06Z list
2026-05-01T07:51:06Z add
2026-05-01T07:51:06Z show
2026-05-01T07:51:06Z list
2026-05-01T07:51:06Z add
2026-05-01T07:51:06Z show
2026-05-01T07:51:06Z list
2026-05-01T07:51:06Z add
2026-05-01T07:51:06Z ready
2026-05-01T07:55:07Z show
2026-05-01T07:55:07Z list
2026-05-01T07:55:07Z add
2026-05-01T07:55:07Z show
2026-05-01T07:55:07Z list
2026-05-01T07:55:07Z add
2026-05-01T07:55:07Z show
2026-05-01T07:55:07Z list
2026-05-01T07:55:07Z add
2026-05-01T07:55:07Z ready
2026-05-01T07:58:34Z show
2026-05-01T07:58:34Z list
2026-05-01T07:58:34Z add
2026-05-01T07:58:34Z show
2026-05-01T07:58:34Z list
2026-05-01T07:58:34Z add
2026-05-01T07:58:34Z show
2026-05-01T07:58:34Z list
2026-05-01T07:58:34Z add
2026-05-01T07:58:34Z ready
2026-05-01T08:02:39Z show
2026-05-01T08:02:39Z list
2026-05-01T08:02:39Z add
2026-05-01T08:02:39Z show
2026-05-01T08:02:39Z list
2026-05-01T08:02:39Z add
2026-05-01T08:02:39Z show
2026-05-01T08:02:39Z list
2026-05-01T08:02:39Z add
2026-05-01T08:02:39Z ready
2026-05-01T08:07:01Z show
2026-05-01T08:07:01Z list
2026-05-01T08:07:01Z add
2026-05-01T08:07:01Z show
2026-05-01T08:07:01Z list
2026-05-01T08:07:01Z add
2026-05-01T08:07:01Z show
2026-05-01T08:07:01Z list
2026-05-01T08:07:01Z add
2026-05-01T08:07:02Z ready
2026-05-01T08:10:03Z show
2026-05-01T08:10:03Z list
2026-05-01T08:10:03Z add
2026-05-01T08:10:03Z show
2026-05-01T08:10:03Z list
2026-05-01T08:10:03Z add
2026-05-01T08:10:03Z show
2026-05-01T08:10:03Z list
2026-05-01T08:10:03Z add
2026-05-01T08:10:03Z ready
2026-05-01T08:13:13Z show
2026-05-01T08:13:13Z list
2026-05-01T08:13:13Z add
2026-05-01T08:13:13Z show
2026-05-01T08:13:13Z list
2026-05-01T08:13:13Z add
2026-05-01T08:13:13Z show
2026-05-01T08:13:13Z list
2026-05-01T08:13:13Z add
2026-05-01T08:13:13Z ready
2026-05-01T08:17:34Z show
2026-05-01T08:17:34Z list
2026-05-01T08:17:34Z add
2026-05-01T08:17:34Z show
2026-05-01T08:17:34Z list
2026-05-01T08:17:34Z add
2026-05-01T08:17:34Z show
2026-05-01T08:17:34Z list
2026-05-01T08:17:34Z add
2026-05-01T08:17:34Z ready
2026-05-01T08:21:31Z show
2026-05-01T08:21:31Z list
2026-05-01T08:21:31Z add
2026-05-01T08:21:31Z show
2026-05-01T08:21:31Z list
2026-05-01T08:21:31Z add
2026-05-01T08:21:31Z show
2026-05-01T08:21:31Z list
2026-05-01T08:21:31Z add
2026-05-01T08:21:32Z ready
2026-05-01T08:25:51Z show
2026-05-01T08:25:51Z list
2026-05-01T08:25:51Z add
2026-05-01T08:25:51Z show
2026-05-01T08:25:51Z list
2026-05-01T08:25:51Z add
2026-05-01T08:25:51Z show
2026-05-01T08:25:51Z list
2026-05-01T08:25:51Z add
2026-05-01T08:25:52Z ready
2026-05-01T08:28:46Z show
2026-05-01T08:28:46Z list
2026-05-01T08:28:46Z add
2026-05-01T08:28:46Z show
2026-05-01T08:28:46Z list
2026-05-01T08:28:46Z add
2026-05-01T08:28:46Z show
2026-05-01T08:28:46Z list
2026-05-01T08:28:46Z add
2026-05-01T08:28:46Z ready
2026-05-01T08:31:50Z show
2026-05-01T08:31:50Z list
2026-05-01T08:31:51Z add
2026-05-01T08:31:51Z show
2026-05-01T08:31:51Z list
2026-05-01T08:31:51Z add
2026-05-01T08:31:51Z show
2026-05-01T08:31:51Z list
2026-05-01T08:31:51Z add
2026-05-01T08:31:51Z ready
2026-05-01T08:35:02Z show
2026-05-01T08:35:03Z list
2026-05-01T08:35:03Z add
2026-05-01T08:35:03Z show
2026-05-01T08:35:03Z list
2026-05-01T08:35:03Z add
2026-05-01T08:35:03Z show
2026-05-01T08:35:03Z list
2026-05-01T08:35:03Z add
2026-05-01T08:35:03Z ready
2026-05-01T08:39:22Z show
2026-05-01T08:39:22Z list
2026-05-01T08:39:22Z add
2026-05-01T08:39:22Z show
2026-05-01T08:39:22Z list
2026-05-01T08:39:22Z add
2026-05-01T08:39:22Z show
2026-05-01T08:39:22Z list
2026-05-01T08:39:22Z add
2026-05-01T08:39:22Z ready
2026-05-01T08:43:49Z show
2026-05-01T08:43:49Z list
2026-05-01T08:43:49Z add
2026-05-01T08:43:49Z show
2026-05-01T08:43:49Z list
2026-05-01T08:43:49Z add
2026-05-01T08:43:49Z show
2026-05-01T08:43:49Z list
2026-05-01T08:43:49Z add
2026-05-01T08:43:49Z ready
2026-05-01T08:46:46Z show
2026-05-01T08:46:46Z list
2026-05-01T08:46:46Z add
2026-05-01T08:46:46Z show
2026-05-01T08:46:46Z list
2026-05-01T08:46:46Z add
2026-05-01T08:46:46Z show
2026-05-01T08:46:46Z list
2026-05-01T08:46:46Z add
2026-05-01T08:46:46Z ready
2026-05-01T08:50:51Z show
2026-05-01T08:50:51Z list
2026-05-01T08:50:51Z add
2026-05-01T08:50:51Z show
2026-05-01T08:50:51Z list
2026-05-01T08:50:51Z add
2026-05-01T08:50:51Z show
2026-05-01T08:50:51Z list
2026-05-01T08:50:51Z add
2026-05-01T08:50:51Z ready
2026-05-01T08:54:01Z show
2026-05-01T08:54:01Z list
2026-05-01T08:54:01Z add
2026-05-01T08:54:01Z show
2026-05-01T08:54:01Z list
2026-05-01T08:54:01Z add
2026-05-01T08:54:01Z show
2026-05-01T08:54:01Z list
2026-05-01T08:54:01Z add
2026-05-01T08:54:01Z ready
2026-05-01T08:57:06Z show
2026-05-01T08:57:06Z list
2026-05-01T08:57:06Z add
2026-05-01T08:57:06Z show
2026-05-01T08:57:06Z list
2026-05-01T08:57:06Z add
2026-05-01T08:57:06Z show
2026-05-01T08:57:06Z list
2026-05-01T08:57:06Z add
2026-05-01T08:57:06Z ready
2026-05-01T09:00:10Z show
2026-05-01T09:00:10Z list
2026-05-01T09:00:11Z add
2026-05-01T09:00:11Z show
2026-05-01T09:00:11Z list
2026-05-01T09:00:11Z add
2026-05-01T09:00:11Z show
2026-05-01T09:00:11Z list
2026-05-01T09:00:11Z add
2026-05-01T09:00:11Z ready
2026-05-01T09:04:47Z show
2026-05-01T09:04:47Z list
2026-05-01T09:04:47Z add
2026-05-01T09:04:47Z show
2026-05-01T09:04:47Z list
2026-05-01T09:04:47Z add
2026-05-01T09:04:47Z show
2026-05-01T09:04:47Z list
2026-05-01T09:04:47Z add
2026-05-01T09:04:47Z ready
2026-05-01T09:09:02Z show
2026-05-01T09:09:02Z list
2026-05-01T09:09:02Z add
2026-05-01T09:09:02Z show
2026-05-01T09:09:02Z list
2026-05-01T09:09:02Z add
2026-05-01T09:09:02Z show
2026-05-01T09:09:02Z list
2026-05-01T09:09:02Z add
2026-05-01T09:09:02Z ready
2026-05-01T09:12:15Z show
2026-05-01T09:12:15Z list
2026-05-01T09:12:15Z add
2026-05-01T09:12:15Z show
2026-05-01T09:12:15Z list
2026-05-01T09:12:15Z add
2026-05-01T09:12:15Z show
2026-05-01T09:12:15Z list
2026-05-01T09:12:15Z add
2026-05-01T09:12:15Z ready
2026-05-01T09:15:23Z show
2026-05-01T09:15:23Z list
2026-05-01T09:15:23Z add
2026-05-01T09:15:23Z show
2026-05-01T09:15:23Z list
2026-05-01T09:15:23Z add
2026-05-01T09:15:23Z show
2026-05-01T09:15:23Z list
2026-05-01T09:15:23Z add
2026-05-01T09:15:23Z ready
2026-05-01T09:18:27Z show
2026-05-01T09:18:27Z list
2026-05-01T09:18:27Z add
2026-05-01T09:18:27Z show
2026-05-01T09:18:27Z list
2026-05-01T09:18:27Z add
2026-05-01T09:18:27Z show
2026-05-01T09:18:27Z list
2026-05-01T09:18:27Z add
2026-05-01T09:18:27Z ready
2026-05-01T09:22:39Z show
2026-05-01T09:22:39Z list
2026-05-01T09:22:39Z add
2026-05-01T09:22:39Z show
2026-05-01T09:22:39Z list
2026-05-01T09:22:39Z add
2026-05-01T09:22:39Z show
2026-05-01T09:22:39Z list
2026-05-01T09:22:39Z add
2026-05-01T09:22:39Z ready
2026-05-01T09:26:51Z show
2026-05-01T09:26:51Z list
2026-05-01T09:26:51Z add
2026-05-01T09:26:51Z show
2026-05-01T09:26:51Z list
2026-05-01T09:26:51Z add
2026-05-01T09:26:51Z show
2026-05-01T09:26:51Z list
2026-05-01T09:26:51Z add
2026-05-01T09:26:52Z ready
2026-05-01T09:29:48Z show
2026-05-01T09:29:48Z list
2026-05-01T09:29:48Z add
2026-05-01T09:29:48Z show
2026-05-01T09:29:48Z list
2026-05-01T09:29:48Z add
2026-05-01T09:29:48Z show
2026-05-01T09:29:48Z list
2026-05-01T09:29:48Z add
2026-05-01T09:29:48Z ready
2026-05-01T09:32:54Z show
2026-05-01T09:32:54Z list
2026-05-01T09:32:54Z add
2026-05-01T09:32:54Z show
2026-05-01T09:32:54Z list
2026-05-01T09:32:54Z add
2026-05-01T09:32:54Z show
2026-05-01T09:32:54Z list
2026-05-01T09:32:54Z add
2026-05-01T09:32:54Z ready
2026-05-01T09:38:22Z show
2026-05-01T09:38:22Z list
2026-05-01T09:38:22Z add
2026-05-01T09:38:22Z show
2026-05-01T09:38:22Z list
2026-05-01T09:38:23Z add
2026-05-01T09:38:23Z show
2026-05-01T09:38:23Z list
2026-05-01T09:38:23Z add
2026-05-01T09:38:23Z ready
2026-05-01T09:41:35Z show
2026-05-01T09:41:35Z list
2026-05-01T09:41:35Z add
2026-05-01T09:41:35Z show
2026-05-01T09:41:35Z list
2026-05-01T09:41:35Z add
2026-05-01T09:41:35Z show
2026-05-01T09:41:35Z list
2026-05-01T09:41:35Z add
2026-05-01T09:41:36Z ready
2026-05-01T09:44:50Z show
2026-05-01T09:44:50Z list
2026-05-01T09:44:50Z add
2026-05-01T09:44:50Z show
2026-05-01T09:44:50Z list
2026-05-01T09:44:50Z add
2026-05-01T09:44:50Z show
2026-05-01T09:44:50Z list
2026-05-01T09:44:50Z add
2026-05-01T09:44:50Z ready
2026-05-01T09:49:06Z show
2026-05-01T09:49:07Z list
2026-05-01T09:49:07Z add
2026-05-01T09:49:07Z show
2026-05-01T09:49:07Z list
2026-05-01T09:49:07Z add
2026-05-01T09:49:07Z show
2026-05-01T09:49:07Z list
2026-05-01T09:49:07Z add
2026-05-01T09:49:07Z ready
2026-05-01T09:53:26Z show
2026-05-01T09:53:26Z list
2026-05-01T09:53:26Z add
2026-05-01T09:53:26Z show
2026-05-01T09:53:26Z list
2026-05-01T09:53:26Z add
2026-05-01T09:53:26Z show
2026-05-01T09:53:26Z list
2026-05-01T09:53:26Z add
2026-05-01T09:53:27Z ready
2026-05-01T09:56:47Z show
2026-05-01T09:56:47Z list
2026-05-01T09:56:47Z add
2026-05-01T09:56:47Z show
2026-05-01T09:56:47Z list
2026-05-01T09:56:47Z add
2026-05-01T09:56:47Z show
2026-05-01T09:56:47Z list
2026-05-01T09:56:47Z add
2026-05-01T09:56:47Z ready
2026-05-01T09:59:56Z show
2026-05-01T09:59:56Z list
2026-05-01T09:59:56Z add
2026-05-01T09:59:56Z show
2026-05-01T09:59:56Z list
2026-05-01T09:59:56Z add
2026-05-01T09:59:56Z show
2026-05-01T09:59:56Z list
2026-05-01T09:59:56Z add
2026-05-01T09:59:56Z ready
2026-05-01T10:05:17Z show
2026-05-01T10:05:17Z list
2026-05-01T10:05:17Z add
2026-05-01T10:05:17Z show
2026-05-01T10:05:17Z list
2026-05-01T10:05:17Z add
2026-05-01T10:05:17Z show
2026-05-01T10:05:17Z list
2026-05-01T10:05:17Z add
2026-05-01T10:05:18Z ready
2026-05-01T10:08:27Z show
2026-05-01T10:08:27Z list
2026-05-01T10:08:27Z add
2026-05-01T10:08:27Z show
2026-05-01T10:08:27Z list
2026-05-01T10:08:27Z add
2026-05-01T10:08:27Z show
2026-05-01T10:08:27Z list
2026-05-01T10:08:27Z add
2026-05-01T10:08:27Z ready
2026-05-01T10:13:12Z show
2026-05-01T10:13:12Z list
2026-05-01T10:13:12Z add
2026-05-01T10:13:12Z show
2026-05-01T10:13:12Z list
2026-05-01T10:13:12Z add
2026-05-01T10:13:12Z show
2026-05-01T10:13:12Z list
2026-05-01T10:13:12Z add
2026-05-01T10:13:12Z ready
2026-05-01T10:16:17Z show
2026-05-01T10:16:17Z list
2026-05-01T10:16:17Z add
2026-05-01T10:16:17Z show
2026-05-01T10:16:17Z list
2026-05-01T10:16:17Z add
2026-05-01T10:16:17Z show
2026-05-01T10:16:17Z list
2026-05-01T10:16:17Z add
2026-05-01T10:16:17Z ready
2026-05-01T10:19:27Z show
2026-05-01T10:19:27Z list
2026-05-01T10:19:27Z add
2026-05-01T10:19:28Z show
2026-05-01T10:19:28Z list
2026-05-01T10:19:28Z add
2026-05-01T10:19:28Z show
2026-05-01T10:19:28Z list
2026-05-01T10:19:28Z add
2026-05-01T10:19:28Z ready
2026-05-01T10:22:45Z show
2026-05-01T10:22:45Z list
2026-05-01T10:22:45Z add
2026-05-01T10:22:45Z show
2026-05-01T10:22:45Z list
2026-05-01T10:22:45Z add
2026-05-01T10:22:45Z show
2026-05-01T10:22:45Z list
2026-05-01T10:22:45Z add
2026-05-01T10:22:45Z ready
2026-05-01T10:26:02Z show
2026-05-01T10:26:02Z list
2026-05-01T10:26:02Z add
2026-05-01T10:26:02Z show
2026-05-01T10:26:02Z list
2026-05-01T10:26:02Z add
2026-05-01T10:26:02Z show
2026-05-01T10:26:02Z list
2026-05-01T10:26:02Z add
2026-05-01T10:26:02Z ready
2026-05-01T10:29:17Z show
2026-05-01T10:29:17Z list
2026-05-01T10:29:17Z add
2026-05-01T10:29:17Z show
2026-05-01T10:29:17Z list
2026-05-01T10:29:17Z add
2026-05-01T10:29:17Z show
2026-05-01T10:29:17Z list
2026-05-01T10:29:17Z add
2026-05-01T10:29:17Z ready
2026-05-01T10:32:35Z show
2026-05-01T10:32:35Z list
2026-05-01T10:32:35Z add
2026-05-01T10:32:35Z show
2026-05-01T10:32:35Z list
2026-05-01T10:32:35Z add
2026-05-01T10:32:35Z show
2026-05-01T10:32:35Z list
2026-05-01T10:32:35Z add
2026-05-01T10:32:35Z ready
2026-05-01T10:35:38Z show
2026-05-01T10:35:38Z list
2026-05-01T10:35:38Z add
2026-05-01T10:35:38Z show
2026-05-01T10:35:38Z list
2026-05-01T10:35:38Z add
2026-05-01T10:35:38Z show
2026-05-01T10:35:38Z list
2026-05-01T10:35:38Z add
2026-05-01T10:35:38Z ready
2026-05-01T10:38:38Z show
2026-05-01T10:38:38Z list
2026-05-01T10:38:38Z add
2026-05-01T10:38:38Z show
2026-05-01T10:38:38Z list
2026-05-01T10:38:38Z add
2026-05-01T10:38:38Z show
2026-05-01T10:38:38Z list
2026-05-01T10:38:38Z add
2026-05-01T10:38:38Z ready
2026-05-01T10:42:05Z show
2026-05-01T10:42:05Z list
2026-05-01T10:42:05Z add
2026-05-01T10:42:05Z show
2026-05-01T10:42:05Z list
2026-05-01T10:42:05Z add
2026-05-01T10:42:05Z show
2026-05-01T10:42:05Z list
2026-05-01T10:42:05Z add
2026-05-01T10:42:06Z ready
2026-05-01T10:45:14Z show
2026-05-01T10:45:14Z list
2026-05-01T10:45:14Z add
2026-05-01T10:45:14Z show
2026-05-01T10:45:14Z list
2026-05-01T10:45:14Z add
2026-05-01T10:45:14Z show
2026-05-01T10:45:14Z list
2026-05-01T10:45:14Z add
2026-05-01T10:45:14Z ready
2026-05-01T10:48:14Z show
2026-05-01T10:48:14Z list
2026-05-01T10:48:14Z add
2026-05-01T10:48:14Z show
2026-05-01T10:48:14Z list
2026-05-01T10:48:14Z add
2026-05-01T10:48:14Z show
2026-05-01T10:48:14Z list
2026-05-01T10:48:14Z add
2026-05-01T10:48:15Z ready
2026-05-01T10:51:28Z show
2026-05-01T10:51:28Z list
2026-05-01T10:51:28Z add
2026-05-01T10:51:28Z show
2026-05-01T10:51:28Z list
2026-05-01T10:51:28Z add
2026-05-01T10:51:28Z show
2026-05-01T10:51:28Z list
2026-05-01T10:51:28Z add
2026-05-01T10:51:28Z ready
2026-05-01T10:54:34Z show
2026-05-01T10:54:34Z list
2026-05-01T10:54:34Z add
2026-05-01T10:54:34Z show
2026-05-01T10:54:34Z list
2026-05-01T10:54:34Z add
2026-05-01T10:54:34Z show
2026-05-01T10:54:34Z list
2026-05-01T10:54:34Z add
2026-05-01T10:54:34Z ready
2026-05-01T10:57:38Z show
2026-05-01T10:57:38Z list
2026-05-01T10:57:38Z add
2026-05-01T10:57:38Z show
2026-05-01T10:57:38Z list
2026-05-01T10:57:38Z add
2026-05-01T10:57:38Z show
2026-05-01T10:57:38Z list
2026-05-01T10:57:38Z add
2026-05-01T10:57:38Z ready
2026-05-01T11:00:49Z show
2026-05-01T11:00:49Z list
2026-05-01T11:00:49Z add
2026-05-01T11:00:49Z show
2026-05-01T11:00:49Z list
2026-05-01T11:00:49Z add
2026-05-01T11:00:49Z show
2026-05-01T11:00:49Z list
2026-05-01T11:00:49Z add
2026-05-01T11:00:49Z ready
2026-05-01T11:03:53Z show
2026-05-01T11:03:53Z list
2026-05-01T11:03:53Z add
2026-05-01T11:03:53Z show
2026-05-01T11:03:53Z list
2026-05-01T11:03:53Z add
2026-05-01T11:03:53Z show
2026-05-01T11:03:53Z list
2026-05-01T11:03:53Z add
2026-05-01T11:03:53Z ready
2026-05-01T11:08:03Z show
2026-05-01T11:08:03Z list
2026-05-01T11:08:03Z add
2026-05-01T11:08:03Z show
2026-05-01T11:08:03Z list
2026-05-01T11:08:03Z add
2026-05-01T11:08:03Z show
2026-05-01T11:08:03Z list
2026-05-01T11:08:03Z add
2026-05-01T11:08:03Z ready
2026-05-01T11:11:27Z show
2026-05-01T11:11:27Z list
2026-05-01T11:11:27Z add
2026-05-01T11:11:27Z show
2026-05-01T11:11:27Z list
2026-05-01T11:11:27Z add
2026-05-01T11:11:27Z show
2026-05-01T11:11:27Z list
2026-05-01T11:11:27Z add
2026-05-01T11:11:27Z ready
2026-05-01T11:14:36Z show
2026-05-01T11:14:36Z list
2026-05-01T11:14:36Z add
2026-05-01T11:14:36Z show
2026-05-01T11:14:36Z list
2026-05-01T11:14:36Z add
2026-05-01T11:14:36Z show
2026-05-01T11:14:36Z list
2026-05-01T11:14:36Z add
2026-05-01T11:14:36Z ready
2026-05-01T11:17:39Z show
2026-05-01T11:17:39Z list
2026-05-01T11:17:39Z add
2026-05-01T11:17:39Z show
2026-05-01T11:17:39Z list
2026-05-01T11:17:39Z add
2026-05-01T11:17:39Z show
2026-05-01T11:17:39Z list
2026-05-01T11:17:39Z add
2026-05-01T11:17:39Z ready
2026-05-01T11:21:01Z show
2026-05-01T11:21:01Z list
2026-05-01T11:21:01Z add
2026-05-01T11:21:01Z show
2026-05-01T11:21:01Z list
2026-05-01T11:21:01Z add
2026-05-01T11:21:01Z show
2026-05-01T11:21:01Z list
2026-05-01T11:21:01Z add
2026-05-01T11:21:01Z ready
2026-05-01T11:25:05Z show
2026-05-01T11:25:06Z list
2026-05-01T11:25:06Z add
2026-05-01T11:25:06Z show
2026-05-01T11:25:06Z list
2026-05-01T11:25:06Z add
2026-05-01T11:25:06Z show
2026-05-01T11:25:06Z list
2026-05-01T11:25:06Z add
2026-05-01T11:25:06Z ready
2026-05-01T11:28:08Z show
2026-05-01T11:28:08Z list
2026-05-01T11:28:08Z add
2026-05-01T11:28:08Z show
2026-05-01T11:28:08Z list
2026-05-01T11:28:08Z add
2026-05-01T11:28:08Z show
2026-05-01T11:28:08Z list
2026-05-01T11:28:09Z add
2026-05-01T11:28:09Z ready
2026-05-01T11:31:38Z show
2026-05-01T11:31:38Z list
2026-05-01T11:31:38Z add
2026-05-01T11:31:38Z show
2026-05-01T11:31:38Z list
2026-05-01T11:31:38Z add
2026-05-01T11:31:38Z show
2026-05-01T11:31:38Z list
2026-05-01T11:31:38Z add
2026-05-01T11:31:38Z ready
2026-05-01T11:34:34Z show
2026-05-01T11:34:34Z list
2026-05-01T11:34:34Z add
2026-05-01T11:34:34Z show
2026-05-01T11:34:34Z list
2026-05-01T11:34:34Z add
2026-05-01T11:34:34Z show
2026-05-01T11:34:34Z list
2026-05-01T11:34:34Z add
2026-05-01T11:34:34Z ready
2026-05-01T11:37:29Z show
2026-05-01T11:37:29Z list
2026-05-01T11:37:29Z add
2026-05-01T11:37:29Z show
2026-05-01T11:37:29Z list
2026-05-01T11:37:29Z add
2026-05-01T11:37:29Z show
2026-05-01T11:37:29Z list
2026-05-01T11:37:29Z add
2026-05-01T11:37:29Z ready
2026-05-01T11:41:13Z show
2026-05-01T11:41:13Z list
2026-05-01T11:41:13Z add
2026-05-01T11:41:13Z show
2026-05-01T11:41:13Z list
2026-05-01T11:41:13Z add
2026-05-01T11:41:13Z show
2026-05-01T11:41:13Z list
2026-05-01T11:41:13Z add
2026-05-01T11:41:13Z ready
2026-05-01T11:44:29Z show
2026-05-01T11:44:29Z list
2026-05-01T11:44:29Z add
2026-05-01T11:44:29Z show
2026-05-01T11:44:29Z list
2026-05-01T11:44:29Z add
2026-05-01T11:44:29Z show
2026-05-01T11:44:29Z list
2026-05-01T11:44:29Z add
2026-05-01T11:44:29Z ready
2026-05-01T11:47:36Z show
2026-05-01T11:47:36Z list
2026-05-01T11:47:36Z add
2026-05-01T11:47:36Z show
2026-05-01T11:47:36Z list
2026-05-01T11:47:36Z add
2026-05-01T11:47:36Z show
2026-05-01T11:47:36Z list
2026-05-01T11:47:36Z add
2026-05-01T11:47:36Z ready
2026-05-01T11:51:30Z show
2026-05-01T11:51:30Z list
2026-05-01T11:51:30Z add
2026-05-01T11:51:30Z show
2026-05-01T11:51:30Z list
2026-05-01T11:51:30Z add
2026-05-01T11:51:30Z show
2026-05-01T11:51:30Z list
2026-05-01T11:51:30Z add
2026-05-01T11:51:31Z ready
2026-05-01T11:55:20Z show
2026-05-01T11:55:20Z list
2026-05-01T11:55:20Z add
2026-05-01T11:55:20Z show
2026-05-01T11:55:20Z list
2026-05-01T11:55:20Z add
2026-05-01T11:55:20Z show
2026-05-01T11:55:20Z list
2026-05-01T11:55:20Z add
2026-05-01T11:55:20Z ready
2026-05-01T11:59:07Z show
2026-05-01T11:59:07Z list
2026-05-01T11:59:07Z add
2026-05-01T11:59:07Z show
2026-05-01T11:59:07Z list
2026-05-01T11:59:07Z add
2026-05-01T11:59:07Z show
2026-05-01T11:59:07Z list
2026-05-01T11:59:07Z add
2026-05-01T11:59:07Z ready
2026-05-01T12:03:12Z show
2026-05-01T12:03:12Z list
2026-05-01T12:03:12Z add
2026-05-01T12:03:12Z show
2026-05-01T12:03:12Z list
2026-05-01T12:03:12Z add
2026-05-01T12:03:12Z show
2026-05-01T12:03:12Z list
2026-05-01T12:03:12Z add
2026-05-01T12:03:12Z ready
2026-05-01T12:06:57Z show
2026-05-01T12:06:57Z list
2026-05-01T12:06:57Z add
2026-05-01T12:06:57Z show
2026-05-01T12:06:57Z list
2026-05-01T12:06:57Z add
2026-05-01T12:06:57Z show
2026-05-01T12:06:57Z list
2026-05-01T12:06:57Z add
2026-05-01T12:06:57Z ready
2026-05-01T12:10:36Z show
2026-05-01T12:10:36Z list
2026-05-01T12:10:36Z add
2026-05-01T12:10:36Z show
2026-05-01T12:10:36Z list
2026-05-01T12:10:36Z add
2026-05-01T12:10:36Z show
2026-05-01T12:10:36Z list
2026-05-01T12:10:36Z add
2026-05-01T12:10:36Z ready
2026-05-01T12:13:58Z show
2026-05-01T12:13:58Z list
2026-05-01T12:13:58Z add
2026-05-01T12:13:58Z show
2026-05-01T12:13:58Z list
2026-05-01T12:13:58Z add
2026-05-01T12:13:58Z show
2026-05-01T12:13:58Z list
2026-05-01T12:13:58Z add
2026-05-01T12:13:59Z ready
2026-05-01T12:17:22Z show
2026-05-01T12:17:22Z list
2026-05-01T12:17:22Z add
2026-05-01T12:17:22Z show
2026-05-01T12:17:22Z list
2026-05-01T12:17:22Z add
2026-05-01T12:17:22Z show
2026-05-01T12:17:22Z list
2026-05-01T12:17:22Z add
2026-05-01T12:17:22Z ready
2026-05-01T12:20:44Z show
2026-05-01T12:20:44Z list
2026-05-01T12:20:44Z add
2026-05-01T12:20:44Z show
2026-05-01T12:20:44Z list
2026-05-01T12:20:44Z add
2026-05-01T12:20:44Z show
2026-05-01T12:20:44Z list
2026-05-01T12:20:44Z add
2026-05-01T12:20:44Z ready
2026-05-01T12:24:54Z show
2026-05-01T12:24:54Z list
2026-05-01T12:24:54Z add
2026-05-01T12:24:54Z show
2026-05-01T12:24:54Z list
2026-05-01T12:24:54Z add
2026-05-01T12:24:54Z show
2026-05-01T12:24:54Z list
2026-05-01T12:24:54Z add
2026-05-01T12:24:54Z ready
2026-05-01T12:27:59Z show
2026-05-01T12:27:59Z list
2026-05-01T12:27:59Z add
2026-05-01T12:27:59Z show
2026-05-01T12:27:59Z list
2026-05-01T12:27:59Z add
2026-05-01T12:27:59Z show
2026-05-01T12:27:59Z list
2026-05-01T12:27:59Z add
2026-05-01T12:27:59Z ready
2026-05-01T12:31:06Z show
2026-05-01T12:31:06Z list
2026-05-01T12:31:06Z add
2026-05-01T12:31:06Z show
2026-05-01T12:31:06Z list
2026-05-01T12:31:06Z add
2026-05-01T12:31:06Z show
2026-05-01T12:31:06Z list
2026-05-01T12:31:06Z add
2026-05-01T12:31:06Z ready
2026-05-01T12:34:20Z show
2026-05-01T12:34:20Z list
2026-05-01T12:34:20Z add
2026-05-01T12:34:20Z show
2026-05-01T12:34:20Z list
2026-05-01T12:34:20Z add
2026-05-01T12:34:20Z show
2026-05-01T12:34:20Z list
2026-05-01T12:34:20Z add
2026-05-01T12:34:20Z ready
2026-05-01T12:37:30Z show
2026-05-01T12:37:30Z list
2026-05-01T12:37:30Z add
2026-05-01T12:37:30Z show
2026-05-01T12:37:30Z list
2026-05-01T12:37:30Z add
2026-05-01T12:37:30Z show
2026-05-01T12:37:30Z list
2026-05-01T12:37:30Z add
2026-05-01T12:37:30Z ready
2026-05-01T12:41:31Z show
2026-05-01T12:41:31Z list
2026-05-01T12:41:31Z add
2026-05-01T12:41:31Z show
2026-05-01T12:41:31Z list
2026-05-01T12:41:31Z add
2026-05-01T12:41:31Z show
2026-05-01T12:41:31Z list
2026-05-01T12:41:31Z add
2026-05-01T12:41:31Z ready
2026-05-01T12:45:11Z show
2026-05-01T12:45:11Z list
2026-05-01T12:45:11Z add
2026-05-01T12:45:11Z show
2026-05-01T12:45:11Z list
2026-05-01T12:45:11Z add
2026-05-01T12:45:11Z show
2026-05-01T12:45:11Z list
2026-05-01T12:45:11Z add
2026-05-01T12:45:11Z ready
2026-05-01T12:48:15Z show
2026-05-01T12:48:15Z list
2026-05-01T12:48:15Z add
2026-05-01T12:48:15Z show
2026-05-01T12:48:15Z list
2026-05-01T12:48:15Z add
2026-05-01T12:48:15Z show
2026-05-01T12:48:15Z list
2026-05-01T12:48:15Z add
2026-05-01T12:48:15Z ready
2026-05-01T12:51:33Z show
2026-05-01T12:51:33Z list
2026-05-01T12:51:33Z add
2026-05-01T12:51:33Z show
2026-05-01T12:51:33Z list
2026-05-01T12:51:33Z add
2026-05-01T12:51:33Z show
2026-05-01T12:51:33Z list
2026-05-01T12:51:33Z add
2026-05-01T12:51:33Z ready
2026-05-01T12:54:58Z show
2026-05-01T12:54:58Z list
2026-05-01T12:54:58Z add
2026-05-01T12:54:58Z show
2026-05-01T12:54:58Z list
2026-05-01T12:54:58Z add
2026-05-01T12:54:58Z show
2026-05-01T12:54:58Z list
2026-05-01T12:54:58Z add
2026-05-01T12:54:58Z ready
2026-05-01T12:57:53Z show
2026-05-01T12:57:53Z list
2026-05-01T12:57:53Z add
2026-05-01T12:57:53Z show
2026-05-01T12:57:53Z list
2026-05-01T12:57:53Z add
2026-05-01T12:57:54Z show
2026-05-01T12:57:54Z list
2026-05-01T12:57:54Z add
2026-05-01T12:57:54Z ready
2026-05-01T13:01:08Z show
2026-05-01T13:01:08Z list
2026-05-01T13:01:08Z add
2026-05-01T13:01:08Z show
2026-05-01T13:01:08Z list
2026-05-01T13:01:08Z add
2026-05-01T13:01:08Z show
2026-05-01T13:01:08Z list
2026-05-01T13:01:08Z add
2026-05-01T13:01:08Z ready
2026-05-01T13:04:17Z show
2026-05-01T13:04:17Z list
2026-05-01T13:04:17Z add
2026-05-01T13:04:17Z show
2026-05-01T13:04:17Z list
2026-05-01T13:04:17Z add
2026-05-01T13:04:17Z show
2026-05-01T13:04:17Z list
2026-05-01T13:04:17Z add
2026-05-01T13:04:17Z ready
2026-05-01T13:07:25Z show
2026-05-01T13:07:25Z list
2026-05-01T13:07:25Z add
2026-05-01T13:07:25Z show
2026-05-01T13:07:25Z list
2026-05-01T13:07:25Z add
2026-05-01T13:07:25Z show
2026-05-01T13:07:25Z list
2026-05-01T13:07:25Z add
2026-05-01T13:07:26Z ready
2026-05-01T13:10:34Z show
2026-05-01T13:10:35Z list
2026-05-01T13:10:35Z add
2026-05-01T13:10:35Z show
2026-05-01T13:10:35Z list
2026-05-01T13:10:35Z add
2026-05-01T13:10:35Z show
2026-05-01T13:10:35Z list
2026-05-01T13:10:35Z add
2026-05-01T13:10:35Z ready
2026-05-01T13:13:48Z show
2026-05-01T13:13:48Z list
2026-05-01T13:13:48Z add
2026-05-01T13:13:48Z show
2026-05-01T13:13:48Z list
2026-05-01T13:13:49Z add
2026-05-01T13:13:49Z show
2026-05-01T13:13:49Z list
2026-05-01T13:13:49Z add
2026-05-01T13:13:49Z ready
2026-05-01T13:16:57Z show
2026-05-01T13:16:57Z list
2026-05-01T13:16:57Z add
2026-05-01T13:16:57Z show
2026-05-01T13:16:57Z list
2026-05-01T13:16:57Z add
2026-05-01T13:16:57Z show
2026-05-01T13:16:57Z list
2026-05-01T13:16:57Z add
2026-05-01T13:16:57Z ready
2026-05-01T13:20:05Z show
2026-05-01T13:20:05Z list
2026-05-01T13:20:05Z add
2026-05-01T13:20:05Z show
2026-05-01T13:20:05Z list
2026-05-01T13:20:05Z add
2026-05-01T13:20:05Z show
2026-05-01T13:20:05Z list
2026-05-01T13:20:05Z add
2026-05-01T13:20:05Z ready
2026-05-01T13:23:24Z show
2026-05-01T13:23:24Z list
2026-05-01T13:23:24Z add
2026-05-01T13:23:24Z show
2026-05-01T13:23:24Z list
2026-05-01T13:23:24Z add
2026-05-01T13:23:24Z show
2026-05-01T13:23:24Z list
2026-05-01T13:23:24Z add
2026-05-01T13:23:25Z ready
2026-05-01T13:26:26Z show
2026-05-01T13:26:26Z list
2026-05-01T13:26:26Z add
2026-05-01T13:26:26Z show
2026-05-01T13:26:26Z list
2026-05-01T13:26:26Z add
2026-05-01T13:26:26Z show
2026-05-01T13:26:26Z list
2026-05-01T13:26:26Z add
2026-05-01T13:26:26Z ready
2026-05-01T13:29:31Z show
2026-05-01T13:29:31Z list
2026-05-01T13:29:31Z add
2026-05-01T13:29:31Z show
2026-05-01T13:29:31Z list
2026-05-01T13:29:31Z add
2026-05-01T13:29:31Z show
2026-05-01T13:29:31Z list
2026-05-01T13:29:31Z add
2026-05-01T13:29:31Z ready
2026-05-01T13:32:54Z show
2026-05-01T13:32:54Z list
2026-05-01T13:32:54Z add
2026-05-01T13:32:54Z show
2026-05-01T13:32:54Z list
2026-05-01T13:32:54Z add
2026-05-01T13:32:54Z show
2026-05-01T13:32:54Z list
2026-05-01T13:32:54Z add
2026-05-01T13:32:54Z ready
2026-05-01T13:36:02Z show
2026-05-01T13:36:02Z list
2026-05-01T13:36:02Z add
2026-05-01T13:36:02Z show
2026-05-01T13:36:02Z list
2026-05-01T13:36:02Z add
2026-05-01T13:36:02Z show
2026-05-01T13:36:02Z list
2026-05-01T13:36:02Z add
2026-05-01T13:36:02Z ready
2026-05-01T13:39:10Z show
2026-05-01T13:39:10Z list
2026-05-01T13:39:10Z add
2026-05-01T13:39:10Z show
2026-05-01T13:39:10Z list
2026-05-01T13:39:10Z add
2026-05-01T13:39:10Z show
2026-05-01T13:39:10Z list
2026-05-01T13:39:10Z add
2026-05-01T13:39:10Z ready
2026-05-01T13:42:25Z show
2026-05-01T13:42:25Z list
2026-05-01T13:42:25Z add
2026-05-01T13:42:25Z show
2026-05-01T13:42:25Z list
2026-05-01T13:42:25Z add
2026-05-01T13:42:25Z show
2026-05-01T13:42:25Z list
2026-05-01T13:42:25Z add
2026-05-01T13:42:26Z ready
2026-05-01T13:45:37Z show
2026-05-01T13:45:37Z list
2026-05-01T13:45:37Z add
2026-05-01T13:45:37Z show
2026-05-01T13:45:37Z list
2026-05-01T13:45:37Z add
2026-05-01T13:45:37Z show
2026-05-01T13:45:37Z list
2026-05-01T13:45:37Z add
2026-05-01T13:45:37Z ready
2026-05-01T13:48:35Z show
2026-05-01T13:48:35Z list
2026-05-01T13:48:35Z add
2026-05-01T13:48:35Z show
2026-05-01T13:48:35Z list
2026-05-01T13:48:35Z add
2026-05-01T13:48:35Z show
2026-05-01T13:48:35Z list
2026-05-01T13:48:35Z add
2026-05-01T13:48:35Z ready
2026-05-01T13:51:55Z show
2026-05-01T13:51:55Z list
2026-05-01T13:51:55Z add
2026-05-01T13:51:55Z show
2026-05-01T13:51:55Z list
2026-05-01T13:51:55Z add
2026-05-01T13:51:55Z show
2026-05-01T13:51:55Z list
2026-05-01T13:51:55Z add
2026-05-01T13:51:55Z ready
2026-05-01T13:54:59Z show
2026-05-01T13:54:59Z list
2026-05-01T13:54:59Z add
2026-05-01T13:54:59Z show
2026-05-01T13:54:59Z list
2026-05-01T13:54:59Z add
2026-05-01T13:54:59Z show
2026-05-01T13:54:59Z list
2026-05-01T13:54:59Z add
2026-05-01T13:54:59Z ready
2026-05-01T13:57:58Z show
2026-05-01T13:57:58Z list
2026-05-01T13:57:58Z add
2026-05-01T13:57:58Z show
2026-05-01T13:57:58Z list
2026-05-01T13:57:58Z add
2026-05-01T13:57:58Z show
2026-05-01T13:57:58Z list
2026-05-01T13:57:58Z add
2026-05-01T13:57:58Z ready
2026-05-01T14:01:14Z show
2026-05-01T14:01:14Z list
2026-05-01T14:01:14Z add
2026-05-01T14:01:14Z show
2026-05-01T14:01:14Z list
2026-05-01T14:01:14Z add
2026-05-01T14:01:14Z show
2026-05-01T14:01:14Z list
2026-05-01T14:01:14Z add
2026-05-01T14:01:14Z ready
2026-05-01T14:04:43Z show
2026-05-01T14:04:43Z list
2026-05-01T14:04:43Z add
2026-05-01T14:04:43Z show
2026-05-01T14:04:43Z list
2026-05-01T14:04:43Z add
2026-05-01T14:04:43Z show
2026-05-01T14:04:44Z list
2026-05-01T14:04:44Z add
2026-05-01T14:04:44Z ready
2026-05-01T14:08:00Z show
2026-05-01T14:08:00Z list
2026-05-01T14:08:00Z add
2026-05-01T14:08:00Z show
2026-05-01T14:08:00Z list
2026-05-01T14:08:00Z add
2026-05-01T14:08:00Z show
2026-05-01T14:08:00Z list
2026-05-01T14:08:00Z add
2026-05-01T14:08:01Z ready
2026-05-01T14:11:13Z show
2026-05-01T14:11:13Z list
2026-05-01T14:11:13Z add
2026-05-01T14:11:13Z show
2026-05-01T14:11:13Z list
2026-05-01T14:11:13Z add
2026-05-01T14:11:13Z show
2026-05-01T14:11:13Z list
2026-05-01T14:11:13Z add
2026-05-01T14:11:13Z ready
2026-05-01T14:14:23Z show
2026-05-01T14:14:23Z list
2026-05-01T14:14:23Z add
2026-05-01T14:14:23Z show
2026-05-01T14:14:23Z list
2026-05-01T14:14:23Z add
2026-05-01T14:14:23Z show
2026-05-01T14:14:23Z list
2026-05-01T14:14:23Z add
2026-05-01T14:14:23Z ready
2026-05-01T14:17:32Z show
2026-05-01T14:17:32Z list
2026-05-01T14:17:32Z add
2026-05-01T14:17:32Z show
2026-05-01T14:17:32Z list
2026-05-01T14:17:32Z add
2026-05-01T14:17:32Z show
2026-05-01T14:17:32Z list
2026-05-01T14:17:32Z add
2026-05-01T14:17:32Z ready
2026-05-01T14:20:46Z show
2026-05-01T14:20:46Z list
2026-05-01T14:20:46Z add
2026-05-01T14:20:46Z show
2026-05-01T14:20:46Z list
2026-05-01T14:20:46Z add
2026-05-01T14:20:46Z show
2026-05-01T14:20:46Z list
2026-05-01T14:20:46Z add
2026-05-01T14:20:46Z ready
2026-05-01T14:23:47Z show
2026-05-01T14:23:47Z list
2026-05-01T14:23:47Z add
2026-05-01T14:23:47Z show
2026-05-01T14:23:47Z list
2026-05-01T14:23:47Z add
2026-05-01T14:23:47Z show
2026-05-01T14:23:47Z list
2026-05-01T14:23:47Z add
2026-05-01T14:23:47Z ready
2026-05-01T14:26:50Z show
2026-05-01T14:26:50Z list
2026-05-01T14:26:50Z add
2026-05-01T14:26:50Z show
2026-05-01T14:26:50Z list
2026-05-01T14:26:50Z add
2026-05-01T14:26:50Z show
2026-05-01T14:26:50Z list
2026-05-01T14:26:50Z add
2026-05-01T14:26:50Z ready
2026-05-01T14:30:11Z show
2026-05-01T14:30:11Z list
2026-05-01T14:30:11Z add
2026-05-01T14:30:11Z show
2026-05-01T14:30:11Z list
2026-05-01T14:30:11Z add
2026-05-01T14:30:11Z show
2026-05-01T14:30:11Z list
2026-05-01T14:30:11Z add
2026-05-01T14:30:11Z ready
2026-05-01T14:33:17Z show
2026-05-01T14:33:17Z list
2026-05-01T14:33:17Z add
2026-05-01T14:33:17Z show
2026-05-01T14:33:17Z list
2026-05-01T14:33:17Z add
2026-05-01T14:33:17Z show
2026-05-01T14:33:17Z list
2026-05-01T14:33:17Z add
2026-05-01T14:33:17Z ready
2026-05-01T14:36:30Z show
2026-05-01T14:36:30Z list
2026-05-01T14:36:30Z add
2026-05-01T14:36:30Z show
2026-05-01T14:36:30Z list
2026-05-01T14:36:30Z add
2026-05-01T14:36:30Z show
2026-05-01T14:36:30Z list
2026-05-01T14:36:30Z add
2026-05-01T14:36:30Z ready
2026-05-01T14:39:44Z show
2026-05-01T14:39:44Z list
2026-05-01T14:39:44Z add
2026-05-01T14:39:44Z show
2026-05-01T14:39:44Z list
2026-05-01T14:39:44Z add
2026-05-01T14:39:44Z show
2026-05-01T14:39:44Z list
2026-05-01T14:39:44Z add
2026-05-01T14:39:44Z ready
2026-05-01T14:42:48Z show
2026-05-01T14:42:48Z list
2026-05-01T14:42:48Z add
2026-05-01T14:42:48Z show
2026-05-01T14:42:48Z list
2026-05-01T14:42:48Z add
2026-05-01T14:42:48Z show
2026-05-01T14:42:48Z list
2026-05-01T14:42:48Z add
2026-05-01T14:42:48Z ready
2026-05-01T14:45:56Z show
2026-05-01T14:45:56Z list
2026-05-01T14:45:56Z add
2026-05-01T14:45:56Z show
2026-05-01T14:45:56Z list
2026-05-01T14:45:56Z add
2026-05-01T14:45:56Z show
2026-05-01T14:45:56Z list
2026-05-01T14:45:56Z add
2026-05-01T14:45:56Z ready
2026-05-01T14:49:09Z show
2026-05-01T14:49:09Z list
2026-05-01T14:49:09Z add
2026-05-01T14:49:09Z show
2026-05-01T14:49:09Z list
2026-05-01T14:49:09Z add
2026-05-01T14:49:09Z show
2026-05-01T14:49:09Z list
2026-05-01T14:49:09Z add
2026-05-01T14:49:09Z ready
2026-05-01T14:52:34Z show
2026-05-01T14:52:34Z list
2026-05-01T14:52:34Z add
2026-05-01T14:52:34Z show
2026-05-01T14:52:34Z list
2026-05-01T14:52:34Z add
2026-05-01T14:52:34Z show
2026-05-01T14:52:34Z list
2026-05-01T14:52:34Z add
2026-05-01T14:52:35Z ready
2026-05-01T14:55:59Z show
2026-05-01T14:55:59Z list
2026-05-01T14:55:59Z add
2026-05-01T14:55:59Z show
2026-05-01T14:55:59Z list
2026-05-01T14:55:59Z add
2026-05-01T14:55:59Z show
2026-05-01T14:55:59Z list
2026-05-01T14:55:59Z add
2026-05-01T14:55:59Z ready
2026-05-01T14:59:22Z show
2026-05-01T14:59:22Z list
2026-05-01T14:59:22Z add
2026-05-01T14:59:22Z show
2026-05-01T14:59:22Z list
2026-05-01T14:59:22Z add
2026-05-01T14:59:22Z show
2026-05-01T14:59:22Z list
2026-05-01T14:59:22Z add
2026-05-01T14:59:22Z ready
2026-05-01T15:02:23Z show
2026-05-01T15:02:23Z list
2026-05-01T15:02:23Z add
2026-05-01T15:02:23Z show
2026-05-01T15:02:23Z list
2026-05-01T15:02:23Z add
2026-05-01T15:02:23Z show
2026-05-01T15:02:23Z list
2026-05-01T15:02:24Z add
2026-05-01T15:02:24Z ready
2026-05-01T15:05:31Z show
2026-05-01T15:05:31Z list
2026-05-01T15:05:31Z add
2026-05-01T15:05:31Z show
2026-05-01T15:05:31Z list
2026-05-01T15:05:31Z add
2026-05-01T15:05:31Z show
2026-05-01T15:05:31Z list
2026-05-01T15:05:31Z add
2026-05-01T15:05:32Z ready
2026-05-01T15:08:48Z show
2026-05-01T15:08:48Z list
2026-05-01T15:08:48Z add
2026-05-01T15:08:48Z show
2026-05-01T15:08:48Z list
2026-05-01T15:08:48Z add
2026-05-01T15:08:48Z show
2026-05-01T15:08:48Z list
2026-05-01T15:08:48Z add
2026-05-01T15:08:49Z ready
2026-05-01T15:11:48Z show
2026-05-01T15:11:48Z list
2026-05-01T15:11:48Z add
2026-05-01T15:11:48Z show
2026-05-01T15:11:48Z list
2026-05-01T15:11:48Z add
2026-05-01T15:11:48Z show
2026-05-01T15:11:48Z list
2026-05-01T15:11:48Z add
2026-05-01T15:11:48Z ready
2026-05-01T15:14:54Z show
2026-05-01T15:14:54Z list
2026-05-01T15:14:54Z add
2026-05-01T15:14:54Z show
2026-05-01T15:14:54Z list
2026-05-01T15:14:54Z add
2026-05-01T15:14:54Z show
2026-05-01T15:14:54Z list
2026-05-01T15:14:54Z add
2026-05-01T15:14:54Z ready
2026-05-01T15:18:14Z show
2026-05-01T15:18:14Z list
2026-05-01T15:18:14Z add
2026-05-01T15:18:14Z show
2026-05-01T15:18:14Z list
2026-05-01T15:18:14Z add
2026-05-01T15:18:14Z show
2026-05-01T15:18:14Z list
2026-05-01T15:18:14Z add
2026-05-01T15:18:14Z ready
2026-05-01T15:21:33Z show
2026-05-01T15:21:33Z list
2026-05-01T15:21:33Z add
2026-05-01T15:21:33Z show
2026-05-01T15:21:33Z list
2026-05-01T15:21:33Z add
2026-05-01T15:21:33Z show
2026-05-01T15:21:33Z list
2026-05-01T15:21:33Z add
2026-05-01T15:21:34Z ready
2026-05-01T15:24:37Z show
2026-05-01T15:24:37Z list
2026-05-01T15:24:37Z add
2026-05-01T15:24:37Z show
2026-05-01T15:24:37Z list
2026-05-01T15:24:37Z add
2026-05-01T15:24:37Z show
2026-05-01T15:24:37Z list
2026-05-01T15:24:37Z add
2026-05-01T15:24:37Z ready
2026-05-01T15:27:45Z show
2026-05-01T15:27:45Z list
2026-05-01T15:27:45Z add
2026-05-01T15:27:45Z show
2026-05-01T15:27:45Z list
2026-05-01T15:27:45Z add
2026-05-01T15:27:45Z show
2026-05-01T15:27:45Z list
2026-05-01T15:27:45Z add
2026-05-01T15:27:45Z ready
2026-05-01T15:30:51Z show
2026-05-01T15:30:51Z list
2026-05-01T15:30:51Z add
2026-05-01T15:30:52Z show
2026-05-01T15:30:52Z list
2026-05-01T15:30:52Z add
2026-05-01T15:30:52Z show
2026-05-01T15:30:52Z list
2026-05-01T15:30:52Z add
2026-05-01T15:30:52Z ready
2026-05-01T15:33:57Z show
2026-05-01T15:33:57Z list
2026-05-01T15:33:57Z add
2026-05-01T15:33:57Z show
2026-05-01T15:33:57Z list
2026-05-01T15:33:57Z add
2026-05-01T15:33:57Z show
2026-05-01T15:33:57Z list
2026-05-01T15:33:57Z add
2026-05-01T15:33:57Z ready
2026-05-01T15:37:15Z show
2026-05-01T15:37:15Z list
2026-05-01T15:37:15Z add
2026-05-01T15:37:15Z show
2026-05-01T15:37:15Z list
2026-05-01T15:37:15Z add
2026-05-01T15:37:15Z show
2026-05-01T15:37:15Z list
2026-05-01T15:37:15Z add
2026-05-01T15:37:15Z ready
2026-05-01T15:40:39Z show
2026-05-01T15:40:39Z list
2026-05-01T15:40:39Z add
2026-05-01T15:40:39Z show
2026-05-01T15:40:39Z list
2026-05-01T15:40:39Z add
2026-05-01T15:40:39Z show
2026-05-01T15:40:39Z list
2026-05-01T15:40:39Z add
2026-05-01T15:40:39Z ready
2026-05-01T15:43:42Z show
2026-05-01T15:43:42Z list
2026-05-01T15:43:42Z add
2026-05-01T15:43:42Z show
2026-05-01T15:43:42Z list
2026-05-01T15:43:42Z add
2026-05-01T15:43:42Z show
2026-05-01T15:43:42Z list
2026-05-01T15:43:42Z add
2026-05-01T15:43:42Z ready
2026-05-01T15:47:14Z show
2026-05-01T15:47:14Z list
2026-05-01T15:47:14Z add
2026-05-01T15:47:14Z show
2026-05-01T15:47:14Z list
2026-05-01T15:47:14Z add
2026-05-01T15:47:14Z show
2026-05-01T15:47:14Z list
2026-05-01T15:47:14Z add
2026-05-01T15:47:14Z ready
2026-05-01T15:50:19Z show
2026-05-01T15:50:19Z list
2026-05-01T15:50:19Z add
2026-05-01T15:50:19Z show
2026-05-01T15:50:19Z list
2026-05-01T15:50:19Z add
2026-05-01T15:50:19Z show
2026-05-01T15:50:19Z list
2026-05-01T15:50:19Z add
2026-05-01T15:50:19Z ready
2026-05-01T15:53:23Z show
2026-05-01T15:53:23Z list
2026-05-01T15:53:23Z add
2026-05-01T15:53:23Z show
2026-05-01T15:53:23Z list
2026-05-01T15:53:23Z add
2026-05-01T15:53:23Z show
2026-05-01T15:53:23Z list
2026-05-01T15:53:23Z add
2026-05-01T15:53:24Z ready
2026-05-01T15:58:41Z show
2026-05-01T15:58:41Z list
2026-05-01T15:58:41Z add
2026-05-01T15:58:41Z show
2026-05-01T15:58:41Z list
2026-05-01T15:58:41Z add
2026-05-01T15:58:41Z show
2026-05-01T15:58:41Z list
2026-05-01T15:58:41Z add
2026-05-01T15:58:41Z ready
2026-05-01T16:01:44Z show
2026-05-01T16:01:44Z list
2026-05-01T16:01:44Z add
2026-05-01T16:01:44Z show
2026-05-01T16:01:44Z list
2026-05-01T16:01:44Z add
2026-05-01T16:01:44Z show
2026-05-01T16:01:44Z list
2026-05-01T16:01:44Z add
2026-05-01T16:01:44Z ready
2026-05-01T16:04:51Z show
2026-05-01T16:04:51Z list
2026-05-01T16:04:51Z add
2026-05-01T16:04:52Z show
2026-05-01T16:04:52Z list
2026-05-01T16:04:52Z add
2026-05-01T16:04:52Z show
2026-05-01T16:04:52Z list
2026-05-01T16:04:52Z add
2026-05-01T16:04:52Z ready
2026-05-01T16:08:10Z show
2026-05-01T16:08:10Z list
2026-05-01T16:08:10Z add
2026-05-01T16:08:10Z show
2026-05-01T16:08:10Z list
2026-05-01T16:08:10Z add
2026-05-01T16:08:10Z show
2026-05-01T16:08:10Z list
2026-05-01T16:08:10Z add
2026-05-01T16:08:10Z ready
2026-05-01T16:11:34Z show
2026-05-01T16:11:34Z list
2026-05-01T16:11:34Z add
2026-05-01T16:11:34Z show
2026-05-01T16:11:34Z list
2026-05-01T16:11:34Z add
2026-05-01T16:11:34Z show
2026-05-01T16:11:34Z list
2026-05-01T16:11:34Z add
2026-05-01T16:11:35Z ready
2026-05-01T16:14:46Z show
2026-05-01T16:14:46Z list
2026-05-01T16:14:46Z add
2026-05-01T16:14:46Z show
2026-05-01T16:14:46Z list
2026-05-01T16:14:46Z add
2026-05-01T16:14:46Z show
2026-05-01T16:14:46Z list
2026-05-01T16:14:46Z add
2026-05-01T16:14:46Z ready
2026-05-01T16:18:06Z show
2026-05-01T16:18:06Z list
2026-05-01T16:18:06Z add
2026-05-01T16:18:06Z show
2026-05-01T16:18:06Z list
2026-05-01T16:18:06Z add
2026-05-01T16:18:06Z show
2026-05-01T16:18:06Z list
2026-05-01T16:18:06Z add
2026-05-01T16:18:06Z ready
2026-05-01T16:21:47Z show
2026-05-01T16:21:47Z list
2026-05-01T16:21:47Z add
2026-05-01T16:21:47Z show
2026-05-01T16:21:47Z list
2026-05-01T16:21:47Z add
2026-05-01T16:21:47Z show
2026-05-01T16:21:47Z list
2026-05-01T16:21:47Z add
2026-05-01T16:21:47Z ready
2026-05-01T16:24:53Z show
2026-05-01T16:24:53Z list
2026-05-01T16:24:53Z add
2026-05-01T16:24:53Z show
2026-05-01T16:24:53Z list
2026-05-01T16:24:53Z add
2026-05-01T16:24:53Z show
2026-05-01T16:24:53Z list
2026-05-01T16:24:53Z add
2026-05-01T16:24:53Z ready
2026-05-01T16:28:17Z show
2026-05-01T16:28:17Z list
2026-05-01T16:28:17Z add
2026-05-01T16:28:17Z show
2026-05-01T16:28:18Z list
2026-05-01T16:28:18Z add
2026-05-01T16:28:18Z show
2026-05-01T16:28:18Z list
2026-05-01T16:28:18Z add
2026-05-01T16:28:18Z ready
2026-05-01T16:31:21Z show
2026-05-01T16:31:21Z list
2026-05-01T16:31:21Z add
2026-05-01T16:31:21Z show
2026-05-01T16:31:21Z list
2026-05-01T16:31:21Z add
2026-05-01T16:31:21Z show
2026-05-01T16:31:21Z list
2026-05-01T16:31:21Z add
2026-05-01T16:31:22Z ready
2026-05-01T16:34:45Z show
2026-05-01T16:34:45Z list
2026-05-01T16:34:45Z add
2026-05-01T16:34:45Z show
2026-05-01T16:34:45Z list
2026-05-01T16:34:45Z add
2026-05-01T16:34:45Z show
2026-05-01T16:34:45Z list
2026-05-01T16:34:45Z add
2026-05-01T16:34:45Z ready
2026-05-01T16:38:15Z show
2026-05-01T16:38:15Z list
2026-05-01T16:38:15Z add
2026-05-01T16:38:15Z show
2026-05-01T16:38:15Z list
2026-05-01T16:38:15Z add
2026-05-01T16:38:15Z show
2026-05-01T16:38:15Z list
2026-05-01T16:38:15Z add
2026-05-01T16:38:16Z ready
2026-05-01T16:41:34Z show
2026-05-01T16:41:34Z list
2026-05-01T16:41:34Z add
2026-05-01T16:41:34Z show
2026-05-01T16:41:34Z list
2026-05-01T16:41:34Z add
2026-05-01T16:41:34Z show
2026-05-01T16:41:34Z list
2026-05-01T16:41:34Z add
2026-05-01T16:41:35Z ready
2026-05-01T16:44:52Z show
2026-05-01T16:44:52Z list
2026-05-01T16:44:52Z add
2026-05-01T16:44:52Z show
2026-05-01T16:44:52Z list
2026-05-01T16:44:52Z add
2026-05-01T16:44:52Z show
2026-05-01T16:44:52Z list
2026-05-01T16:44:52Z add
2026-05-01T16:44:52Z ready
2026-05-01T16:49:19Z show
2026-05-01T16:49:19Z list
2026-05-01T16:49:19Z add
2026-05-01T16:49:19Z show
2026-05-01T16:49:19Z list
2026-05-01T16:49:19Z add
2026-05-01T16:49:19Z show
2026-05-01T16:49:19Z list
2026-05-01T16:49:19Z add
2026-05-01T16:49:19Z ready
2026-05-01T16:52:31Z show
2026-05-01T16:52:31Z list
2026-05-01T16:52:31Z add
2026-05-01T16:52:31Z show
2026-05-01T16:52:31Z list
2026-05-01T16:52:31Z add
2026-05-01T16:52:31Z show
2026-05-01T16:52:31Z list
2026-05-01T16:52:31Z add
2026-05-01T16:52:31Z ready
2026-05-01T16:55:56Z show
2026-05-01T16:55:56Z list
2026-05-01T16:55:56Z add
2026-05-01T16:55:56Z show
2026-05-01T16:55:56Z list
2026-05-01T16:55:56Z add
2026-05-01T16:55:56Z show
2026-05-01T16:55:56Z list
2026-05-01T16:55:56Z add
2026-05-01T16:55:56Z ready
2026-05-01T17:00:37Z show
2026-05-01T17:00:37Z list
2026-05-01T17:00:37Z add
2026-05-01T17:00:37Z show
2026-05-01T17:00:37Z list
2026-05-01T17:00:37Z add
2026-05-01T17:00:37Z show
2026-05-01T17:00:37Z list
2026-05-01T17:00:37Z add
2026-05-01T17:00:37Z ready
2026-05-01T17:03:49Z show
2026-05-01T17:03:49Z list
2026-05-01T17:03:49Z add
2026-05-01T17:03:49Z show
2026-05-01T17:03:49Z list
2026-05-01T17:03:49Z add
2026-05-01T17:03:49Z show
2026-05-01T17:03:49Z list
2026-05-01T17:03:49Z add
2026-05-01T17:03:49Z ready
2026-05-01T17:07:09Z show
2026-05-01T17:07:09Z list
2026-05-01T17:07:09Z add
2026-05-01T17:07:09Z show
2026-05-01T17:07:09Z list
2026-05-01T17:07:10Z add
2026-05-01T17:07:10Z show
2026-05-01T17:07:10Z list
2026-05-01T17:07:10Z add
2026-05-01T17:07:10Z ready
2026-05-01T17:10:43Z show
2026-05-01T17:10:43Z list
2026-05-01T17:10:43Z add
2026-05-01T17:10:43Z show
2026-05-01T17:10:43Z list
2026-05-01T17:10:43Z add
2026-05-01T17:10:43Z show
2026-05-01T17:10:43Z list
2026-05-01T17:10:43Z add
2026-05-01T17:10:43Z ready
2026-05-01T17:14:01Z show
2026-05-01T17:14:01Z list
2026-05-01T17:14:01Z add
2026-05-01T17:14:01Z show
2026-05-01T17:14:01Z list
2026-05-01T17:14:01Z add
2026-05-01T17:14:01Z show
2026-05-01T17:14:01Z list
2026-05-01T17:14:01Z add
2026-05-01T17:14:01Z ready
2026-05-01T17:17:15Z show
2026-05-01T17:17:15Z list
2026-05-01T17:17:15Z add
2026-05-01T17:17:15Z show
2026-05-01T17:17:15Z list
2026-05-01T17:17:15Z add
2026-05-01T17:17:15Z show
2026-05-01T17:17:16Z list
2026-05-01T17:17:16Z add
2026-05-01T17:17:16Z ready
2026-05-01T17:59:05Z show
2026-05-01T17:59:05Z list
2026-05-01T17:59:05Z add
2026-05-01T17:59:05Z show
2026-05-01T17:59:05Z list
2026-05-01T17:59:05Z add
2026-05-01T17:59:05Z show
2026-05-01T17:59:05Z list
2026-05-01T17:59:05Z add
2026-05-01T17:59:05Z ready
2026-05-01T18:02:07Z show
2026-05-01T18:02:07Z list
2026-05-01T18:02:07Z add
2026-05-01T18:02:07Z show
2026-05-01T18:02:07Z list
2026-05-01T18:02:07Z add
2026-05-01T18:02:07Z show
2026-05-01T18:02:07Z list
2026-05-01T18:02:07Z add
2026-05-01T18:02:07Z ready
2026-05-01T18:05:59Z show
2026-05-01T18:05:59Z list
2026-05-01T18:05:59Z add
2026-05-01T18:05:59Z show
2026-05-01T18:05:59Z list
2026-05-01T18:05:59Z add
2026-05-01T18:05:59Z show
2026-05-01T18:05:59Z list
2026-05-01T18:05:59Z add
2026-05-01T18:05:59Z ready
2026-05-01T18:12:21Z show
2026-05-01T18:12:21Z list
2026-05-01T18:12:21Z add
2026-05-01T18:12:21Z show
2026-05-01T18:12:21Z list
2026-05-01T18:12:22Z add
2026-05-01T18:12:22Z show
2026-05-01T18:12:22Z list
2026-05-01T18:12:22Z add
2026-05-01T18:12:22Z ready
2026-05-01T18:20:28Z show
2026-05-01T18:20:28Z list
2026-05-01T18:20:28Z add
2026-05-01T18:20:28Z show
2026-05-01T18:20:28Z list
2026-05-01T18:20:28Z add
2026-05-01T18:20:28Z show
2026-05-01T18:20:28Z list
2026-05-01T18:20:28Z add
2026-05-01T18:20:28Z ready
2026-05-01T18:28:57Z show
2026-05-01T18:28:57Z list
2026-05-01T18:28:57Z add
2026-05-01T18:28:57Z show
2026-05-01T18:28:57Z list
2026-05-01T18:28:57Z add
2026-05-01T18:28:57Z show
2026-05-01T18:28:57Z list
2026-05-01T18:28:57Z add
2026-05-01T18:28:58Z ready
2026-05-01T18:33:31Z show
2026-05-01T18:33:31Z list
2026-05-01T18:33:31Z add
2026-05-01T18:33:31Z show
2026-05-01T18:33:31Z list
2026-05-01T18:33:31Z add
2026-05-01T18:33:31Z show
2026-05-01T18:33:31Z list
2026-05-01T18:33:31Z add
2026-05-01T18:33:31Z ready
2026-05-01T18:37:56Z show
2026-05-01T18:37:56Z list
2026-05-01T18:37:56Z add
2026-05-01T18:37:56Z show
2026-05-01T18:37:56Z list
2026-05-01T18:37:56Z add
2026-05-01T18:37:56Z show
2026-05-01T18:37:56Z list
2026-05-01T18:37:56Z add
2026-05-01T18:37:57Z ready
2026-05-01T18:45:57Z show
2026-05-01T18:45:57Z list
2026-05-01T18:45:57Z add
2026-05-01T18:45:57Z show
2026-05-01T18:45:57Z list
2026-05-01T18:45:57Z add
2026-05-01T18:45:57Z show
2026-05-01T18:45:57Z list
2026-05-01T18:45:57Z add
2026-05-01T18:45:58Z ready
2026-05-01T18:51:16Z show
2026-05-01T18:51:16Z list
2026-05-01T18:51:16Z add
2026-05-01T18:51:16Z show
2026-05-01T18:51:16Z list
2026-05-01T18:51:16Z add
2026-05-01T18:51:16Z show
2026-05-01T18:51:16Z list
2026-05-01T18:51:16Z add
2026-05-01T18:51:16Z ready
2026-05-01T18:59:22Z show
2026-05-01T18:59:22Z list
2026-05-01T18:59:22Z add
2026-05-01T18:59:22Z show
2026-05-01T18:59:22Z list
2026-05-01T18:59:22Z add
2026-05-01T18:59:22Z show
2026-05-01T18:59:22Z list
2026-05-01T18:59:22Z add
2026-05-01T18:59:23Z ready
2026-05-01T19:07:34Z show
2026-05-01T19:07:34Z list
2026-05-01T19:07:35Z add
2026-05-01T19:07:35Z show
2026-05-01T19:07:35Z list
2026-05-01T19:07:35Z add
2026-05-01T19:07:35Z show
2026-05-01T19:07:35Z list
2026-05-01T19:07:35Z add
2026-05-01T19:07:36Z ready
2026-05-01T19:13:33Z show
2026-05-01T19:13:33Z list
2026-05-01T19:13:33Z add
2026-05-01T19:13:34Z show
2026-05-01T19:13:34Z list
2026-05-01T19:13:34Z add
2026-05-01T19:13:34Z show
2026-05-01T19:13:34Z list
2026-05-01T19:13:34Z add
2026-05-01T19:13:35Z ready
2026-05-01T19:18:13Z show
2026-05-01T19:18:13Z list
2026-05-01T19:18:13Z add
2026-05-01T19:18:13Z show
2026-05-01T19:18:13Z list
2026-05-01T19:18:13Z add
2026-05-01T19:18:13Z show
2026-05-01T19:18:13Z list
2026-05-01T19:18:13Z add
2026-05-01T19:18:14Z ready
2026-05-01T19:22:04Z show
2026-05-01T19:22:04Z list
2026-05-01T19:22:04Z add
2026-05-01T19:22:04Z show
2026-05-01T19:22:04Z list
2026-05-01T19:22:04Z add
2026-05-01T19:22:04Z show
2026-05-01T19:22:04Z list
2026-05-01T19:22:04Z add
2026-05-01T19:22:04Z ready
2026-05-01T19:26:49Z show
2026-05-01T19:26:49Z list
2026-05-01T19:26:50Z add
2026-05-01T19:26:50Z show
2026-05-01T19:26:50Z list
2026-05-01T19:26:50Z add
2026-05-01T19:26:50Z show
2026-05-01T19:26:50Z list
2026-05-01T19:26:50Z add
2026-05-01T19:26:52Z ready
2026-05-01T19:30:36Z show
2026-05-01T19:30:36Z list
2026-05-01T19:30:36Z add
2026-05-01T19:30:36Z show
2026-05-01T19:30:36Z list
2026-05-01T19:30:36Z add
2026-05-01T19:30:36Z show
2026-05-01T19:30:36Z list
2026-05-01T19:30:36Z add
2026-05-01T19:30:36Z ready
2026-05-01T19:33:52Z show
2026-05-01T19:33:52Z list
2026-05-01T19:33:52Z add
2026-05-01T19:33:52Z show
2026-05-01T19:33:52Z list
2026-05-01T19:33:52Z add
2026-05-01T19:33:52Z show
2026-05-01T19:33:52Z list
2026-05-01T19:33:52Z add
2026-05-01T19:33:52Z ready
2026-05-01T19:37:55Z show
2026-05-01T19:37:55Z list
2026-05-01T19:37:55Z add
2026-05-01T19:37:55Z show
2026-05-01T19:37:56Z list
2026-05-01T19:37:56Z add
2026-05-01T19:37:56Z show
2026-05-01T19:37:56Z list
2026-05-01T19:37:56Z add
2026-05-01T19:37:56Z ready
2026-05-01T19:41:24Z show
2026-05-01T19:41:24Z list
2026-05-01T19:41:24Z add
2026-05-01T19:41:24Z show
2026-05-01T19:41:24Z list
2026-05-01T19:41:24Z add
2026-05-01T19:41:24Z show
2026-05-01T19:41:24Z list
2026-05-01T19:41:24Z add
2026-05-01T19:41:24Z ready
2026-05-01T19:44:36Z show
2026-05-01T19:44:36Z list
2026-05-01T19:44:36Z add
2026-05-01T19:44:36Z show
2026-05-01T19:44:36Z list
2026-05-01T19:44:36Z add
2026-05-01T19:44:36Z show
2026-05-01T19:44:37Z list
2026-05-01T19:44:37Z add
2026-05-01T19:44:37Z ready
2026-05-01T19:47:45Z show
2026-05-01T19:47:45Z list
2026-05-01T19:47:45Z add
2026-05-01T19:47:45Z show
2026-05-01T19:47:45Z list
2026-05-01T19:47:46Z add
2026-05-01T19:47:46Z show
2026-05-01T19:47:46Z list
2026-05-01T19:47:46Z add
2026-05-01T19:47:46Z ready
2026-05-01T19:51:05Z show
2026-05-01T19:51:05Z list
2026-05-01T19:51:05Z add
2026-05-01T19:51:05Z show
2026-05-01T19:51:05Z list
2026-05-01T19:51:05Z add
2026-05-01T19:51:05Z show
2026-05-01T19:51:05Z list
2026-05-01T19:51:05Z add
2026-05-01T19:51:06Z ready
2026-05-01T19:54:19Z show
2026-05-01T19:54:19Z list
2026-05-01T19:54:19Z add
2026-05-01T19:54:19Z show
2026-05-01T19:54:19Z list
2026-05-01T19:54:19Z add
2026-05-01T19:54:19Z show
2026-05-01T19:54:19Z list
2026-05-01T19:54:19Z add
2026-05-01T19:54:19Z ready
2026-05-01T19:57:27Z show
2026-05-01T19:57:27Z list
2026-05-01T19:57:27Z add
2026-05-01T19:57:27Z show
2026-05-01T19:57:27Z list
2026-05-01T19:57:27Z add
2026-05-01T19:57:27Z show
2026-05-01T19:57:27Z list
2026-05-01T19:57:27Z add
2026-05-01T19:57:27Z ready
2026-05-01T20:02:14Z show
2026-05-01T20:02:14Z list
2026-05-01T20:02:14Z add
2026-05-01T20:02:14Z show
2026-05-01T20:02:14Z list
2026-05-01T20:02:14Z add
2026-05-01T20:02:14Z show
2026-05-01T20:02:14Z list
2026-05-01T20:02:14Z add
2026-05-01T20:02:15Z ready
2026-05-01T20:05:27Z show
2026-05-01T20:05:27Z list
2026-05-01T20:05:27Z add
2026-05-01T20:05:27Z show
2026-05-01T20:05:27Z list
2026-05-01T20:05:27Z add
2026-05-01T20:05:27Z show
2026-05-01T20:05:27Z list
2026-05-01T20:05:27Z add
2026-05-01T20:05:28Z ready
2026-05-01T20:08:47Z show
2026-05-01T20:08:47Z list
2026-05-01T20:08:47Z add
2026-05-01T20:08:47Z show
2026-05-01T20:08:47Z list
2026-05-01T20:08:47Z add
2026-05-01T20:08:47Z show
2026-05-01T20:08:47Z list
2026-05-01T20:08:47Z add
2026-05-01T20:08:47Z ready
2026-05-01T20:12:10Z show
2026-05-01T20:12:10Z list
2026-05-01T20:12:10Z add
2026-05-01T20:12:10Z show
2026-05-01T20:12:10Z list
2026-05-01T20:12:10Z add
2026-05-01T20:12:10Z show
2026-05-01T20:12:10Z list
2026-05-01T20:12:11Z add
2026-05-01T20:12:11Z ready
2026-05-01T20:15:16Z show
2026-05-01T20:15:16Z list
2026-05-01T20:15:16Z add
2026-05-01T20:15:16Z show
2026-05-01T20:15:16Z list
2026-05-01T20:15:16Z add
2026-05-01T20:15:16Z show
2026-05-01T20:15:16Z list
2026-05-01T20:15:16Z add
2026-05-01T20:15:16Z ready
2026-05-01T20:18:28Z show
2026-05-01T20:18:28Z list
2026-05-01T20:18:28Z add
2026-05-01T20:18:28Z show
2026-05-01T20:18:28Z list
2026-05-01T20:18:28Z add
2026-05-01T20:18:28Z show
2026-05-01T20:18:28Z list
2026-05-01T20:18:28Z add
2026-05-01T20:18:28Z ready
2026-05-01T20:22:00Z show
2026-05-01T20:22:00Z list
2026-05-01T20:22:00Z add
2026-05-01T20:22:00Z show
2026-05-01T20:22:00Z list
2026-05-01T20:22:00Z add
2026-05-01T20:22:00Z show
2026-05-01T20:22:00Z list
2026-05-01T20:22:00Z add
2026-05-01T20:22:00Z ready
2026-05-01T20:25:14Z show
2026-05-01T20:25:14Z list
2026-05-01T20:25:14Z add
2026-05-01T20:25:14Z show
2026-05-01T20:25:14Z list
2026-05-01T20:25:14Z add
2026-05-01T20:25:14Z show
2026-05-01T20:25:14Z list
2026-05-01T20:25:14Z add
2026-05-01T20:25:14Z ready
2026-05-01T20:28:33Z show
2026-05-01T20:28:33Z list
2026-05-01T20:28:33Z add
2026-05-01T20:28:33Z show
2026-05-01T20:28:33Z list
2026-05-01T20:28:33Z add
2026-05-01T20:28:33Z show
2026-05-01T20:28:33Z list
2026-05-01T20:28:33Z add
2026-05-01T20:28:34Z ready
2026-05-01T20:32:35Z show
2026-05-01T20:32:35Z list
2026-05-01T20:32:35Z add
2026-05-01T20:32:35Z show
2026-05-01T20:32:35Z list
2026-05-01T20:32:35Z add
2026-05-01T20:32:35Z show
2026-05-01T20:32:35Z list
2026-05-01T20:32:35Z add
2026-05-01T20:32:36Z ready
2026-05-01T20:35:59Z show
2026-05-01T20:35:59Z list
2026-05-01T20:35:59Z add
2026-05-01T20:35:59Z show
2026-05-01T20:35:59Z list
2026-05-01T20:35:59Z add
2026-05-01T20:35:59Z show
2026-05-01T20:35:59Z list
2026-05-01T20:35:59Z add
2026-05-01T20:35:59Z ready
2026-05-01T20:39:27Z show
2026-05-01T20:39:27Z list
2026-05-01T20:39:27Z add
2026-05-01T20:39:27Z show
2026-05-01T20:39:27Z list
2026-05-01T20:39:27Z add
2026-05-01T20:39:27Z show
2026-05-01T20:39:27Z list
2026-05-01T20:39:27Z add
2026-05-01T20:39:27Z ready
2026-05-01T20:43:03Z show
2026-05-01T20:43:03Z list
2026-05-01T20:43:03Z add
2026-05-01T20:43:03Z show
2026-05-01T20:43:03Z list
2026-05-01T20:43:03Z add
2026-05-01T20:43:03Z show
2026-05-01T20:43:03Z list
2026-05-01T20:43:03Z add
2026-05-01T20:43:03Z ready
2026-05-01T20:46:14Z show
2026-05-01T20:46:14Z list
2026-05-01T20:46:14Z add
2026-05-01T20:46:14Z show
2026-05-01T20:46:14Z list
2026-05-01T20:46:14Z add
2026-05-01T20:46:14Z show
2026-05-01T20:46:14Z list
2026-05-01T20:46:14Z add
2026-05-01T20:46:15Z ready
2026-05-01T20:49:17Z show
2026-05-01T20:49:17Z list
2026-05-01T20:49:17Z add
2026-05-01T20:49:17Z show
2026-05-01T20:49:17Z list
2026-05-01T20:49:17Z add
2026-05-01T20:49:17Z show
2026-05-01T20:49:17Z list
2026-05-01T20:49:17Z add
2026-05-01T20:49:17Z ready
2026-05-01T20:52:39Z show
2026-05-01T20:52:39Z list
2026-05-01T20:52:39Z add
2026-05-01T20:52:40Z show
2026-05-01T20:52:40Z list
2026-05-01T20:52:40Z add
2026-05-01T20:52:40Z show
2026-05-01T20:52:40Z list
2026-05-01T20:52:40Z add
2026-05-01T20:52:40Z ready
2026-05-01T20:55:55Z show
2026-05-01T20:55:55Z list
2026-05-01T20:55:55Z add
2026-05-01T20:55:55Z show
2026-05-01T20:55:55Z list
2026-05-01T20:55:55Z add
2026-05-01T20:55:55Z show
2026-05-01T20:55:55Z list
2026-05-01T20:55:55Z add
2026-05-01T20:55:55Z ready
2026-05-01T20:59:02Z show
2026-05-01T20:59:02Z list
2026-05-01T20:59:02Z add
2026-05-01T20:59:02Z show
2026-05-01T20:59:02Z list
2026-05-01T20:59:02Z add
2026-05-01T20:59:02Z show
2026-05-01T20:59:02Z list
2026-05-01T20:59:02Z add
2026-05-01T20:59:02Z ready
2026-05-01T21:05:27Z show
2026-05-01T21:05:27Z list
2026-05-01T21:05:27Z add
2026-05-01T21:05:27Z show
2026-05-01T21:05:27Z list
2026-05-01T21:05:27Z add
2026-05-01T21:05:27Z show
2026-05-01T21:05:27Z list
2026-05-01T21:05:27Z add
2026-05-01T21:05:27Z ready
2026-05-01T21:09:08Z show
2026-05-01T21:09:08Z list
2026-05-01T21:09:08Z add
2026-05-01T21:09:08Z show
2026-05-01T21:09:08Z list
2026-05-01T21:09:08Z add
2026-05-01T21:09:08Z show
2026-05-01T21:09:08Z list
2026-05-01T21:09:08Z add
2026-05-01T21:09:08Z ready
2026-05-01T21:12:22Z show
2026-05-01T21:12:22Z list
2026-05-01T21:12:22Z add
2026-05-01T21:12:22Z show
2026-05-01T21:12:22Z list
2026-05-01T21:12:22Z add
2026-05-01T21:12:22Z show
2026-05-01T21:12:22Z list
2026-05-01T21:12:22Z add
2026-05-01T21:12:22Z ready
2026-05-01T21:15:38Z show
2026-05-01T21:15:38Z list
2026-05-01T21:15:38Z add
2026-05-01T21:15:38Z show
2026-05-01T21:15:38Z list
2026-05-01T21:15:38Z add
2026-05-01T21:15:38Z show
2026-05-01T21:15:38Z list
2026-05-01T21:15:38Z add
2026-05-01T21:15:38Z ready
2026-05-01T21:19:09Z show
2026-05-01T21:19:10Z list
2026-05-01T21:19:10Z add
2026-05-01T21:19:10Z show
2026-05-01T21:19:10Z list
2026-05-01T21:19:10Z add
2026-05-01T21:19:10Z show
2026-05-01T21:19:10Z list
2026-05-01T21:19:10Z add
2026-05-01T21:19:10Z ready
2026-05-01T21:22:34Z show
2026-05-01T21:22:34Z list
2026-05-01T21:22:34Z add
2026-05-01T21:22:34Z show
2026-05-01T21:22:34Z list
2026-05-01T21:22:34Z add
2026-05-01T21:22:34Z show
2026-05-01T21:22:34Z list
2026-05-01T21:22:34Z add
2026-05-01T21:22:35Z ready
2026-05-01T21:25:54Z show
2026-05-01T21:25:54Z list
2026-05-01T21:25:54Z add
2026-05-01T21:25:54Z show
2026-05-01T21:25:54Z list
2026-05-01T21:25:54Z add
2026-05-01T21:25:54Z show
2026-05-01T21:25:54Z list
2026-05-01T21:25:54Z add
2026-05-01T21:25:54Z ready
2026-05-01T21:29:27Z show
2026-05-01T21:29:27Z list
2026-05-01T21:29:27Z add
2026-05-01T21:29:27Z show
2026-05-01T21:29:27Z list
2026-05-01T21:29:27Z add
2026-05-01T21:29:27Z show
2026-05-01T21:29:27Z list
2026-05-01T21:29:27Z add
2026-05-01T21:29:28Z ready
2026-05-01T21:34:34Z show
2026-05-01T21:34:34Z list
2026-05-01T21:34:34Z add
2026-05-01T21:34:34Z show
2026-05-01T21:34:34Z list
2026-05-01T21:34:34Z add
2026-05-01T21:34:34Z show
2026-05-01T21:34:34Z list
2026-05-01T21:34:34Z add
2026-05-01T21:34:35Z ready
2026-05-01T21:39:47Z show
2026-05-01T21:39:47Z list
2026-05-01T21:39:47Z add
2026-05-01T21:39:47Z show
2026-05-01T21:39:47Z list
2026-05-01T21:39:47Z add
2026-05-01T21:39:47Z show
2026-05-01T21:39:47Z list
2026-05-01T21:39:47Z add
2026-05-01T21:39:47Z ready
2026-05-01T21:43:58Z show
2026-05-01T21:43:58Z list
2026-05-01T21:43:58Z add
2026-05-01T21:43:58Z show
2026-05-01T21:43:58Z list
2026-05-01T21:43:58Z add
2026-05-01T21:43:58Z show
2026-05-01T21:43:58Z list
2026-05-01T21:43:58Z add
2026-05-01T21:43:58Z ready
2026-05-01T21:47:11Z show
2026-05-01T21:47:11Z list
2026-05-01T21:47:11Z add
2026-05-01T21:47:11Z show
2026-05-01T21:47:11Z list
2026-05-01T21:47:11Z add
2026-05-01T21:47:11Z show
2026-05-01T21:47:11Z list
2026-05-01T21:47:11Z add
2026-05-01T21:47:11Z ready
2026-05-01T21:50:20Z show
2026-05-01T21:50:20Z list
2026-05-01T21:50:20Z add
2026-05-01T21:50:20Z show
2026-05-01T21:50:20Z list
2026-05-01T21:50:20Z add
2026-05-01T21:50:20Z show
2026-05-01T21:50:20Z list
2026-05-01T21:50:20Z add
2026-05-01T21:50:20Z ready
2026-05-01T21:54:46Z show
2026-05-01T21:54:46Z list
2026-05-01T21:54:46Z add
2026-05-01T21:54:46Z show
2026-05-01T21:54:46Z list
2026-05-01T21:54:46Z add
2026-05-01T21:54:46Z show
2026-05-01T21:54:46Z list
2026-05-01T21:54:46Z add
2026-05-01T21:54:47Z ready
2026-05-01T21:58:40Z show
2026-05-01T21:58:40Z list
2026-05-01T21:58:40Z add
2026-05-01T21:58:40Z show
2026-05-01T21:58:40Z list
2026-05-01T21:58:40Z add
2026-05-01T21:58:40Z show
2026-05-01T21:58:40Z list
2026-05-01T21:58:40Z add
2026-05-01T21:58:40Z ready
2026-05-01T22:01:55Z show
2026-05-01T22:01:55Z list
2026-05-01T22:01:55Z add
2026-05-01T22:01:55Z show
2026-05-01T22:01:55Z list
2026-05-01T22:01:55Z add
2026-05-01T22:01:55Z show
2026-05-01T22:01:55Z list
2026-05-01T22:01:55Z add
2026-05-01T22:01:55Z ready
2026-05-01T22:05:15Z show
2026-05-01T22:05:15Z list
2026-05-01T22:05:15Z add
2026-05-01T22:05:15Z show
2026-05-01T22:05:15Z list
2026-05-01T22:05:15Z add
2026-05-01T22:05:15Z show
2026-05-01T22:05:15Z list
2026-05-01T22:05:15Z add
2026-05-01T22:05:15Z ready
2026-05-01T22:08:12Z show
2026-05-01T22:08:12Z list
2026-05-01T22:08:12Z add
2026-05-01T22:08:12Z show
2026-05-01T22:08:12Z list
2026-05-01T22:08:12Z add
2026-05-01T22:08:12Z show
2026-05-01T22:08:12Z list
2026-05-01T22:08:12Z add
2026-05-01T22:08:13Z ready
2026-05-01T22:11:23Z show
2026-05-01T22:11:23Z list
2026-05-01T22:11:23Z add
2026-05-01T22:11:23Z show
2026-05-01T22:11:23Z list
2026-05-01T22:11:23Z add
2026-05-01T22:11:23Z show
2026-05-01T22:11:23Z list
2026-05-01T22:11:23Z add
2026-05-01T22:11:23Z ready
2026-05-01T22:14:43Z show
2026-05-01T22:14:43Z list
2026-05-01T22:14:43Z add
2026-05-01T22:14:43Z show
2026-05-01T22:14:43Z list
2026-05-01T22:14:43Z add
2026-05-01T22:14:43Z show
2026-05-01T22:14:43Z list
2026-05-01T22:14:43Z add
2026-05-01T22:14:44Z ready
2026-05-01T22:17:49Z show
2026-05-01T22:17:49Z list
2026-05-01T22:17:49Z add
2026-05-01T22:17:49Z show
2026-05-01T22:17:49Z list
2026-05-01T22:17:49Z add
2026-05-01T22:17:49Z show
2026-05-01T22:17:49Z list
2026-05-01T22:17:49Z add
2026-05-01T22:17:49Z ready
2026-05-01T22:20:57Z show
2026-05-01T22:20:57Z list
2026-05-01T22:20:57Z add
2026-05-01T22:20:57Z show
2026-05-01T22:20:57Z list
2026-05-01T22:20:57Z add
2026-05-01T22:20:57Z show
2026-05-01T22:20:57Z list
2026-05-01T22:20:57Z add
2026-05-01T22:20:57Z ready
2026-05-01T22:24:19Z show
2026-05-01T22:24:19Z list
2026-05-01T22:24:19Z add
2026-05-01T22:24:19Z show
2026-05-01T22:24:19Z list
2026-05-01T22:24:19Z add
2026-05-01T22:24:19Z show
2026-05-01T22:24:19Z list
2026-05-01T22:24:19Z add
2026-05-01T22:24:19Z ready
2026-05-01T22:28:11Z show
2026-05-01T22:28:11Z list
2026-05-01T22:28:11Z add
2026-05-01T22:28:11Z show
2026-05-01T22:28:11Z list
2026-05-01T22:28:11Z add
2026-05-01T22:28:11Z show
2026-05-01T22:28:11Z list
2026-05-01T22:28:11Z add
2026-05-01T22:28:11Z ready
2026-05-01T22:33:38Z show
2026-05-01T22:33:38Z list
2026-05-01T22:33:38Z add
2026-05-01T22:33:38Z show
2026-05-01T22:33:38Z list
2026-05-01T22:33:38Z add
2026-05-01T22:33:38Z show
2026-05-01T22:33:38Z list
2026-05-01T22:33:38Z add
2026-05-01T22:33:38Z ready
2026-05-01T22:37:03Z show
2026-05-01T22:37:03Z list
2026-05-01T22:37:03Z add
2026-05-01T22:37:03Z show
2026-05-01T22:37:03Z list
2026-05-01T22:37:03Z add
2026-05-01T22:37:03Z show
2026-05-01T22:37:03Z list
2026-05-01T22:37:03Z add
2026-05-01T22:37:03Z ready
2026-05-01T22:40:10Z show
2026-05-01T22:40:10Z list
2026-05-01T22:40:10Z add
2026-05-01T22:40:10Z show
2026-05-01T22:40:10Z list
2026-05-01T22:40:10Z add
2026-05-01T22:40:10Z show
2026-05-01T22:40:10Z list
2026-05-01T22:40:10Z add
2026-05-01T22:40:10Z ready
2026-05-01T22:43:13Z show
2026-05-01T22:43:13Z list
2026-05-01T22:43:13Z add
2026-05-01T22:43:13Z show
2026-05-01T22:43:13Z list
2026-05-01T22:43:13Z add
2026-05-01T22:43:13Z show
2026-05-01T22:43:13Z list
2026-05-01T22:43:13Z add
2026-05-01T22:43:13Z ready
2026-05-01T22:46:44Z show
2026-05-01T22:46:44Z list
2026-05-01T22:46:44Z add
2026-05-01T22:46:44Z show
2026-05-01T22:46:44Z list
2026-05-01T22:46:44Z add
2026-05-01T22:46:44Z show
2026-05-01T22:46:44Z list
2026-05-01T22:46:44Z add
2026-05-01T22:46:45Z ready
2026-05-01T22:49:54Z show
2026-05-01T22:49:54Z list
2026-05-01T22:49:54Z add
2026-05-01T22:49:54Z show
2026-05-01T22:49:54Z list
2026-05-01T22:49:54Z add
2026-05-01T22:49:54Z show
2026-05-01T22:49:54Z list
2026-05-01T22:49:54Z add
2026-05-01T22:49:54Z ready
2026-05-01T22:52:58Z show
2026-05-01T22:52:58Z list
2026-05-01T22:52:58Z add
2026-05-01T22:52:58Z show
2026-05-01T22:52:58Z list
2026-05-01T22:52:58Z add
2026-05-01T22:52:58Z show
2026-05-01T22:52:58Z list
2026-05-01T22:52:58Z add
2026-05-01T22:52:59Z ready
2026-05-01T22:56:31Z show
2026-05-01T22:56:31Z list
2026-05-01T22:56:31Z add
2026-05-01T22:56:31Z show
2026-05-01T22:56:31Z list
2026-05-01T22:56:31Z add
2026-05-01T22:56:31Z show
2026-05-01T22:56:31Z list
2026-05-01T22:56:31Z add
2026-05-01T22:56:32Z ready
2026-05-01T22:59:41Z show
2026-05-01T22:59:41Z list
2026-05-01T22:59:41Z add
2026-05-01T22:59:41Z show
2026-05-01T22:59:41Z list
2026-05-01T22:59:41Z add
2026-05-01T22:59:41Z show
2026-05-01T22:59:41Z list
2026-05-01T22:59:41Z add
2026-05-01T22:59:41Z ready
2026-05-01T23:02:47Z show
2026-05-01T23:02:47Z list
2026-05-01T23:02:47Z add
2026-05-01T23:02:47Z show
2026-05-01T23:02:47Z list
2026-05-01T23:02:47Z add
2026-05-01T23:02:47Z show
2026-05-01T23:02:47Z list
2026-05-01T23:02:47Z add
2026-05-01T23:02:47Z ready
2026-05-01T23:08:49Z show
2026-05-01T23:08:49Z list
2026-05-01T23:08:49Z add
2026-05-01T23:08:49Z show
2026-05-01T23:08:49Z list
2026-05-01T23:08:49Z add
2026-05-01T23:08:49Z show
2026-05-01T23:08:49Z list
2026-05-01T23:08:49Z add
2026-05-01T23:08:49Z ready
2026-05-01T23:13:18Z show
2026-05-01T23:13:18Z list
2026-05-01T23:13:18Z add
2026-05-01T23:13:18Z show
2026-05-01T23:13:18Z list
2026-05-01T23:13:18Z add
2026-05-01T23:13:18Z show
2026-05-01T23:13:18Z list
2026-05-01T23:13:18Z add
2026-05-01T23:13:18Z ready
2026-05-01T23:16:41Z show
2026-05-01T23:16:41Z list
2026-05-01T23:16:41Z add
2026-05-01T23:16:41Z show
2026-05-01T23:16:41Z list
2026-05-01T23:16:41Z add
2026-05-01T23:16:41Z show
2026-05-01T23:16:41Z list
2026-05-01T23:16:41Z add
2026-05-01T23:16:41Z ready
2026-05-01T23:19:46Z show
2026-05-01T23:19:46Z list
2026-05-01T23:19:46Z add
2026-05-01T23:19:46Z show
2026-05-01T23:19:46Z list
2026-05-01T23:19:46Z add
2026-05-01T23:19:46Z show
2026-05-01T23:19:46Z list
2026-05-01T23:19:46Z add
2026-05-01T23:19:46Z ready
2026-05-01T23:22:51Z show
2026-05-01T23:22:51Z list
2026-05-01T23:22:51Z add
2026-05-01T23:22:51Z show
2026-05-01T23:22:51Z list
2026-05-01T23:22:51Z add
2026-05-01T23:22:51Z show
2026-05-01T23:22:51Z list
2026-05-01T23:22:51Z add
2026-05-01T23:22:51Z ready
2026-05-01T23:26:04Z show
2026-05-01T23:26:04Z list
2026-05-01T23:26:04Z add
2026-05-01T23:26:04Z show
2026-05-01T23:26:04Z list
2026-05-01T23:26:04Z add
2026-05-01T23:26:04Z show
2026-05-01T23:26:04Z list
2026-05-01T23:26:04Z add
2026-05-01T23:26:04Z ready
2026-05-01T23:29:13Z show
2026-05-01T23:29:13Z list
2026-05-01T23:29:13Z add
2026-05-01T23:29:13Z show
2026-05-01T23:29:13Z list
2026-05-01T23:29:13Z add
2026-05-01T23:29:13Z show
2026-05-01T23:29:14Z list
2026-05-01T23:29:14Z add
2026-05-01T23:29:14Z ready
2026-05-01T23:32:43Z show
2026-05-01T23:32:43Z list
2026-05-01T23:32:43Z add
2026-05-01T23:32:43Z show
2026-05-01T23:32:43Z list
2026-05-01T23:32:43Z add
2026-05-01T23:32:43Z show
2026-05-01T23:32:43Z list
2026-05-01T23:32:43Z add
2026-05-01T23:32:43Z ready
2026-05-01T23:36:02Z show
2026-05-01T23:36:02Z list
2026-05-01T23:36:02Z add
2026-05-01T23:36:02Z show
2026-05-01T23:36:02Z list
2026-05-01T23:36:02Z add
2026-05-01T23:36:02Z show
2026-05-01T23:36:02Z list
2026-05-01T23:36:02Z add
2026-05-01T23:36:02Z ready
2026-05-01T23:39:06Z show
2026-05-01T23:39:06Z list
2026-05-01T23:39:06Z add
2026-05-01T23:39:06Z show
2026-05-01T23:39:06Z list
2026-05-01T23:39:06Z add
2026-05-01T23:39:06Z show
2026-05-01T23:39:06Z list
2026-05-01T23:39:06Z add
2026-05-01T23:39:06Z ready
2026-05-01T23:42:23Z show
2026-05-01T23:42:23Z list
2026-05-01T23:42:23Z add
2026-05-01T23:42:23Z show
2026-05-01T23:42:23Z list
2026-05-01T23:42:24Z add
2026-05-01T23:42:24Z show
2026-05-01T23:42:24Z list
2026-05-01T23:42:24Z add
2026-05-01T23:42:24Z ready
2026-05-01T23:45:47Z show
2026-05-01T23:45:47Z list
2026-05-01T23:45:47Z add
2026-05-01T23:45:47Z show
2026-05-01T23:45:47Z list
2026-05-01T23:45:47Z add
2026-05-01T23:45:47Z show
2026-05-01T23:45:47Z list
2026-05-01T23:45:47Z add
2026-05-01T23:45:47Z ready
2026-05-01T23:48:52Z show
2026-05-01T23:48:52Z list
2026-05-01T23:48:52Z add
2026-05-01T23:48:52Z show
2026-05-01T23:48:52Z list
2026-05-01T23:48:52Z add
2026-05-01T23:48:52Z show
2026-05-01T23:48:52Z list
2026-05-01T23:48:52Z add
2026-05-01T23:48:52Z ready
2026-05-01T23:52:00Z show
2026-05-01T23:52:00Z list
2026-05-01T23:52:00Z add
2026-05-01T23:52:00Z show
2026-05-01T23:52:00Z list
2026-05-01T23:52:00Z add
2026-05-01T23:52:00Z show
2026-05-01T23:52:00Z list
2026-05-01T23:52:00Z add
2026-05-01T23:52:00Z ready
2026-05-01T23:55:18Z show
2026-05-01T23:55:18Z list
2026-05-01T23:55:18Z add
2026-05-01T23:55:18Z show
2026-05-01T23:55:18Z list
2026-05-01T23:55:18Z add
2026-05-01T23:55:18Z show
2026-05-01T23:55:18Z list
2026-05-01T23:55:18Z add
2026-05-01T23:55:18Z ready
2026-05-01T23:59:46Z show
2026-05-01T23:59:46Z list
2026-05-01T23:59:46Z add
2026-05-01T23:59:46Z show
2026-05-01T23:59:47Z list
2026-05-01T23:59:47Z add
2026-05-01T23:59:47Z show
2026-05-01T23:59:47Z list
2026-05-01T23:59:47Z add
2026-05-01T23:59:47Z ready
2026-05-02T00:04:52Z show
2026-05-02T00:04:52Z list
2026-05-02T00:04:52Z add
2026-05-02T00:04:52Z show
2026-05-02T00:04:52Z list
2026-05-02T00:04:52Z add
2026-05-02T00:04:52Z show
2026-05-02T00:04:52Z list
2026-05-02T00:04:52Z add
2026-05-02T00:04:52Z ready
2026-05-02T00:08:26Z show
2026-05-02T00:08:26Z list
2026-05-02T00:08:26Z add
2026-05-02T00:08:26Z show
2026-05-02T00:08:26Z list
2026-05-02T00:08:26Z add
2026-05-02T00:08:26Z show
2026-05-02T00:08:26Z list
2026-05-02T00:08:26Z add
2026-05-02T00:08:26Z ready
2026-05-02T00:11:45Z show
2026-05-02T00:11:45Z list
2026-05-02T00:11:45Z add
2026-05-02T00:11:45Z show
2026-05-02T00:11:45Z list
2026-05-02T00:11:45Z add
2026-05-02T00:11:45Z show
2026-05-02T00:11:45Z list
2026-05-02T00:11:45Z add
2026-05-02T00:11:46Z ready
2026-05-02T00:14:53Z show
2026-05-02T00:14:53Z list
2026-05-02T00:14:53Z add
2026-05-02T00:14:53Z show
2026-05-02T00:14:53Z list
2026-05-02T00:14:53Z add
2026-05-02T00:14:53Z show
2026-05-02T00:14:53Z list
2026-05-02T00:14:53Z add
2026-05-02T00:14:53Z ready
2026-05-02T00:18:14Z show
2026-05-02T00:18:14Z list
2026-05-02T00:18:14Z add
2026-05-02T00:18:14Z show
2026-05-02T00:18:14Z list
2026-05-02T00:18:14Z add
2026-05-02T00:18:14Z show
2026-05-02T00:18:14Z list
2026-05-02T00:18:14Z add
2026-05-02T00:18:14Z ready
2026-05-02T00:21:47Z show
2026-05-02T00:21:47Z list
2026-05-02T00:21:47Z add
2026-05-02T00:21:47Z show
2026-05-02T00:21:47Z list
2026-05-02T00:21:47Z add
2026-05-02T00:21:47Z show
2026-05-02T00:21:48Z list
2026-05-02T00:21:48Z add
2026-05-02T00:21:48Z ready
2026-05-02T00:25:02Z show
2026-05-02T00:25:02Z list
2026-05-02T00:25:02Z add
2026-05-02T00:25:02Z show
2026-05-02T00:25:02Z list
2026-05-02T00:25:02Z add
2026-05-02T00:25:02Z show
2026-05-02T00:25:02Z list
2026-05-02T00:25:02Z add
2026-05-02T00:25:02Z ready
2026-05-02T00:28:37Z show
2026-05-02T00:28:37Z list
2026-05-02T00:28:37Z add
2026-05-02T00:28:37Z show
2026-05-02T00:28:37Z list
2026-05-02T00:28:37Z add
2026-05-02T00:28:37Z show
2026-05-02T00:28:37Z list
2026-05-02T00:28:37Z add
2026-05-02T00:28:38Z ready
2026-05-02T00:31:50Z show
2026-05-02T00:31:50Z list
2026-05-02T00:31:50Z add
2026-05-02T00:31:50Z show
2026-05-02T00:31:50Z list
2026-05-02T00:31:50Z add
2026-05-02T00:31:50Z show
2026-05-02T00:31:50Z list
2026-05-02T00:31:50Z add
2026-05-02T00:31:50Z ready
2026-05-02T00:35:08Z show
2026-05-02T00:35:08Z list
2026-05-02T00:35:08Z add
2026-05-02T00:35:08Z show
2026-05-02T00:35:08Z list
2026-05-02T00:35:08Z add
2026-05-02T00:35:08Z show
2026-05-02T00:35:08Z list
2026-05-02T00:35:08Z add
2026-05-02T00:35:09Z ready
2026-05-02T00:38:19Z show
2026-05-02T00:38:19Z list
2026-05-02T00:38:19Z add
2026-05-02T00:38:19Z show
2026-05-02T00:38:19Z list
2026-05-02T00:38:19Z add
2026-05-02T00:38:19Z show
2026-05-02T00:38:19Z list
2026-05-02T00:38:19Z add
2026-05-02T00:38:20Z ready
2026-05-02T00:41:24Z show
2026-05-02T00:41:24Z list
2026-05-02T00:41:24Z add
2026-05-02T00:41:24Z show
2026-05-02T00:41:24Z list
2026-05-02T00:41:24Z add
2026-05-02T00:41:24Z show
2026-05-02T00:41:24Z list
2026-05-02T00:41:24Z add
2026-05-02T00:41:25Z ready
2026-05-02T00:44:29Z show
2026-05-02T00:44:29Z list
2026-05-02T00:44:29Z add
2026-05-02T00:44:29Z show
2026-05-02T00:44:29Z list
2026-05-02T00:44:29Z add
2026-05-02T00:44:29Z show
2026-05-02T00:44:29Z list
2026-05-02T00:44:30Z add
2026-05-02T00:44:30Z ready
2026-05-02T00:50:50Z show
2026-05-02T00:50:50Z list
2026-05-02T00:50:50Z add
2026-05-02T00:50:50Z show
2026-05-02T00:50:50Z list
2026-05-02T00:50:50Z add
2026-05-02T00:50:50Z show
2026-05-02T00:50:50Z list
2026-05-02T00:50:50Z add
2026-05-02T00:50:51Z ready
2026-05-02T00:55:21Z show
2026-05-02T00:55:21Z list
2026-05-02T00:55:21Z add
2026-05-02T00:55:21Z show
2026-05-02T00:55:21Z list
2026-05-02T00:55:21Z add
2026-05-02T00:55:21Z show
2026-05-02T00:55:21Z list
2026-05-02T00:55:21Z add
2026-05-02T00:55:21Z ready
2026-05-02T00:58:57Z show
2026-05-02T00:58:57Z list
2026-05-02T00:58:57Z add
2026-05-02T00:58:57Z show
2026-05-02T00:58:57Z list
2026-05-02T00:58:57Z add
2026-05-02T00:58:57Z show
2026-05-02T00:58:57Z list
2026-05-02T00:58:57Z add
2026-05-02T00:58:57Z ready
2026-05-02T01:04:14Z show
2026-05-02T01:04:14Z list
2026-05-02T01:04:14Z add
2026-05-02T01:04:14Z show
2026-05-02T01:04:14Z list
2026-05-02T01:04:14Z add
2026-05-02T01:04:14Z show
2026-05-02T01:04:14Z list
2026-05-02T01:04:14Z add
2026-05-02T01:04:14Z ready
2026-05-02T01:08:55Z show
2026-05-02T01:08:55Z list
2026-05-02T01:08:55Z add
2026-05-02T01:08:55Z show
2026-05-02T01:08:55Z list
2026-05-02T01:08:55Z add
2026-05-02T01:08:55Z show
2026-05-02T01:08:55Z list
2026-05-02T01:08:55Z add
2026-05-02T01:08:55Z ready
2026-05-02T01:12:52Z show
2026-05-02T01:12:52Z list
2026-05-02T01:12:52Z add
2026-05-02T01:12:52Z show
2026-05-02T01:12:52Z list
2026-05-02T01:12:52Z add
2026-05-02T01:12:52Z show
2026-05-02T01:12:52Z list
2026-05-02T01:12:52Z add
2026-05-02T01:12:52Z ready
2026-05-02T01:18:07Z show
2026-05-02T01:18:07Z list
2026-05-02T01:18:07Z add
2026-05-02T01:18:07Z show
2026-05-02T01:18:07Z list
2026-05-02T01:18:07Z add
2026-05-02T01:18:07Z show
2026-05-02T01:18:07Z list
2026-05-02T01:18:07Z add
2026-05-02T01:18:07Z ready
2026-05-02T01:22:05Z show
2026-05-02T01:22:05Z list
2026-05-02T01:22:05Z add
2026-05-02T01:22:05Z show
2026-05-02T01:22:05Z list
2026-05-02T01:22:05Z add
2026-05-02T01:22:05Z show
2026-05-02T01:22:05Z list
2026-05-02T01:22:05Z add
2026-05-02T01:22:05Z ready
2026-05-02T01:25:26Z show
2026-05-02T01:25:26Z list
2026-05-02T01:25:26Z add
2026-05-02T01:25:26Z show
2026-05-02T01:25:26Z list
2026-05-02T01:25:26Z add
2026-05-02T01:25:26Z show
2026-05-02T01:25:26Z list
2026-05-02T01:25:26Z add
2026-05-02T01:25:27Z ready
2026-05-02T01:28:54Z show
2026-05-02T01:28:54Z list
2026-05-02T01:28:54Z add
2026-05-02T01:28:55Z show
2026-05-02T01:28:55Z list
2026-05-02T01:28:55Z add
2026-05-02T01:28:55Z show
2026-05-02T01:28:55Z list
2026-05-02T01:28:55Z add
2026-05-02T01:28:55Z ready
2026-05-02T01:31:59Z show
2026-05-02T01:31:59Z list
2026-05-02T01:31:59Z add
2026-05-02T01:31:59Z show
2026-05-02T01:31:59Z list
2026-05-02T01:31:59Z add
2026-05-02T01:31:59Z show
2026-05-02T01:31:59Z list
2026-05-02T01:31:59Z add
2026-05-02T01:32:00Z ready
2026-05-02T01:35:22Z show
2026-05-02T01:35:22Z list
2026-05-02T01:35:22Z add
2026-05-02T01:35:22Z show
2026-05-02T01:35:22Z list
2026-05-02T01:35:22Z add
2026-05-02T01:35:22Z show
2026-05-02T01:35:22Z list
2026-05-02T01:35:22Z add
2026-05-02T01:35:23Z ready
2026-05-02T01:38:32Z show
2026-05-02T01:38:32Z list
2026-05-02T01:38:32Z add
2026-05-02T01:38:32Z show
2026-05-02T01:38:32Z list
2026-05-02T01:38:32Z add
2026-05-02T01:38:32Z show
2026-05-02T01:38:32Z list
2026-05-02T01:38:32Z add
2026-05-02T01:38:32Z ready
2026-05-02T01:41:40Z show
2026-05-02T01:41:41Z list
2026-05-02T01:41:41Z add
2026-05-02T01:41:41Z show
2026-05-02T01:41:41Z list
2026-05-02T01:41:41Z add
2026-05-02T01:41:41Z show
2026-05-02T01:41:41Z list
2026-05-02T01:41:41Z add
2026-05-02T01:41:41Z ready
2026-05-02T01:45:47Z show
2026-05-02T01:45:47Z list
2026-05-02T01:45:47Z add
2026-05-02T01:45:47Z show
2026-05-02T01:45:47Z list
2026-05-02T01:45:47Z add
2026-05-02T01:45:47Z show
2026-05-02T01:45:47Z list
2026-05-02T01:45:47Z add
2026-05-02T01:45:47Z ready
2026-05-02T01:49:48Z show
2026-05-02T01:49:48Z list
2026-05-02T01:49:48Z add
2026-05-02T01:49:48Z show
2026-05-02T01:49:48Z list
2026-05-02T01:49:48Z add
2026-05-02T01:49:48Z show
2026-05-02T01:49:48Z list
2026-05-02T01:49:48Z add
2026-05-02T01:49:48Z ready
2026-05-02T01:54:13Z show
2026-05-02T01:54:13Z list
2026-05-02T01:54:13Z add
2026-05-02T01:54:13Z show
2026-05-02T01:54:13Z list
2026-05-02T01:54:13Z add
2026-05-02T01:54:13Z show
2026-05-02T01:54:13Z list
2026-05-02T01:54:13Z add
2026-05-02T01:54:14Z ready
2026-05-02T01:57:49Z show
2026-05-02T01:57:49Z list
2026-05-02T01:57:49Z add
2026-05-02T01:57:49Z show
2026-05-02T01:57:49Z list
2026-05-02T01:57:49Z add
2026-05-02T01:57:49Z show
2026-05-02T01:57:49Z list
2026-05-02T01:57:49Z add
2026-05-02T01:57:49Z ready
2026-05-02T02:00:55Z show
2026-05-02T02:00:55Z list
2026-05-02T02:00:55Z add
2026-05-02T02:00:55Z show
2026-05-02T02:00:55Z list
2026-05-02T02:00:55Z add
2026-05-02T02:00:55Z show
2026-05-02T02:00:55Z list
2026-05-02T02:00:55Z add
2026-05-02T02:00:55Z ready
2026-05-02T02:04:08Z show
2026-05-02T02:04:08Z list
2026-05-02T02:04:08Z add
2026-05-02T02:04:08Z show
2026-05-02T02:04:08Z list
2026-05-02T02:04:08Z add
2026-05-02T02:04:08Z show
2026-05-02T02:04:08Z list
2026-05-02T02:04:08Z add
2026-05-02T02:04:08Z ready
2026-05-02T02:07:32Z show
2026-05-02T02:07:32Z list
2026-05-02T02:07:32Z add
2026-05-02T02:07:32Z show
2026-05-02T02:07:32Z list
2026-05-02T02:07:32Z add
2026-05-02T02:07:32Z show
2026-05-02T02:07:32Z list
2026-05-02T02:07:32Z add
2026-05-02T02:07:32Z ready
2026-05-02T02:10:43Z show
2026-05-02T02:10:43Z list
2026-05-02T02:10:43Z add
2026-05-02T02:10:43Z show
2026-05-02T02:10:43Z list
2026-05-02T02:10:43Z add
2026-05-02T02:10:43Z show
2026-05-02T02:10:43Z list
2026-05-02T02:10:43Z add
2026-05-02T02:10:43Z ready
2026-05-02T02:13:53Z show
2026-05-02T02:13:53Z list
2026-05-02T02:13:53Z add
2026-05-02T02:13:53Z show
2026-05-02T02:13:53Z list
2026-05-02T02:13:53Z add
2026-05-02T02:13:53Z show
2026-05-02T02:13:53Z list
2026-05-02T02:13:53Z add
2026-05-02T02:13:53Z ready
2026-05-02T02:17:23Z show
2026-05-02T02:17:23Z list
2026-05-02T02:17:23Z add
2026-05-02T02:17:23Z show
2026-05-02T02:17:23Z list
2026-05-02T02:17:23Z add
2026-05-02T02:17:23Z show
2026-05-02T02:17:23Z list
2026-05-02T02:17:23Z add
2026-05-02T02:17:23Z ready
2026-05-02T02:20:30Z show
2026-05-02T02:20:30Z list
2026-05-02T02:20:30Z add
2026-05-02T02:20:30Z show
2026-05-02T02:20:30Z list
2026-05-02T02:20:30Z add
2026-05-02T02:20:30Z show
2026-05-02T02:20:30Z list
2026-05-02T02:20:30Z add
2026-05-02T02:20:30Z ready
2026-05-02T02:23:43Z show
2026-05-02T02:23:43Z list
2026-05-02T02:23:43Z add
2026-05-02T02:23:43Z show
2026-05-02T02:23:43Z list
2026-05-02T02:23:43Z add
2026-05-02T02:23:43Z show
2026-05-02T02:23:43Z list
2026-05-02T02:23:43Z add
2026-05-02T02:23:43Z ready
2026-05-02T02:27:00Z show
2026-05-02T02:27:00Z list
2026-05-02T02:27:00Z add
2026-05-02T02:27:00Z show
2026-05-02T02:27:00Z list
2026-05-02T02:27:00Z add
2026-05-02T02:27:00Z show
2026-05-02T02:27:00Z list
2026-05-02T02:27:00Z add
2026-05-02T02:27:00Z ready
2026-05-02T02:30:04Z show
2026-05-02T02:30:04Z list
2026-05-02T02:30:04Z add
2026-05-02T02:30:04Z show
2026-05-02T02:30:04Z list
2026-05-02T02:30:04Z add
2026-05-02T02:30:04Z show
2026-05-02T02:30:04Z list
2026-05-02T02:30:04Z add
2026-05-02T02:30:04Z ready
2026-05-02T02:33:16Z show
2026-05-02T02:33:16Z list
2026-05-02T02:33:16Z add
2026-05-02T02:33:16Z show
2026-05-02T02:33:16Z list
2026-05-02T02:33:16Z add
2026-05-02T02:33:16Z show
2026-05-02T02:33:16Z list
2026-05-02T02:33:16Z add
2026-05-02T02:33:16Z ready
2026-05-02T02:36:42Z show
2026-05-02T02:36:42Z list
2026-05-02T02:36:42Z add
2026-05-02T02:36:42Z show
2026-05-02T02:36:42Z list
2026-05-02T02:36:42Z add
2026-05-02T02:36:42Z show
2026-05-02T02:36:42Z list
2026-05-02T02:36:42Z add
2026-05-02T02:36:42Z ready
2026-05-02T02:40:12Z show
2026-05-02T02:40:12Z list
2026-05-02T02:40:12Z add
2026-05-02T02:40:12Z show
2026-05-02T02:40:12Z list
2026-05-02T02:40:12Z add
2026-05-02T02:40:12Z show
2026-05-02T02:40:12Z list
2026-05-02T02:40:12Z add
2026-05-02T02:40:12Z ready
2026-05-02T02:43:13Z show
2026-05-02T02:43:13Z list
2026-05-02T02:43:13Z add
2026-05-02T02:43:13Z show
2026-05-02T02:43:13Z list
2026-05-02T02:43:13Z add
2026-05-02T02:43:13Z show
2026-05-02T02:43:13Z list
2026-05-02T02:43:13Z add
2026-05-02T02:43:13Z ready
2026-05-02T02:47:20Z show
2026-05-02T02:47:21Z list
2026-05-02T02:47:21Z add
2026-05-02T02:47:21Z show
2026-05-02T02:47:21Z list
2026-05-02T02:47:21Z add
2026-05-02T02:47:21Z show
2026-05-02T02:47:21Z list
2026-05-02T02:47:21Z add
2026-05-02T02:47:21Z ready
2026-05-02T02:51:07Z show
2026-05-02T02:51:07Z list
2026-05-02T02:51:07Z add
2026-05-02T02:51:07Z show
2026-05-02T02:51:07Z list
2026-05-02T02:51:07Z add
2026-05-02T02:51:07Z show
2026-05-02T02:51:07Z list
2026-05-02T02:51:07Z add
2026-05-02T02:51:07Z ready
2026-05-02T02:54:12Z show
2026-05-02T02:54:12Z list
2026-05-02T02:54:12Z add
2026-05-02T02:54:12Z show
2026-05-02T02:54:12Z list
2026-05-02T02:54:12Z add
2026-05-02T02:54:12Z show
2026-05-02T02:54:12Z list
2026-05-02T02:54:12Z add
2026-05-02T02:54:12Z ready
2026-05-02T02:57:43Z show
2026-05-02T02:57:43Z list
2026-05-02T02:57:43Z add
2026-05-02T02:57:43Z show
2026-05-02T02:57:43Z list
2026-05-02T02:57:43Z add
2026-05-02T02:57:44Z show
2026-05-02T02:57:44Z list
2026-05-02T02:57:44Z add
2026-05-02T02:57:44Z ready
2026-05-02T03:00:56Z show
2026-05-02T03:00:56Z list
2026-05-02T03:00:56Z add
2026-05-02T03:00:56Z show
2026-05-02T03:00:56Z list
2026-05-02T03:00:56Z add
2026-05-02T03:00:56Z show
2026-05-02T03:00:56Z list
2026-05-02T03:00:56Z add
2026-05-02T03:00:56Z ready
2026-05-02T03:04:01Z show
2026-05-02T03:04:01Z list
2026-05-02T03:04:01Z add
2026-05-02T03:04:01Z show
2026-05-02T03:04:01Z list
2026-05-02T03:04:01Z add
2026-05-02T03:04:01Z show
2026-05-02T03:04:01Z list
2026-05-02T03:04:01Z add
2026-05-02T03:04:01Z ready
2026-05-02T03:07:29Z show
2026-05-02T03:07:29Z list
2026-05-02T03:07:29Z add
2026-05-02T03:07:29Z show
2026-05-02T03:07:30Z list
2026-05-02T03:07:30Z add
2026-05-02T03:07:30Z show
2026-05-02T03:07:30Z list
2026-05-02T03:07:30Z add
2026-05-02T03:07:30Z ready
2026-05-02T03:10:34Z show
2026-05-02T03:10:34Z list
2026-05-02T03:10:34Z add
2026-05-02T03:10:34Z show
2026-05-02T03:10:34Z list
2026-05-02T03:10:34Z add
2026-05-02T03:10:34Z show
2026-05-02T03:10:34Z list
2026-05-02T03:10:34Z add
2026-05-02T03:10:34Z ready
2026-05-02T03:13:37Z show
2026-05-02T03:13:37Z list
2026-05-02T03:13:37Z add
2026-05-02T03:13:37Z show
2026-05-02T03:13:37Z list
2026-05-02T03:13:37Z add
2026-05-02T03:13:37Z show
2026-05-02T03:13:37Z list
2026-05-02T03:13:37Z add
2026-05-02T03:13:38Z ready
2026-05-02T03:17:03Z show
2026-05-02T03:17:03Z list
2026-05-02T03:17:03Z add
2026-05-02T03:17:03Z show
2026-05-02T03:17:03Z list
2026-05-02T03:17:03Z add
2026-05-02T03:17:03Z show
2026-05-02T03:17:03Z list
2026-05-02T03:17:03Z add
2026-05-02T03:17:04Z ready
2026-05-02T03:21:31Z show
2026-05-02T03:21:31Z list
2026-05-02T03:21:31Z add
2026-05-02T03:21:31Z show
2026-05-02T03:21:32Z list
2026-05-02T03:21:32Z add
2026-05-02T03:21:32Z show
2026-05-02T03:21:32Z list
2026-05-02T03:21:32Z add
2026-05-02T03:21:32Z ready
2026-05-02T03:25:02Z show
2026-05-02T03:25:02Z list
2026-05-02T03:25:02Z add
2026-05-02T03:25:02Z show
2026-05-02T03:25:02Z list
2026-05-02T03:25:02Z add
2026-05-02T03:25:02Z show
2026-05-02T03:25:02Z list
2026-05-02T03:25:02Z add
2026-05-02T03:25:02Z ready
2026-05-02T03:28:17Z show
2026-05-02T03:28:17Z list
2026-05-02T03:28:17Z add
2026-05-02T03:28:17Z show
2026-05-02T03:28:17Z list
2026-05-02T03:28:17Z add
2026-05-02T03:28:17Z show
2026-05-02T03:28:17Z list
2026-05-02T03:28:17Z add
2026-05-02T03:28:17Z ready
2026-05-02T03:31:25Z show
2026-05-02T03:31:25Z list
2026-05-02T03:31:25Z add
2026-05-02T03:31:25Z show
2026-05-02T03:31:25Z list
2026-05-02T03:31:25Z add
2026-05-02T03:31:25Z show
2026-05-02T03:31:25Z list
2026-05-02T03:31:25Z add
2026-05-02T03:31:25Z ready
2026-05-02T03:34:33Z show
2026-05-02T03:34:33Z list
2026-05-02T03:34:33Z add
2026-05-02T03:34:33Z show
2026-05-02T03:34:33Z list
2026-05-02T03:34:33Z add
2026-05-02T03:34:33Z show
2026-05-02T03:34:33Z list
2026-05-02T03:34:33Z add
2026-05-02T03:34:34Z ready
2026-05-02T03:38:09Z show
2026-05-02T03:38:09Z list
2026-05-02T03:38:09Z add
2026-05-02T03:38:09Z show
2026-05-02T03:38:09Z list
2026-05-02T03:38:09Z add
2026-05-02T03:38:09Z show
2026-05-02T03:38:09Z list
2026-05-02T03:38:09Z add
2026-05-02T03:38:09Z ready
2026-05-02T03:41:20Z show
2026-05-02T03:41:20Z list
2026-05-02T03:41:20Z add
2026-05-02T03:41:20Z show
2026-05-02T03:41:20Z list
2026-05-02T03:41:20Z add
2026-05-02T03:41:20Z show
2026-05-02T03:41:20Z list
2026-05-02T03:41:20Z add
2026-05-02T03:41:20Z ready
2026-05-02T03:47:15Z show
2026-05-02T03:47:15Z list
2026-05-02T03:47:15Z add
2026-05-02T03:47:15Z show
2026-05-02T03:47:15Z list
2026-05-02T03:47:15Z add
2026-05-02T03:47:15Z show
2026-05-02T03:47:15Z list
2026-05-02T03:47:15Z add
2026-05-02T03:47:16Z ready
2026-05-02T03:54:27Z show
2026-05-02T03:54:27Z list
2026-05-02T03:54:27Z add
2026-05-02T03:54:27Z show
2026-05-02T03:54:27Z list
2026-05-02T03:54:27Z add
2026-05-02T03:54:27Z show
2026-05-02T03:54:27Z list
2026-05-02T03:54:27Z add
2026-05-02T03:54:27Z ready
2026-05-02T03:58:59Z show
2026-05-02T03:58:59Z list
2026-05-02T03:58:59Z add
2026-05-02T03:58:59Z show
2026-05-02T03:58:59Z list
2026-05-02T03:58:59Z add
2026-05-02T03:58:59Z show
2026-05-02T03:58:59Z list
2026-05-02T03:58:59Z add
2026-05-02T03:59:00Z ready
2026-05-02T04:03:18Z show
2026-05-02T04:03:18Z list
2026-05-02T04:03:18Z add
2026-05-02T04:03:18Z show
2026-05-02T04:03:18Z list
2026-05-02T04:03:18Z add
2026-05-02T04:03:18Z show
2026-05-02T04:03:18Z list
2026-05-02T04:03:18Z add
2026-05-02T04:03:18Z ready
2026-05-02T04:06:49Z show
2026-05-02T04:06:49Z list
2026-05-02T04:06:49Z add
2026-05-02T04:06:49Z show
2026-05-02T04:06:49Z list
2026-05-02T04:06:49Z add
2026-05-02T04:06:49Z show
2026-05-02T04:06:49Z list
2026-05-02T04:06:49Z add
2026-05-02T04:06:50Z ready
2026-05-02T04:09:59Z show
2026-05-02T04:09:59Z list
2026-05-02T04:09:59Z add
2026-05-02T04:09:59Z show
2026-05-02T04:09:59Z list
2026-05-02T04:09:59Z add
2026-05-02T04:09:59Z show
2026-05-02T04:09:59Z list
2026-05-02T04:09:59Z add
2026-05-02T04:09:59Z ready
2026-05-02T04:13:19Z show
2026-05-02T04:13:19Z list
2026-05-02T04:13:19Z add
2026-05-02T04:13:19Z show
2026-05-02T04:13:19Z list
2026-05-02T04:13:19Z add
2026-05-02T04:13:19Z show
2026-05-02T04:13:19Z list
2026-05-02T04:13:19Z add
2026-05-02T04:13:19Z ready
2026-05-02T04:16:24Z show
2026-05-02T04:16:24Z list
2026-05-02T04:16:24Z add
2026-05-02T04:16:24Z show
2026-05-02T04:16:24Z list
2026-05-02T04:16:24Z add
2026-05-02T04:16:24Z show
2026-05-02T04:16:24Z list
2026-05-02T04:16:24Z add
2026-05-02T04:16:24Z ready
2026-05-02T04:19:30Z show
2026-05-02T04:19:30Z list
2026-05-02T04:19:30Z add
2026-05-02T04:19:30Z show
2026-05-02T04:19:30Z list
2026-05-02T04:19:30Z add
2026-05-02T04:19:30Z show
2026-05-02T04:19:30Z list
2026-05-02T04:19:30Z add
2026-05-02T04:19:30Z ready
2026-05-02T04:22:42Z show
2026-05-02T04:22:42Z list
2026-05-02T04:22:42Z add
2026-05-02T04:22:42Z show
2026-05-02T04:22:42Z list
2026-05-02T04:22:42Z add
2026-05-02T04:22:42Z show
2026-05-02T04:22:42Z list
2026-05-02T04:22:42Z add
2026-05-02T04:22:43Z ready
2026-05-02T04:25:44Z show
2026-05-02T04:25:44Z list
2026-05-02T04:25:44Z add
2026-05-02T04:25:44Z show
2026-05-02T04:25:44Z list
2026-05-02T04:25:44Z add
2026-05-02T04:25:44Z show
2026-05-02T04:25:44Z list
2026-05-02T04:25:44Z add
2026-05-02T04:25:44Z ready
2026-05-02T04:28:47Z show
2026-05-02T04:28:47Z list
2026-05-02T04:28:47Z add
2026-05-02T04:28:47Z show
2026-05-02T04:28:47Z list
2026-05-02T04:28:47Z add
2026-05-02T04:28:47Z show
2026-05-02T04:28:47Z list
2026-05-02T04:28:47Z add
2026-05-02T04:28:47Z ready
2026-05-02T04:31:58Z show
2026-05-02T04:31:58Z list
2026-05-02T04:31:58Z add
2026-05-02T04:31:58Z show
2026-05-02T04:31:58Z list
2026-05-02T04:31:58Z add
2026-05-02T04:31:58Z show
2026-05-02T04:31:58Z list
2026-05-02T04:31:58Z add
2026-05-02T04:31:59Z ready
2026-05-02T04:36:11Z show
2026-05-02T04:36:11Z list
2026-05-02T04:36:11Z add
2026-05-02T04:36:11Z show
2026-05-02T04:36:11Z list
2026-05-02T04:36:11Z add
2026-05-02T04:36:11Z show
2026-05-02T04:36:11Z list
2026-05-02T04:36:11Z add
2026-05-02T04:36:11Z ready
2026-05-02T04:40:26Z show
2026-05-02T04:40:26Z list
2026-05-02T04:40:26Z add
2026-05-02T04:40:26Z show
2026-05-02T04:40:26Z list
2026-05-02T04:40:26Z add
2026-05-02T04:40:26Z show
2026-05-02T04:40:26Z list
2026-05-02T04:40:26Z add
2026-05-02T04:40:27Z ready
2026-05-02T04:43:40Z show
2026-05-02T04:43:40Z list
2026-05-02T04:43:40Z add
2026-05-02T04:43:40Z show
2026-05-02T04:43:40Z list
2026-05-02T04:43:40Z add
2026-05-02T04:43:40Z show
2026-05-02T04:43:40Z list
2026-05-02T04:43:40Z add
2026-05-02T04:43:40Z ready
2026-05-02T04:46:52Z show
2026-05-02T04:46:52Z list
2026-05-02T04:46:52Z add
2026-05-02T04:46:52Z show
2026-05-02T04:46:52Z list
2026-05-02T04:46:52Z add
2026-05-02T04:46:52Z show
2026-05-02T04:46:52Z list
2026-05-02T04:46:52Z add
2026-05-02T04:46:52Z ready
2026-05-02T04:49:58Z show
2026-05-02T04:49:58Z list
2026-05-02T04:49:58Z add
2026-05-02T04:49:58Z show
2026-05-02T04:49:58Z list
2026-05-02T04:49:58Z add
2026-05-02T04:49:58Z show
2026-05-02T04:49:58Z list
2026-05-02T04:49:58Z add
2026-05-02T04:49:58Z ready
2026-05-02T04:53:21Z show
2026-05-02T04:53:21Z list
2026-05-02T04:53:21Z add
2026-05-02T04:53:21Z show
2026-05-02T04:53:21Z list
2026-05-02T04:53:21Z add
2026-05-02T04:53:21Z show
2026-05-02T04:53:21Z list
2026-05-02T04:53:21Z add
2026-05-02T04:53:22Z ready
2026-05-02T04:56:59Z show
2026-05-02T04:56:59Z list
2026-05-02T04:56:59Z add
2026-05-02T04:56:59Z show
2026-05-02T04:56:59Z list
2026-05-02T04:56:59Z add
2026-05-02T04:56:59Z show
2026-05-02T04:56:59Z list
2026-05-02T04:56:59Z add
2026-05-02T04:57:00Z ready
2026-05-02T05:00:22Z show
2026-05-02T05:00:22Z list
2026-05-02T05:00:22Z add
2026-05-02T05:00:22Z show
2026-05-02T05:00:22Z list
2026-05-02T05:00:22Z add
2026-05-02T05:00:22Z show
2026-05-02T05:00:22Z list
2026-05-02T05:00:22Z add
2026-05-02T05:00:22Z ready
2026-05-02T05:04:12Z show
2026-05-02T05:04:12Z list
2026-05-02T05:04:12Z add
2026-05-02T05:04:12Z show
2026-05-02T05:04:12Z list
2026-05-02T05:04:12Z add
2026-05-02T05:04:12Z show
2026-05-02T05:04:12Z list
2026-05-02T05:04:12Z add
2026-05-02T05:04:12Z ready
2026-05-02T05:07:29Z show
2026-05-02T05:07:29Z list
2026-05-02T05:07:29Z add
2026-05-02T05:07:29Z show
2026-05-02T05:07:29Z list
2026-05-02T05:07:29Z add
2026-05-02T05:07:29Z show
2026-05-02T05:07:29Z list
2026-05-02T05:07:29Z add
2026-05-02T05:07:29Z ready
2026-05-02T05:11:34Z show
2026-05-02T05:11:34Z list
2026-05-02T05:11:34Z add
2026-05-02T05:11:34Z show
2026-05-02T05:11:34Z list
2026-05-02T05:11:34Z add
2026-05-02T05:11:34Z show
2026-05-02T05:11:34Z list
2026-05-02T05:11:34Z add
2026-05-02T05:11:34Z ready
2026-05-02T05:15:18Z show
2026-05-02T05:15:18Z list
2026-05-02T05:15:18Z add
2026-05-02T05:15:18Z show
2026-05-02T05:15:18Z list
2026-05-02T05:15:18Z add
2026-05-02T05:15:18Z show
2026-05-02T05:15:18Z list
2026-05-02T05:15:18Z add
2026-05-02T05:15:18Z ready
2026-05-02T05:18:28Z show
2026-05-02T05:18:28Z list
2026-05-02T05:18:28Z add
2026-05-02T05:18:28Z show
2026-05-02T05:18:28Z list
2026-05-02T05:18:28Z add
2026-05-02T05:18:29Z show
2026-05-02T05:18:29Z list
2026-05-02T05:18:29Z add
2026-05-02T05:18:29Z ready
2026-05-02T05:22:59Z show
2026-05-02T05:22:59Z list
2026-05-02T05:22:59Z add
2026-05-02T05:22:59Z show
2026-05-02T05:22:59Z list
2026-05-02T05:22:59Z add
2026-05-02T05:22:59Z show
2026-05-02T05:22:59Z list
2026-05-02T05:22:59Z add
2026-05-02T05:22:59Z ready
2026-05-02T05:26:44Z show
2026-05-02T05:26:44Z list
2026-05-02T05:26:44Z add
2026-05-02T05:26:44Z show
2026-05-02T05:26:44Z list
2026-05-02T05:26:44Z add
2026-05-02T05:26:44Z show
2026-05-02T05:26:44Z list
2026-05-02T05:26:44Z add
2026-05-02T05:26:44Z ready
2026-05-02T05:30:43Z show
2026-05-02T05:30:43Z list
2026-05-02T05:30:43Z add
2026-05-02T05:30:43Z show
2026-05-02T05:30:43Z list
2026-05-02T05:30:43Z add
2026-05-02T05:30:43Z show
2026-05-02T05:30:43Z list
2026-05-02T05:30:43Z add
2026-05-02T05:30:43Z ready
2026-05-02T05:34:06Z show
2026-05-02T05:34:06Z list
2026-05-02T05:34:06Z add
2026-05-02T05:34:06Z show
2026-05-02T05:34:06Z list
2026-05-02T05:34:06Z add
2026-05-02T05:34:06Z show
2026-05-02T05:34:06Z list
2026-05-02T05:34:06Z add
2026-05-02T05:34:07Z ready
2026-05-02T05:38:53Z show
2026-05-02T05:38:53Z list
2026-05-02T05:38:53Z add
2026-05-02T05:38:53Z show
2026-05-02T05:38:53Z list
2026-05-02T05:38:53Z add
2026-05-02T05:38:53Z show
2026-05-02T05:38:53Z list
2026-05-02T05:38:53Z add
2026-05-02T05:38:53Z ready
2026-05-02T05:42:59Z show
2026-05-02T05:42:59Z list
2026-05-02T05:42:59Z add
2026-05-02T05:42:59Z show
2026-05-02T05:42:59Z list
2026-05-02T05:42:59Z add
2026-05-02T05:42:59Z show
2026-05-02T05:42:59Z list
2026-05-02T05:42:59Z add
2026-05-02T05:42:59Z ready
2026-05-02T05:46:34Z show
2026-05-02T05:46:34Z list
2026-05-02T05:46:34Z add
2026-05-02T05:46:34Z show
2026-05-02T05:46:34Z list
2026-05-02T05:46:34Z add
2026-05-02T05:46:34Z show
2026-05-02T05:46:34Z list
2026-05-02T05:46:34Z add
2026-05-02T05:46:34Z ready
2026-05-02T05:49:38Z show
2026-05-02T05:49:38Z list
2026-05-02T05:49:38Z add
2026-05-02T05:49:38Z show
2026-05-02T05:49:38Z list
2026-05-02T05:49:38Z add
2026-05-02T05:49:38Z show
2026-05-02T05:49:38Z list
2026-05-02T05:49:38Z add
2026-05-02T05:49:38Z ready
2026-05-02T05:52:40Z show
2026-05-02T05:52:40Z list
2026-05-02T05:52:40Z add
2026-05-02T05:52:40Z show
2026-05-02T05:52:40Z list
2026-05-02T05:52:40Z add
2026-05-02T05:52:40Z show
2026-05-02T05:52:40Z list
2026-05-02T05:52:40Z add
2026-05-02T05:52:40Z ready
2026-05-02T05:56:19Z show
2026-05-02T05:56:19Z list
2026-05-02T05:56:19Z add
2026-05-02T05:56:19Z show
2026-05-02T05:56:19Z list
2026-05-02T05:56:19Z add
2026-05-02T05:56:19Z show
2026-05-02T05:56:19Z list
2026-05-02T05:56:19Z add
2026-05-02T05:56:19Z ready
2026-05-02T05:59:30Z show
2026-05-02T05:59:30Z list
2026-05-02T05:59:30Z add
2026-05-02T05:59:30Z show
2026-05-02T05:59:30Z list
2026-05-02T05:59:30Z add
2026-05-02T05:59:30Z show
2026-05-02T05:59:30Z list
2026-05-02T05:59:30Z add
2026-05-02T05:59:30Z ready
2026-05-02T06:02:34Z show
2026-05-02T06:02:34Z list
2026-05-02T06:02:34Z add
2026-05-02T06:02:34Z show
2026-05-02T06:02:34Z list
2026-05-02T06:02:34Z add
2026-05-02T06:02:34Z show
2026-05-02T06:02:34Z list
2026-05-02T06:02:34Z add
2026-05-02T06:02:34Z ready
2026-05-02T06:05:50Z show
2026-05-02T06:05:50Z list
2026-05-02T06:05:50Z add
2026-05-02T06:05:50Z show
2026-05-02T06:05:50Z list
2026-05-02T06:05:50Z add
2026-05-02T06:05:50Z show
2026-05-02T06:05:50Z list
2026-05-02T06:05:50Z add
2026-05-02T06:05:50Z ready
2026-05-02T06:08:58Z show
2026-05-02T06:08:58Z list
2026-05-02T06:08:58Z add
2026-05-02T06:08:58Z show
2026-05-02T06:08:58Z list
2026-05-02T06:08:58Z add
2026-05-02T06:08:58Z show
2026-05-02T06:08:58Z list
2026-05-02T06:08:58Z add
2026-05-02T06:08:58Z ready
2026-05-02T06:12:04Z show
2026-05-02T06:12:04Z list
2026-05-02T06:12:04Z add
2026-05-02T06:12:04Z show
2026-05-02T06:12:04Z list
2026-05-02T06:12:04Z add
2026-05-02T06:12:04Z show
2026-05-02T06:12:04Z list
2026-05-02T06:12:04Z add
2026-05-02T06:12:04Z ready
2026-05-02T06:15:17Z show
2026-05-02T06:15:17Z list
2026-05-02T06:15:17Z add
2026-05-02T06:15:17Z show
2026-05-02T06:15:17Z list
2026-05-02T06:15:17Z add
2026-05-02T06:15:17Z show
2026-05-02T06:15:17Z list
2026-05-02T06:15:17Z add
2026-05-02T06:15:17Z ready
2026-05-02T06:18:46Z show
2026-05-02T06:18:46Z list
2026-05-02T06:18:46Z add
2026-05-02T06:18:46Z show
2026-05-02T06:18:46Z list
2026-05-02T06:18:46Z add
2026-05-02T06:18:46Z show
2026-05-02T06:18:46Z list
2026-05-02T06:18:46Z add
2026-05-02T06:18:46Z ready
2026-05-02T06:21:54Z show
2026-05-02T06:21:54Z list
2026-05-02T06:21:54Z add
2026-05-02T06:21:54Z show
2026-05-02T06:21:54Z list
2026-05-02T06:21:54Z add
2026-05-02T06:21:54Z show
2026-05-02T06:21:54Z list
2026-05-02T06:21:54Z add
2026-05-02T06:21:54Z ready
2026-05-02T06:25:04Z show
2026-05-02T06:25:04Z list
2026-05-02T06:25:04Z add
2026-05-02T06:25:04Z show
2026-05-02T06:25:04Z list
2026-05-02T06:25:04Z add
2026-05-02T06:25:04Z show
2026-05-02T06:25:04Z list
2026-05-02T06:25:04Z add
2026-05-02T06:25:04Z ready
2026-05-02T06:29:39Z show
2026-05-02T06:29:39Z list
2026-05-02T06:29:39Z add
2026-05-02T06:29:39Z show
2026-05-02T06:29:39Z list
2026-05-02T06:29:39Z add
2026-05-02T06:29:39Z show
2026-05-02T06:29:39Z list
2026-05-02T06:29:39Z add
2026-05-02T06:29:39Z ready
2026-05-02T06:33:16Z show
2026-05-02T06:33:16Z list
2026-05-02T06:33:16Z add
2026-05-02T06:33:16Z show
2026-05-02T06:33:16Z list
2026-05-02T06:33:16Z add
2026-05-02T06:33:16Z show
2026-05-02T06:33:16Z list
2026-05-02T06:33:16Z add
2026-05-02T06:33:17Z ready
2026-05-02T06:36:32Z show
2026-05-02T06:36:32Z list
2026-05-02T06:36:32Z add
2026-05-02T06:36:32Z show
2026-05-02T06:36:32Z list
2026-05-02T06:36:32Z add
2026-05-02T06:36:32Z show
2026-05-02T06:36:32Z list
2026-05-02T06:36:32Z add
2026-05-02T06:36:32Z ready
2026-05-02T06:39:40Z show
2026-05-02T06:39:40Z list
2026-05-02T06:39:40Z add
2026-05-02T06:39:40Z show
2026-05-02T06:39:40Z list
2026-05-02T06:39:40Z add
2026-05-02T06:39:40Z show
2026-05-02T06:39:40Z list
2026-05-02T06:39:40Z add
2026-05-02T06:39:40Z ready
2026-05-02T06:43:02Z show
2026-05-02T06:43:02Z list
2026-05-02T06:43:02Z add
2026-05-02T06:43:02Z show
2026-05-02T06:43:02Z list
2026-05-02T06:43:02Z add
2026-05-02T06:43:02Z show
2026-05-02T06:43:02Z list
2026-05-02T06:43:02Z add
2026-05-02T06:43:03Z ready
2026-05-02T06:46:51Z show
2026-05-02T06:46:51Z list
2026-05-02T06:46:51Z add
2026-05-02T06:46:51Z show
2026-05-02T06:46:51Z list
2026-05-02T06:46:51Z add
2026-05-02T06:46:51Z show
2026-05-02T06:46:51Z list
2026-05-02T06:46:51Z add
2026-05-02T06:46:52Z ready
2026-05-02T06:49:59Z show
2026-05-02T06:49:59Z list
2026-05-02T06:49:59Z add
2026-05-02T06:49:59Z show
2026-05-02T06:49:59Z list
2026-05-02T06:49:59Z add
2026-05-02T06:49:59Z show
2026-05-02T06:49:59Z list
2026-05-02T06:49:59Z add
2026-05-02T06:49:59Z ready
2026-05-02T06:53:08Z show
2026-05-02T06:53:08Z list
2026-05-02T06:53:08Z add
2026-05-02T06:53:08Z show
2026-05-02T06:53:08Z list
2026-05-02T06:53:08Z add
2026-05-02T06:53:08Z show
2026-05-02T06:53:08Z list
2026-05-02T06:53:08Z add
2026-05-02T06:53:08Z ready
2026-05-02T06:56:21Z show
2026-05-02T06:56:21Z list
2026-05-02T06:56:21Z add
2026-05-02T06:56:21Z show
2026-05-02T06:56:21Z list
2026-05-02T06:56:21Z add
2026-05-02T06:56:21Z show
2026-05-02T06:56:21Z list
2026-05-02T06:56:21Z add
2026-05-02T06:56:22Z ready
2026-05-02T06:59:18Z show
2026-05-02T06:59:18Z list
2026-05-02T06:59:18Z add
2026-05-02T06:59:18Z show
2026-05-02T06:59:18Z list
2026-05-02T06:59:19Z add
2026-05-02T06:59:19Z show
2026-05-02T06:59:19Z list
2026-05-02T06:59:19Z add
2026-05-02T06:59:19Z ready
2026-05-02T07:02:39Z show
2026-05-02T07:02:39Z list
2026-05-02T07:02:39Z add
2026-05-02T07:02:39Z show
2026-05-02T07:02:39Z list
2026-05-02T07:02:39Z add
2026-05-02T07:02:40Z show
2026-05-02T07:02:40Z list
2026-05-02T07:02:40Z add
2026-05-02T07:02:40Z ready
2026-05-02T07:06:49Z show
2026-05-02T07:06:49Z list
2026-05-02T07:06:49Z add
2026-05-02T07:06:49Z show
2026-05-02T07:06:49Z list
2026-05-02T07:06:49Z add
2026-05-02T07:06:49Z show
2026-05-02T07:06:49Z list
2026-05-02T07:06:49Z add
2026-05-02T07:06:50Z ready
2026-05-02T07:10:26Z show
2026-05-02T07:10:26Z list
2026-05-02T07:10:26Z add
2026-05-02T07:10:26Z show
2026-05-02T07:10:26Z list
2026-05-02T07:10:26Z add
2026-05-02T07:10:26Z show
2026-05-02T07:10:26Z list
2026-05-02T07:10:26Z add
2026-05-02T07:10:27Z ready
2026-05-02T07:13:34Z show
2026-05-02T07:13:34Z list
2026-05-02T07:13:34Z add
2026-05-02T07:13:34Z show
2026-05-02T07:13:34Z list
2026-05-02T07:13:34Z add
2026-05-02T07:13:34Z show
2026-05-02T07:13:34Z list
2026-05-02T07:13:34Z add
2026-05-02T07:13:34Z ready
2026-05-02T07:17:12Z show
2026-05-02T07:17:12Z list
2026-05-02T07:17:12Z add
2026-05-02T07:17:12Z show
2026-05-02T07:17:12Z list
2026-05-02T07:17:12Z add
2026-05-02T07:17:12Z show
2026-05-02T07:17:12Z list
2026-05-02T07:17:12Z add
2026-05-02T07:17:12Z ready
2026-05-02T07:20:16Z show
2026-05-02T07:20:16Z list
2026-05-02T07:20:16Z add
2026-05-02T07:20:16Z show
2026-05-02T07:20:16Z list
2026-05-02T07:20:16Z add
2026-05-02T07:20:16Z show
2026-05-02T07:20:16Z list
2026-05-02T07:20:16Z add
2026-05-02T07:20:16Z ready
2026-05-02T07:23:18Z show
2026-05-02T07:23:18Z list
2026-05-02T07:23:18Z add
2026-05-02T07:23:18Z show
2026-05-02T07:23:18Z list
2026-05-02T07:23:18Z add
2026-05-02T07:23:18Z show
2026-05-02T07:23:18Z list
2026-05-02T07:23:18Z add
2026-05-02T07:23:18Z ready
2026-05-02T07:26:38Z show
2026-05-02T07:26:38Z list
2026-05-02T07:26:38Z add
2026-05-02T07:26:38Z show
2026-05-02T07:26:38Z list
2026-05-02T07:26:38Z add
2026-05-02T07:26:38Z show
2026-05-02T07:26:38Z list
2026-05-02T07:26:38Z add
2026-05-02T07:26:39Z ready
2026-05-02T07:29:40Z show
2026-05-02T07:29:40Z list
2026-05-02T07:29:40Z add
2026-05-02T07:29:40Z show
2026-05-02T07:29:40Z list
2026-05-02T07:29:40Z add
2026-05-02T07:29:40Z show
2026-05-02T07:29:40Z list
2026-05-02T07:29:40Z add
2026-05-02T07:29:40Z ready
2026-05-02T07:32:48Z show
2026-05-02T07:32:48Z list
2026-05-02T07:32:48Z add
2026-05-02T07:32:48Z show
2026-05-02T07:32:48Z list
2026-05-02T07:32:48Z add
2026-05-02T07:32:48Z show
2026-05-02T07:32:48Z list
2026-05-02T07:32:48Z add
2026-05-02T07:32:48Z ready
2026-05-02T07:36:08Z show
2026-05-02T07:36:08Z list
2026-05-02T07:36:08Z add
2026-05-02T07:36:08Z show
2026-05-02T07:36:08Z list
2026-05-02T07:36:08Z add
2026-05-02T07:36:08Z show
2026-05-02T07:36:08Z list
2026-05-02T07:36:08Z add
2026-05-02T07:36:08Z ready
2026-05-02T07:39:40Z show
2026-05-02T07:39:40Z list
2026-05-02T07:39:40Z add
2026-05-02T07:39:40Z show
2026-05-02T07:39:40Z list
2026-05-02T07:39:40Z add
2026-05-02T07:39:40Z show
2026-05-02T07:39:40Z list
2026-05-02T07:39:40Z add
2026-05-02T07:39:40Z ready
2026-05-02T07:42:54Z show
2026-05-02T07:42:54Z list
2026-05-02T07:42:54Z add
2026-05-02T07:42:54Z show
2026-05-02T07:42:54Z list
2026-05-02T07:42:54Z add
2026-05-02T07:42:54Z show
2026-05-02T07:42:54Z list
2026-05-02T07:42:54Z add
2026-05-02T07:42:54Z ready
2026-05-02T07:46:07Z show
2026-05-02T07:46:07Z list
2026-05-02T07:46:07Z add
2026-05-02T07:46:07Z show
2026-05-02T07:46:07Z list
2026-05-02T07:46:07Z add
2026-05-02T07:46:07Z show
2026-05-02T07:46:07Z list
2026-05-02T07:46:07Z add
2026-05-02T07:46:07Z ready
2026-05-02T07:49:16Z show
2026-05-02T07:49:16Z list
2026-05-02T07:49:16Z add
2026-05-02T07:49:16Z show
2026-05-02T07:49:16Z list
2026-05-02T07:49:16Z add
2026-05-02T07:49:16Z show
2026-05-02T07:49:16Z list
2026-05-02T07:49:16Z add
2026-05-02T07:49:17Z ready
2026-05-02T07:52:21Z show
2026-05-02T07:52:21Z list
2026-05-02T07:52:21Z add
2026-05-02T07:52:21Z show
2026-05-02T07:52:21Z list
2026-05-02T07:52:21Z add
2026-05-02T07:52:21Z show
2026-05-02T07:52:21Z list
2026-05-02T07:52:21Z add
2026-05-02T07:52:21Z ready
2026-05-02T07:56:05Z show
2026-05-02T07:56:05Z list
2026-05-02T07:56:05Z add
2026-05-02T07:56:05Z show
2026-05-02T07:56:05Z list
2026-05-02T07:56:05Z add
2026-05-02T07:56:05Z show
2026-05-02T07:56:05Z list
2026-05-02T07:56:05Z add
2026-05-02T07:56:05Z ready
2026-05-02T07:59:11Z show
2026-05-02T07:59:11Z list
2026-05-02T07:59:11Z add
2026-05-02T07:59:11Z show
2026-05-02T07:59:11Z list
2026-05-02T07:59:11Z add
2026-05-02T07:59:11Z show
2026-05-02T07:59:11Z list
2026-05-02T07:59:11Z add
2026-05-02T07:59:11Z ready
2026-05-02T08:02:15Z show
2026-05-02T08:02:15Z list
2026-05-02T08:02:15Z add
2026-05-02T08:02:15Z show
2026-05-02T08:02:15Z list
2026-05-02T08:02:15Z add
2026-05-02T08:02:15Z show
2026-05-02T08:02:15Z list
2026-05-02T08:02:15Z add
2026-05-02T08:02:16Z ready
2026-05-02T08:05:30Z show
2026-05-02T08:05:30Z list
2026-05-02T08:05:30Z add
2026-05-02T08:05:30Z show
2026-05-02T08:05:30Z list
2026-05-02T08:05:30Z add
2026-05-02T08:05:30Z show
2026-05-02T08:05:30Z list
2026-05-02T08:05:30Z add
2026-05-02T08:05:31Z ready
2026-05-02T08:08:36Z show
2026-05-02T08:08:36Z list
2026-05-02T08:08:36Z add
2026-05-02T08:08:36Z show
2026-05-02T08:08:36Z list
2026-05-02T08:08:36Z add
2026-05-02T08:08:36Z show
2026-05-02T08:08:36Z list
2026-05-02T08:08:36Z add
2026-05-02T08:08:36Z ready
2026-05-02T08:11:47Z show
2026-05-02T08:11:47Z list
2026-05-02T08:11:47Z add
2026-05-02T08:11:47Z show
2026-05-02T08:11:47Z list
2026-05-02T08:11:47Z add
2026-05-02T08:11:47Z show
2026-05-02T08:11:47Z list
2026-05-02T08:11:47Z add
2026-05-02T08:11:47Z ready
2026-05-02T08:15:09Z show
2026-05-02T08:15:09Z list
2026-05-02T08:15:09Z add
2026-05-02T08:15:09Z show
2026-05-02T08:15:09Z list
2026-05-02T08:15:09Z add
2026-05-02T08:15:09Z show
2026-05-02T08:15:09Z list
2026-05-02T08:15:09Z add
2026-05-02T08:15:09Z ready
2026-05-02T08:18:20Z show
2026-05-02T08:18:20Z list
2026-05-02T08:18:20Z add
2026-05-02T08:18:20Z show
2026-05-02T08:18:20Z list
2026-05-02T08:18:20Z add
2026-05-02T08:18:20Z show
2026-05-02T08:18:20Z list
2026-05-02T08:18:20Z add
2026-05-02T08:18:20Z ready
2026-05-02T08:21:24Z show
2026-05-02T08:21:24Z list
2026-05-02T08:21:24Z add
2026-05-02T08:21:24Z show
2026-05-02T08:21:24Z list
2026-05-02T08:21:24Z add
2026-05-02T08:21:24Z show
2026-05-02T08:21:24Z list
2026-05-02T08:21:24Z add
2026-05-02T08:21:24Z ready
2026-05-02T08:24:41Z show
2026-05-02T08:24:41Z list
2026-05-02T08:24:41Z add
2026-05-02T08:24:41Z show
2026-05-02T08:24:41Z list
2026-05-02T08:24:41Z add
2026-05-02T08:24:41Z show
2026-05-02T08:24:41Z list
2026-05-02T08:24:41Z add
2026-05-02T08:24:41Z ready
2026-05-02T08:28:13Z show
2026-05-02T08:28:13Z list
2026-05-02T08:28:13Z add
2026-05-02T08:28:13Z show
2026-05-02T08:28:13Z list
2026-05-02T08:28:13Z add
2026-05-02T08:28:13Z show
2026-05-02T08:28:13Z list
2026-05-02T08:28:13Z add
2026-05-02T08:28:13Z ready
2026-05-02T08:31:21Z show
2026-05-02T08:31:21Z list
2026-05-02T08:31:21Z add
2026-05-02T08:31:21Z show
2026-05-02T08:31:21Z list
2026-05-02T08:31:21Z add
2026-05-02T08:31:21Z show
2026-05-02T08:31:21Z list
2026-05-02T08:31:21Z add
2026-05-02T08:31:21Z ready
2026-05-02T08:34:40Z show
2026-05-02T08:34:40Z list
2026-05-02T08:34:40Z add
2026-05-02T08:34:40Z show
2026-05-02T08:34:40Z list
2026-05-02T08:34:40Z add
2026-05-02T08:34:40Z show
2026-05-02T08:34:40Z list
2026-05-02T08:34:40Z add
2026-05-02T08:34:41Z ready
2026-05-02T08:37:42Z show
2026-05-02T08:37:42Z list
2026-05-02T08:37:42Z add
2026-05-02T08:37:42Z show
2026-05-02T08:37:42Z list
2026-05-02T08:37:42Z add
2026-05-02T08:37:42Z show
2026-05-02T08:37:42Z list
2026-05-02T08:37:42Z add
2026-05-02T08:37:42Z ready
2026-05-02T08:40:50Z show
2026-05-02T08:40:50Z list
2026-05-02T08:40:50Z add
2026-05-02T08:40:50Z show
2026-05-02T08:40:50Z list
2026-05-02T08:40:50Z add
2026-05-02T08:40:50Z show
2026-05-02T08:40:50Z list
2026-05-02T08:40:50Z add
2026-05-02T08:40:50Z ready
2026-05-02T08:44:13Z show
2026-05-02T08:44:13Z list
2026-05-02T08:44:13Z add
2026-05-02T08:44:13Z show
2026-05-02T08:44:13Z list
2026-05-02T08:44:13Z add
2026-05-02T08:44:13Z show
2026-05-02T08:44:13Z list
2026-05-02T08:44:13Z add
2026-05-02T08:44:14Z ready
2026-05-02T08:47:26Z show
2026-05-02T08:47:26Z list
2026-05-02T08:47:26Z add
2026-05-02T08:47:26Z show
2026-05-02T08:47:26Z list
2026-05-02T08:47:26Z add
2026-05-02T08:47:26Z show
2026-05-02T08:47:26Z list
2026-05-02T08:47:26Z add
2026-05-02T08:47:26Z ready
2026-05-02T08:50:29Z show
2026-05-02T08:50:29Z list
2026-05-02T08:50:29Z add
2026-05-02T08:50:30Z show
2026-05-02T08:50:30Z list
2026-05-02T08:50:30Z add
2026-05-02T08:50:30Z show
2026-05-02T08:50:30Z list
2026-05-02T08:50:30Z add
2026-05-02T08:50:30Z ready
2026-05-02T08:54:02Z show
2026-05-02T08:54:02Z list
2026-05-02T08:54:02Z add
2026-05-02T08:54:02Z show
2026-05-02T08:54:02Z list
2026-05-02T08:54:02Z add
2026-05-02T08:54:02Z show
2026-05-02T08:54:02Z list
2026-05-02T08:54:02Z add
2026-05-02T08:54:03Z ready
2026-05-02T08:57:12Z show
2026-05-02T08:57:12Z list
2026-05-02T08:57:12Z add
2026-05-02T08:57:12Z show
2026-05-02T08:57:12Z list
2026-05-02T08:57:12Z add
2026-05-02T08:57:12Z show
2026-05-02T08:57:12Z list
2026-05-02T08:57:12Z add
2026-05-02T08:57:13Z ready
2026-05-02T09:00:21Z show
2026-05-02T09:00:21Z list
2026-05-02T09:00:21Z add
2026-05-02T09:00:21Z show
2026-05-02T09:00:21Z list
2026-05-02T09:00:21Z add
2026-05-02T09:00:21Z show
2026-05-02T09:00:21Z list
2026-05-02T09:00:21Z add
2026-05-02T09:00:21Z ready
2026-05-02T09:03:40Z show
2026-05-02T09:03:40Z list
2026-05-02T09:03:40Z add
2026-05-02T09:03:40Z show
2026-05-02T09:03:40Z list
2026-05-02T09:03:40Z add
2026-05-02T09:03:40Z show
2026-05-02T09:03:40Z list
2026-05-02T09:03:40Z add
2026-05-02T09:03:40Z ready
2026-05-02T09:06:42Z show
2026-05-02T09:06:42Z list
2026-05-02T09:06:42Z add
2026-05-02T09:06:42Z show
2026-05-02T09:06:42Z list
2026-05-02T09:06:42Z add
2026-05-02T09:06:42Z show
2026-05-02T09:06:42Z list
2026-05-02T09:06:42Z add
2026-05-02T09:06:42Z ready
2026-05-02T09:09:50Z show
2026-05-02T09:09:50Z list
2026-05-02T09:09:50Z add
2026-05-02T09:09:50Z show
2026-05-02T09:09:50Z list
2026-05-02T09:09:50Z add
2026-05-02T09:09:50Z show
2026-05-02T09:09:50Z list
2026-05-02T09:09:50Z add
2026-05-02T09:09:50Z ready
2026-05-02T09:13:08Z show
2026-05-02T09:13:08Z list
2026-05-02T09:13:08Z add
2026-05-02T09:13:08Z show
2026-05-02T09:13:08Z list
2026-05-02T09:13:08Z add
2026-05-02T09:13:08Z show
2026-05-02T09:13:08Z list
2026-05-02T09:13:08Z add
2026-05-02T09:13:08Z ready
2026-05-02T09:16:08Z show
2026-05-02T09:16:08Z list
2026-05-02T09:16:08Z add
2026-05-02T09:16:08Z show
2026-05-02T09:16:08Z list
2026-05-02T09:16:08Z add
2026-05-02T09:16:08Z show
2026-05-02T09:16:08Z list
2026-05-02T09:16:08Z add
2026-05-02T09:16:08Z ready
2026-05-02T09:19:15Z show
2026-05-02T09:19:15Z list
2026-05-02T09:19:15Z add
2026-05-02T09:19:15Z show
2026-05-02T09:19:15Z list
2026-05-02T09:19:15Z add
2026-05-02T09:19:15Z show
2026-05-02T09:19:15Z list
2026-05-02T09:19:15Z add
2026-05-02T09:19:15Z ready
2026-05-02T09:22:32Z show
2026-05-02T09:22:32Z list
2026-05-02T09:22:32Z add
2026-05-02T09:22:32Z show
2026-05-02T09:22:32Z list
2026-05-02T09:22:32Z add
2026-05-02T09:22:32Z show
2026-05-02T09:22:32Z list
2026-05-02T09:22:32Z add
2026-05-02T09:22:32Z ready
2026-05-02T09:25:37Z show
2026-05-02T09:25:37Z list
2026-05-02T09:25:37Z add
2026-05-02T09:25:37Z show
2026-05-02T09:25:37Z list
2026-05-02T09:25:37Z add
2026-05-02T09:25:37Z show
2026-05-02T09:25:37Z list
2026-05-02T09:25:37Z add
2026-05-02T09:25:37Z ready
2026-05-02T09:28:35Z show
2026-05-02T09:28:35Z list
2026-05-02T09:28:35Z add
2026-05-02T09:28:35Z show
2026-05-02T09:28:35Z list
2026-05-02T09:28:35Z add
2026-05-02T09:28:35Z show
2026-05-02T09:28:35Z list
2026-05-02T09:28:35Z add
2026-05-02T09:28:35Z ready
2026-05-02T09:31:55Z show
2026-05-02T09:31:55Z list
2026-05-02T09:31:55Z add
2026-05-02T09:31:55Z show
2026-05-02T09:31:55Z list
2026-05-02T09:31:55Z add
2026-05-02T09:31:55Z show
2026-05-02T09:31:55Z list
2026-05-02T09:31:55Z add
2026-05-02T09:31:55Z ready
2026-05-02T09:34:52Z show
2026-05-02T09:34:52Z list
2026-05-02T09:34:52Z add
2026-05-02T09:34:52Z show
2026-05-02T09:34:52Z list
2026-05-02T09:34:52Z add
2026-05-02T09:34:52Z show
2026-05-02T09:34:52Z list
2026-05-02T09:34:52Z add
2026-05-02T09:34:52Z ready
2026-05-02T09:38:00Z show
2026-05-02T09:38:00Z list
2026-05-02T09:38:00Z add
2026-05-02T09:38:00Z show
2026-05-02T09:38:00Z list
2026-05-02T09:38:00Z add
2026-05-02T09:38:00Z show
2026-05-02T09:38:00Z list
2026-05-02T09:38:00Z add
2026-05-02T09:38:00Z ready
2026-05-02T09:41:16Z show
2026-05-02T09:41:16Z list
2026-05-02T09:41:16Z add
2026-05-02T09:41:16Z show
2026-05-02T09:41:16Z list
2026-05-02T09:41:16Z add
2026-05-02T09:41:16Z show
2026-05-02T09:41:16Z list
2026-05-02T09:41:16Z add
2026-05-02T09:41:16Z ready
2026-05-02T09:44:46Z show
2026-05-02T09:44:46Z list
2026-05-02T09:44:46Z add
2026-05-02T09:44:46Z show
2026-05-02T09:44:46Z list
2026-05-02T09:44:46Z add
2026-05-02T09:44:46Z show
2026-05-02T09:44:46Z list
2026-05-02T09:44:46Z add
2026-05-02T09:44:46Z ready
2026-05-02T09:47:51Z show
2026-05-02T09:47:51Z list
2026-05-02T09:47:51Z add
2026-05-02T09:47:51Z show
2026-05-02T09:47:51Z list
2026-05-02T09:47:51Z add
2026-05-02T09:47:51Z show
2026-05-02T09:47:51Z list
2026-05-02T09:47:51Z add
2026-05-02T09:47:51Z ready
2026-05-02T09:51:01Z show
2026-05-02T09:51:01Z list
2026-05-02T09:51:01Z add
2026-05-02T09:51:01Z show
2026-05-02T09:51:01Z list
2026-05-02T09:51:01Z add
2026-05-02T09:51:01Z show
2026-05-02T09:51:01Z list
2026-05-02T09:51:01Z add
2026-05-02T09:51:01Z ready
2026-05-02T09:54:01Z show
2026-05-02T09:54:01Z list
2026-05-02T09:54:01Z add
2026-05-02T09:54:01Z show
2026-05-02T09:54:01Z list
2026-05-02T09:54:01Z add
2026-05-02T09:54:01Z show
2026-05-02T09:54:01Z list
2026-05-02T09:54:01Z add
2026-05-02T09:54:01Z ready
2026-05-02T09:57:03Z show
2026-05-02T09:57:03Z list
2026-05-02T09:57:03Z add
2026-05-02T09:57:03Z show
2026-05-02T09:57:03Z list
2026-05-02T09:57:03Z add
2026-05-02T09:57:03Z show
2026-05-02T09:57:03Z list
2026-05-02T09:57:03Z add
2026-05-02T09:57:03Z ready
2026-05-02T10:00:22Z show
2026-05-02T10:00:22Z list
2026-05-02T10:00:22Z add
2026-05-02T10:00:22Z show
2026-05-02T10:00:23Z list
2026-05-02T10:00:23Z add
2026-05-02T10:00:23Z show
2026-05-02T10:00:23Z list
2026-05-02T10:00:23Z add
2026-05-02T10:00:23Z ready
2026-05-02T10:03:37Z show
2026-05-02T10:03:37Z list
2026-05-02T10:03:37Z add
2026-05-02T10:03:37Z show
2026-05-02T10:03:37Z list
2026-05-02T10:03:37Z add
2026-05-02T10:03:37Z show
2026-05-02T10:03:37Z list
2026-05-02T10:03:37Z add
2026-05-02T10:03:37Z ready
2026-05-02T10:06:45Z show
2026-05-02T10:06:45Z list
2026-05-02T10:06:45Z add
2026-05-02T10:06:45Z show
2026-05-02T10:06:45Z list
2026-05-02T10:06:45Z add
2026-05-02T10:06:45Z show
2026-05-02T10:06:45Z list
2026-05-02T10:06:45Z add
2026-05-02T10:06:45Z ready
2026-05-02T10:10:07Z show
2026-05-02T10:10:07Z list
2026-05-02T10:10:07Z add
2026-05-02T10:10:07Z show
2026-05-02T10:10:07Z list
2026-05-02T10:10:07Z add
2026-05-02T10:10:07Z show
2026-05-02T10:10:07Z list
2026-05-02T10:10:07Z add
2026-05-02T10:10:07Z ready
2026-05-02T10:13:13Z show
2026-05-02T10:13:13Z list
2026-05-02T10:13:13Z add
2026-05-02T10:13:13Z show
2026-05-02T10:13:13Z list
2026-05-02T10:13:13Z add
2026-05-02T10:13:13Z show
2026-05-02T10:13:13Z list
2026-05-02T10:13:13Z add
2026-05-02T10:13:14Z ready
2026-05-02T10:16:26Z show
2026-05-02T10:16:26Z list
2026-05-02T10:16:26Z add
2026-05-02T10:16:26Z show
2026-05-02T10:16:26Z list
2026-05-02T10:16:26Z add
2026-05-02T10:16:26Z show
2026-05-02T10:16:26Z list
2026-05-02T10:16:26Z add
2026-05-02T10:16:26Z ready
2026-05-02T10:19:46Z show
2026-05-02T10:19:46Z list
2026-05-02T10:19:46Z add
2026-05-02T10:19:46Z show
2026-05-02T10:19:46Z list
2026-05-02T10:19:46Z add
2026-05-02T10:19:46Z show
2026-05-02T10:19:46Z list
2026-05-02T10:19:46Z add
2026-05-02T10:19:46Z ready
2026-05-02T10:22:55Z show
2026-05-02T10:22:55Z list
2026-05-02T10:22:55Z add
2026-05-02T10:22:55Z show
2026-05-02T10:22:55Z list
2026-05-02T10:22:55Z add
2026-05-02T10:22:55Z show
2026-05-02T10:22:55Z list
2026-05-02T10:22:55Z add
2026-05-02T10:22:55Z ready
2026-05-02T10:26:00Z show
2026-05-02T10:26:00Z list
2026-05-02T10:26:00Z add
2026-05-02T10:26:00Z show
2026-05-02T10:26:00Z list
2026-05-02T10:26:00Z add
2026-05-02T10:26:00Z show
2026-05-02T10:26:00Z list
2026-05-02T10:26:00Z add
2026-05-02T10:26:00Z ready
2026-05-02T10:29:16Z show
2026-05-02T10:29:16Z list
2026-05-02T10:29:16Z add
2026-05-02T10:29:16Z show
2026-05-02T10:29:16Z list
2026-05-02T10:29:16Z add
2026-05-02T10:29:16Z show
2026-05-02T10:29:16Z list
2026-05-02T10:29:16Z add
2026-05-02T10:29:16Z ready
2026-05-02T10:32:27Z show
2026-05-02T10:32:27Z list
2026-05-02T10:32:27Z add
2026-05-02T10:32:27Z show
2026-05-02T10:32:27Z list
2026-05-02T10:32:27Z add
2026-05-02T10:32:27Z show
2026-05-02T10:32:27Z list
2026-05-02T10:32:27Z add
2026-05-02T10:32:28Z ready
2026-05-02T10:35:40Z show
2026-05-02T10:35:40Z list
2026-05-02T10:35:40Z add
2026-05-02T10:35:40Z show
2026-05-02T10:35:40Z list
2026-05-02T10:35:40Z add
2026-05-02T10:35:40Z show
2026-05-02T10:35:40Z list
2026-05-02T10:35:40Z add
2026-05-02T10:35:40Z ready
2026-05-02T10:38:57Z show
2026-05-02T10:38:57Z list
2026-05-02T10:38:57Z add
2026-05-02T10:38:57Z show
2026-05-02T10:38:57Z list
2026-05-02T10:38:57Z add
2026-05-02T10:38:57Z show
2026-05-02T10:38:57Z list
2026-05-02T10:38:57Z add
2026-05-02T10:38:57Z ready
2026-05-02T10:41:58Z show
2026-05-02T10:41:58Z list
2026-05-02T10:41:58Z add
2026-05-02T10:41:58Z show
2026-05-02T10:41:58Z list
2026-05-02T10:41:58Z add
2026-05-02T10:41:58Z show
2026-05-02T10:41:58Z list
2026-05-02T10:41:58Z add
2026-05-02T10:41:58Z ready
2026-05-02T10:45:31Z show
2026-05-02T10:45:31Z list
2026-05-02T10:45:31Z add
2026-05-02T10:45:31Z show
2026-05-02T10:45:31Z list
2026-05-02T10:45:31Z add
2026-05-02T10:45:31Z show
2026-05-02T10:45:31Z list
2026-05-02T10:45:31Z add
2026-05-02T10:45:32Z ready
2026-05-02T10:48:59Z show
2026-05-02T10:48:59Z list
2026-05-02T10:48:59Z add
2026-05-02T10:48:59Z show
2026-05-02T10:48:59Z list
2026-05-02T10:48:59Z add
2026-05-02T10:48:59Z show
2026-05-02T10:48:59Z list
2026-05-02T10:48:59Z add
2026-05-02T10:49:00Z ready
2026-05-02T10:52:11Z show
2026-05-02T10:52:11Z list
2026-05-02T10:52:11Z add
2026-05-02T10:52:11Z show
2026-05-02T10:52:11Z list
2026-05-02T10:52:11Z add
2026-05-02T10:52:11Z show
2026-05-02T10:52:11Z list
2026-05-02T10:52:11Z add
2026-05-02T10:52:11Z ready
2026-05-02T10:55:14Z show
2026-05-02T10:55:14Z list
2026-05-02T10:55:14Z add
2026-05-02T10:55:14Z show
2026-05-02T10:55:14Z list
2026-05-02T10:55:14Z add
2026-05-02T10:55:14Z show
2026-05-02T10:55:14Z list
2026-05-02T10:55:14Z add
2026-05-02T10:55:14Z ready
2026-05-02T10:58:25Z show
2026-05-02T10:58:25Z list
2026-05-02T10:58:25Z add
2026-05-02T10:58:25Z show
2026-05-02T10:58:25Z list
2026-05-02T10:58:25Z add
2026-05-02T10:58:25Z show
2026-05-02T10:58:25Z list
2026-05-02T10:58:25Z add
2026-05-02T10:58:26Z ready
2026-05-02T11:01:28Z show
2026-05-02T11:01:28Z list
2026-05-02T11:01:28Z add
2026-05-02T11:01:28Z show
2026-05-02T11:01:28Z list
2026-05-02T11:01:28Z add
2026-05-02T11:01:28Z show
2026-05-02T11:01:28Z list
2026-05-02T11:01:28Z add
2026-05-02T11:01:29Z ready
2026-05-02T11:04:33Z show
2026-05-02T11:04:33Z list
2026-05-02T11:04:33Z add
2026-05-02T11:04:33Z show
2026-05-02T11:04:33Z list
2026-05-02T11:04:33Z add
2026-05-02T11:04:33Z show
2026-05-02T11:04:33Z list
2026-05-02T11:04:33Z add
2026-05-02T11:04:33Z ready
2026-05-02T11:07:55Z show
2026-05-02T11:07:55Z list
2026-05-02T11:07:55Z add
2026-05-02T11:07:55Z show
2026-05-02T11:07:55Z list
2026-05-02T11:07:55Z add
2026-05-02T11:07:55Z show
2026-05-02T11:07:55Z list
2026-05-02T11:07:55Z add
2026-05-02T11:07:55Z ready
2026-05-02T11:10:55Z show
2026-05-02T11:10:55Z list
2026-05-02T11:10:55Z add
2026-05-02T11:10:55Z show
2026-05-02T11:10:55Z list
2026-05-02T11:10:55Z add
2026-05-02T11:10:55Z show
2026-05-02T11:10:55Z list
2026-05-02T11:10:55Z add
2026-05-02T11:10:56Z ready
2026-05-02T11:13:56Z show
2026-05-02T11:13:56Z list
2026-05-02T11:13:56Z add
2026-05-02T11:13:56Z show
2026-05-02T11:13:56Z list
2026-05-02T11:13:56Z add
2026-05-02T11:13:56Z show
2026-05-02T11:13:56Z list
2026-05-02T11:13:56Z add
2026-05-02T11:13:56Z ready
2026-05-02T11:17:13Z show
2026-05-02T11:17:13Z list
2026-05-02T11:17:13Z add
2026-05-02T11:17:13Z show
2026-05-02T11:17:13Z list
2026-05-02T11:17:13Z add
2026-05-02T11:17:13Z show
2026-05-02T11:17:13Z list
2026-05-02T11:17:13Z add
2026-05-02T11:17:13Z ready
2026-05-02T11:20:17Z show
2026-05-02T11:20:17Z list
2026-05-02T11:20:17Z add
2026-05-02T11:20:17Z show
2026-05-02T11:20:17Z list
2026-05-02T11:20:17Z add
2026-05-02T11:20:17Z show
2026-05-02T11:20:17Z list
2026-05-02T11:20:17Z add
2026-05-02T11:20:17Z ready
2026-05-02T11:23:32Z show
2026-05-02T11:23:32Z list
2026-05-02T11:23:32Z add
2026-05-02T11:23:32Z show
2026-05-02T11:23:32Z list
2026-05-02T11:23:32Z add
2026-05-02T11:23:32Z show
2026-05-02T11:23:32Z list
2026-05-02T11:23:32Z add
2026-05-02T11:23:32Z ready
2026-05-02T11:26:46Z show
2026-05-02T11:26:46Z list
2026-05-02T11:26:46Z add
2026-05-02T11:26:46Z show
2026-05-02T11:26:46Z list
2026-05-02T11:26:46Z add
2026-05-02T11:26:47Z show
2026-05-02T11:26:47Z list
2026-05-02T11:26:47Z add
2026-05-02T11:26:47Z ready
2026-05-02T11:29:50Z show
2026-05-02T11:29:50Z list
2026-05-02T11:29:50Z add
2026-05-02T11:29:50Z show
2026-05-02T11:29:50Z list
2026-05-02T11:29:50Z add
2026-05-02T11:29:50Z show
2026-05-02T11:29:50Z list
2026-05-02T11:29:50Z add
2026-05-02T11:29:50Z ready
2026-05-02T11:32:51Z show
2026-05-02T11:32:51Z list
2026-05-02T11:32:51Z add
2026-05-02T11:32:51Z show
2026-05-02T11:32:51Z list
2026-05-02T11:32:51Z add
2026-05-02T11:32:51Z show
2026-05-02T11:32:51Z list
2026-05-02T11:32:51Z add
2026-05-02T11:32:51Z ready
2026-05-02T11:36:17Z show
2026-05-02T11:36:17Z list
2026-05-02T11:36:17Z add
2026-05-02T11:36:17Z show
2026-05-02T11:36:17Z list
2026-05-02T11:36:17Z add
2026-05-02T11:36:17Z show
2026-05-02T11:36:17Z list
2026-05-02T11:36:17Z add
2026-05-02T11:36:17Z ready
2026-05-02T11:39:24Z show
2026-05-02T11:39:24Z list
2026-05-02T11:39:24Z add
2026-05-02T11:39:24Z show
2026-05-02T11:39:24Z list
2026-05-02T11:39:24Z add
2026-05-02T11:39:24Z show
2026-05-02T11:39:24Z list
2026-05-02T11:39:24Z add
2026-05-02T11:39:24Z ready
2026-05-02T11:43:03Z show
2026-05-02T11:43:03Z list
2026-05-02T11:43:03Z add
2026-05-02T11:43:03Z show
2026-05-02T11:43:03Z list
2026-05-02T11:43:03Z add
2026-05-02T11:43:03Z show
2026-05-02T11:43:03Z list
2026-05-02T11:43:03Z add
2026-05-02T11:43:03Z ready
2026-05-02T11:46:45Z show
2026-05-02T11:46:45Z list
2026-05-02T11:46:45Z add
2026-05-02T11:46:45Z show
2026-05-02T11:46:45Z list
2026-05-02T11:46:45Z add
2026-05-02T11:46:45Z show
2026-05-02T11:46:45Z list
2026-05-02T11:46:45Z add
2026-05-02T11:46:45Z ready
2026-05-02T11:49:49Z show
2026-05-02T11:49:49Z list
2026-05-02T11:49:49Z add
2026-05-02T11:49:49Z show
2026-05-02T11:49:49Z list
2026-05-02T11:49:49Z add
2026-05-02T11:49:49Z show
2026-05-02T11:49:49Z list
2026-05-02T11:49:50Z add
2026-05-02T11:49:50Z ready
2026-05-02T11:53:08Z show
2026-05-02T11:53:08Z list
2026-05-02T11:53:08Z add
2026-05-02T11:53:08Z show
2026-05-02T11:53:08Z list
2026-05-02T11:53:08Z add
2026-05-02T11:53:08Z show
2026-05-02T11:53:08Z list
2026-05-02T11:53:08Z add
2026-05-02T11:53:08Z ready
2026-05-02T11:56:19Z show
2026-05-02T11:56:19Z list
2026-05-02T11:56:19Z add
2026-05-02T11:56:19Z show
2026-05-02T11:56:19Z list
2026-05-02T11:56:20Z add
2026-05-02T11:56:20Z show
2026-05-02T11:56:20Z list
2026-05-02T11:56:20Z add
2026-05-02T11:56:20Z ready
2026-05-02T11:59:23Z show
2026-05-02T11:59:23Z list
2026-05-02T11:59:23Z add
2026-05-02T11:59:23Z show
2026-05-02T11:59:23Z list
2026-05-02T11:59:23Z add
2026-05-02T11:59:23Z show
2026-05-02T11:59:23Z list
2026-05-02T11:59:23Z add
2026-05-02T11:59:23Z ready
2026-05-02T12:02:38Z show
2026-05-02T12:02:38Z list
2026-05-02T12:02:38Z add
2026-05-02T12:02:38Z show
2026-05-02T12:02:38Z list
2026-05-02T12:02:38Z add
2026-05-02T12:02:38Z show
2026-05-02T12:02:38Z list
2026-05-02T12:02:38Z add
2026-05-02T12:02:38Z ready
2026-05-02T12:06:13Z show
2026-05-02T12:06:13Z list
2026-05-02T12:06:13Z add
2026-05-02T12:06:13Z show
2026-05-02T12:06:13Z list
2026-05-02T12:06:13Z add
2026-05-02T12:06:13Z show
2026-05-02T12:06:13Z list
2026-05-02T12:06:13Z add
2026-05-02T12:06:13Z ready
2026-05-02T12:09:22Z show
2026-05-02T12:09:22Z list
2026-05-02T12:09:22Z add
2026-05-02T12:09:22Z show
2026-05-02T12:09:22Z list
2026-05-02T12:09:22Z add
2026-05-02T12:09:22Z show
2026-05-02T12:09:22Z list
2026-05-02T12:09:22Z add
2026-05-02T12:09:22Z ready
2026-05-02T12:12:31Z show
2026-05-02T12:12:31Z list
2026-05-02T12:12:31Z add
2026-05-02T12:12:31Z show
2026-05-02T12:12:31Z list
2026-05-02T12:12:31Z add
2026-05-02T12:12:31Z show
2026-05-02T12:12:31Z list
2026-05-02T12:12:31Z add
2026-05-02T12:12:31Z ready
2026-05-02T12:15:43Z show
2026-05-02T12:15:43Z list
2026-05-02T12:15:43Z add
2026-05-02T12:15:43Z show
2026-05-02T12:15:43Z list
2026-05-02T12:15:43Z add
2026-05-02T12:15:43Z show
2026-05-02T12:15:43Z list
2026-05-02T12:15:43Z add
2026-05-02T12:15:43Z ready
2026-05-02T12:18:52Z show
2026-05-02T12:18:52Z list
2026-05-02T12:18:52Z add
2026-05-02T12:18:52Z show
2026-05-02T12:18:52Z list
2026-05-02T12:18:52Z add
2026-05-02T12:18:52Z show
2026-05-02T12:18:52Z list
2026-05-02T12:18:52Z add
2026-05-02T12:18:52Z ready
2026-05-02T12:21:55Z show
2026-05-02T12:21:55Z list
2026-05-02T12:21:55Z add
2026-05-02T12:21:55Z show
2026-05-02T12:21:55Z list
2026-05-02T12:21:55Z add
2026-05-02T12:21:55Z show
2026-05-02T12:21:55Z list
2026-05-02T12:21:55Z add
2026-05-02T12:21:56Z ready
2026-05-02T12:25:55Z show
2026-05-02T12:25:55Z list
2026-05-02T12:25:55Z add
2026-05-02T12:25:55Z show
2026-05-02T12:25:55Z list
2026-05-02T12:25:55Z add
2026-05-02T12:25:55Z show
2026-05-02T12:25:55Z list
2026-05-02T12:25:55Z add
2026-05-02T12:25:55Z ready
2026-05-02T12:29:10Z show
2026-05-02T12:29:10Z list
2026-05-02T12:29:10Z add
2026-05-02T12:29:10Z show
2026-05-02T12:29:10Z list
2026-05-02T12:29:10Z add
2026-05-02T12:29:10Z show
2026-05-02T12:29:10Z list
2026-05-02T12:29:10Z add
2026-05-02T12:29:10Z ready
2026-05-02T12:32:17Z show
2026-05-02T12:32:17Z list
2026-05-02T12:32:17Z add
2026-05-02T12:32:17Z show
2026-05-02T12:32:17Z list
2026-05-02T12:32:17Z add
2026-05-02T12:32:17Z show
2026-05-02T12:32:17Z list
2026-05-02T12:32:17Z add
2026-05-02T12:32:18Z ready
2026-05-02T12:35:40Z show
2026-05-02T12:35:40Z list
2026-05-02T12:35:40Z add
2026-05-02T12:35:40Z show
2026-05-02T12:35:40Z list
2026-05-02T12:35:40Z add
2026-05-02T12:35:40Z show
2026-05-02T12:35:40Z list
2026-05-02T12:35:40Z add
2026-05-02T12:35:41Z ready
2026-05-02T12:39:18Z show
2026-05-02T12:39:18Z list
2026-05-02T12:39:18Z add
2026-05-02T12:39:18Z show
2026-05-02T12:39:18Z list
2026-05-02T12:39:18Z add
2026-05-02T12:39:18Z show
2026-05-02T12:39:18Z list
2026-05-02T12:39:18Z add
2026-05-02T12:39:19Z ready
2026-05-02T12:42:37Z show
2026-05-02T12:42:37Z list
2026-05-02T12:42:37Z add
2026-05-02T12:42:37Z show
2026-05-02T12:42:37Z list
2026-05-02T12:42:37Z add
2026-05-02T12:42:37Z show
2026-05-02T12:42:37Z list
2026-05-02T12:42:37Z add
2026-05-02T12:42:37Z ready
2026-05-02T12:45:48Z show
2026-05-02T12:45:48Z list
2026-05-02T12:45:48Z add
2026-05-02T12:45:48Z show
2026-05-02T12:45:48Z list
2026-05-02T12:45:48Z add
2026-05-02T12:45:48Z show
2026-05-02T12:45:48Z list
2026-05-02T12:45:48Z add
2026-05-02T12:45:48Z ready
2026-05-02T12:49:00Z show
2026-05-02T12:49:00Z list
2026-05-02T12:49:00Z add
2026-05-02T12:49:00Z show
2026-05-02T12:49:00Z list
2026-05-02T12:49:00Z add
2026-05-02T12:49:00Z show
2026-05-02T12:49:00Z list
2026-05-02T12:49:00Z add
2026-05-02T12:49:00Z ready
2026-05-02T12:52:24Z show
2026-05-02T12:52:24Z list
2026-05-02T12:52:24Z add
2026-05-02T12:52:24Z show
2026-05-02T12:52:24Z list
2026-05-02T12:52:24Z add
2026-05-02T12:52:24Z show
2026-05-02T12:52:24Z list
2026-05-02T12:52:24Z add
2026-05-02T12:52:25Z ready
2026-05-02T12:55:49Z show
2026-05-02T12:55:49Z list
2026-05-02T12:55:49Z add
2026-05-02T12:55:49Z show
2026-05-02T12:55:49Z list
2026-05-02T12:55:49Z add
2026-05-02T12:55:49Z show
2026-05-02T12:55:49Z list
2026-05-02T12:55:49Z add
2026-05-02T12:55:49Z ready
2026-05-02T12:59:01Z show
2026-05-02T12:59:01Z list
2026-05-02T12:59:01Z add
2026-05-02T12:59:01Z show
2026-05-02T12:59:01Z list
2026-05-02T12:59:01Z add
2026-05-02T12:59:01Z show
2026-05-02T12:59:01Z list
2026-05-02T12:59:01Z add
2026-05-02T12:59:01Z ready
2026-05-02T13:02:06Z show
2026-05-02T13:02:06Z list
2026-05-02T13:02:06Z add
2026-05-02T13:02:06Z show
2026-05-02T13:02:06Z list
2026-05-02T13:02:06Z add
2026-05-02T13:02:06Z show
2026-05-02T13:02:06Z list
2026-05-02T13:02:06Z add
2026-05-02T13:02:06Z ready
2026-05-02T13:05:30Z show
2026-05-02T13:05:30Z list
2026-05-02T13:05:30Z add
2026-05-02T13:05:30Z show
2026-05-02T13:05:30Z list
2026-05-02T13:05:30Z add
2026-05-02T13:05:30Z show
2026-05-02T13:05:30Z list
2026-05-02T13:05:30Z add
2026-05-02T13:05:30Z ready
2026-05-02T13:08:41Z show
2026-05-02T13:08:41Z list
2026-05-02T13:08:41Z add
2026-05-02T13:08:41Z show
2026-05-02T13:08:41Z list
2026-05-02T13:08:41Z add
2026-05-02T13:08:41Z show
2026-05-02T13:08:41Z list
2026-05-02T13:08:41Z add
2026-05-02T13:08:41Z ready
2026-05-02T13:12:01Z show
2026-05-02T13:12:01Z list
2026-05-02T13:12:01Z add
2026-05-02T13:12:01Z show
2026-05-02T13:12:01Z list
2026-05-02T13:12:01Z add
2026-05-02T13:12:01Z show
2026-05-02T13:12:01Z list
2026-05-02T13:12:01Z add
2026-05-02T13:12:02Z ready
2026-05-02T13:15:36Z show
2026-05-02T13:15:36Z list
2026-05-02T13:15:36Z add
2026-05-02T13:15:36Z show
2026-05-02T13:15:36Z list
2026-05-02T13:15:36Z add
2026-05-02T13:15:36Z show
2026-05-02T13:15:36Z list
2026-05-02T13:15:36Z add
2026-05-02T13:15:36Z ready
2026-05-02T13:19:47Z show
2026-05-02T13:19:47Z list
2026-05-02T13:19:47Z add
2026-05-02T13:19:47Z show
2026-05-02T13:19:47Z list
2026-05-02T13:19:47Z add
2026-05-02T13:19:47Z show
2026-05-02T13:19:47Z list
2026-05-02T13:19:47Z add
2026-05-02T13:19:47Z ready
2026-05-02T13:23:00Z show
2026-05-02T13:23:00Z list
2026-05-02T13:23:00Z add
2026-05-02T13:23:00Z show
2026-05-02T13:23:00Z list
2026-05-02T13:23:00Z add
2026-05-02T13:23:00Z show
2026-05-02T13:23:00Z list
2026-05-02T13:23:00Z add
2026-05-02T13:23:00Z ready
2026-05-02T13:26:30Z show
2026-05-02T13:26:30Z list
2026-05-02T13:26:30Z add
2026-05-02T13:26:30Z show
2026-05-02T13:26:30Z list
2026-05-02T13:26:30Z add
2026-05-02T13:26:30Z show
2026-05-02T13:26:30Z list
2026-05-02T13:26:30Z add
2026-05-02T13:26:30Z ready
2026-05-02T13:29:44Z show
2026-05-02T13:29:44Z list
2026-05-02T13:29:44Z add
2026-05-02T13:29:44Z show
2026-05-02T13:29:44Z list
2026-05-02T13:29:44Z add
2026-05-02T13:29:44Z show
2026-05-02T13:29:44Z list
2026-05-02T13:29:44Z add
2026-05-02T13:29:44Z ready
2026-05-02T13:33:02Z show
2026-05-02T13:33:02Z list
2026-05-02T13:33:02Z add
2026-05-02T13:33:02Z show
2026-05-02T13:33:02Z list
2026-05-02T13:33:02Z add
2026-05-02T13:33:02Z show
2026-05-02T13:33:02Z list
2026-05-02T13:33:02Z add
2026-05-02T13:33:02Z ready
2026-05-02T13:36:20Z show
2026-05-02T13:36:20Z list
2026-05-02T13:36:20Z add
2026-05-02T13:36:20Z show
2026-05-02T13:36:20Z list
2026-05-02T13:36:20Z add
2026-05-02T13:36:20Z show
2026-05-02T13:36:20Z list
2026-05-02T13:36:20Z add
2026-05-02T13:36:21Z ready
2026-05-02T13:39:30Z show
2026-05-02T13:39:30Z list
2026-05-02T13:39:30Z add
2026-05-02T13:39:30Z show
2026-05-02T13:39:30Z list
2026-05-02T13:39:30Z add
2026-05-02T13:39:30Z show
2026-05-02T13:39:30Z list
2026-05-02T13:39:30Z add
2026-05-02T13:39:31Z ready
2026-05-02T13:42:37Z show
2026-05-02T13:42:37Z list
2026-05-02T13:42:38Z add
2026-05-02T13:42:38Z show
2026-05-02T13:42:38Z list
2026-05-02T13:42:38Z add
2026-05-02T13:42:38Z show
2026-05-02T13:42:38Z list
2026-05-02T13:42:38Z add
2026-05-02T13:42:38Z ready
2026-05-02T13:46:00Z show
2026-05-02T13:46:00Z list
2026-05-02T13:46:00Z add
2026-05-02T13:46:00Z show
2026-05-02T13:46:00Z list
2026-05-02T13:46:00Z add
2026-05-02T13:46:00Z show
2026-05-02T13:46:00Z list
2026-05-02T13:46:00Z add
2026-05-02T13:46:00Z ready
2026-05-02T13:49:31Z show
2026-05-02T13:49:31Z list
2026-05-02T13:49:31Z add
2026-05-02T13:49:31Z show
2026-05-02T13:49:31Z list
2026-05-02T13:49:31Z add
2026-05-02T13:49:31Z show
2026-05-02T13:49:31Z list
2026-05-02T13:49:31Z add
2026-05-02T13:49:31Z ready
2026-05-02T13:54:03Z show
2026-05-02T13:54:03Z list
2026-05-02T13:54:03Z add
2026-05-02T13:54:03Z show
2026-05-02T13:54:03Z list
2026-05-02T13:54:03Z add
2026-05-02T13:54:03Z show
2026-05-02T13:54:03Z list
2026-05-02T13:54:03Z add
2026-05-02T13:54:03Z ready
2026-05-02T13:58:36Z show
2026-05-02T13:58:36Z list
2026-05-02T13:58:36Z add
2026-05-02T13:58:36Z show
2026-05-02T13:58:36Z list
2026-05-02T13:58:36Z add
2026-05-02T13:58:36Z show
2026-05-02T13:58:36Z list
2026-05-02T13:58:36Z add
2026-05-02T13:58:36Z ready
2026-05-02T14:02:08Z show
2026-05-02T14:02:08Z list
2026-05-02T14:02:08Z add
2026-05-02T14:02:08Z show
2026-05-02T14:02:08Z list
2026-05-02T14:02:08Z add
2026-05-02T14:02:08Z show
2026-05-02T14:02:08Z list
2026-05-02T14:02:08Z add
2026-05-02T14:02:09Z ready
2026-05-02T14:05:16Z show
2026-05-02T14:05:16Z list
2026-05-02T14:05:16Z add
2026-05-02T14:05:16Z show
2026-05-02T14:05:16Z list
2026-05-02T14:05:16Z add
2026-05-02T14:05:16Z show
2026-05-02T14:05:16Z list
2026-05-02T14:05:16Z add
2026-05-02T14:05:17Z ready
2026-05-02T14:08:49Z show
2026-05-02T14:08:49Z list
2026-05-02T14:08:49Z add
2026-05-02T14:08:49Z show
2026-05-02T14:08:49Z list
2026-05-02T14:08:49Z add
2026-05-02T14:08:49Z show
2026-05-02T14:08:49Z list
2026-05-02T14:08:49Z add
2026-05-02T14:08:49Z ready
2026-05-02T14:11:57Z show
2026-05-02T14:11:57Z list
2026-05-02T14:11:57Z add
2026-05-02T14:11:57Z show
2026-05-02T14:11:57Z list
2026-05-02T14:11:57Z add
2026-05-02T14:11:57Z show
2026-05-02T14:11:57Z list
2026-05-02T14:11:57Z add
2026-05-02T14:11:57Z ready
2026-05-02T14:16:07Z show
2026-05-02T14:16:07Z list
2026-05-02T14:16:07Z add
2026-05-02T14:16:07Z show
2026-05-02T14:16:07Z list
2026-05-02T14:16:07Z add
2026-05-02T14:16:07Z show
2026-05-02T14:16:07Z list
2026-05-02T14:16:07Z add
2026-05-02T14:16:07Z ready
2026-05-02T14:19:57Z show
2026-05-02T14:19:57Z list
2026-05-02T14:19:57Z add
2026-05-02T14:19:57Z show
2026-05-02T14:19:57Z list
2026-05-02T14:19:57Z add
2026-05-02T14:19:57Z show
2026-05-02T14:19:57Z list
2026-05-02T14:19:57Z add
2026-05-02T14:19:57Z ready
2026-05-02T14:23:34Z show
2026-05-02T14:23:34Z list
2026-05-02T14:23:34Z add
2026-05-02T14:23:34Z show
2026-05-02T14:23:34Z list
2026-05-02T14:23:34Z add
2026-05-02T14:23:34Z show
2026-05-02T14:23:34Z list
2026-05-02T14:23:34Z add
2026-05-02T14:23:34Z ready
2026-05-02T14:26:52Z show
2026-05-02T14:26:52Z list
2026-05-02T14:26:52Z add
2026-05-02T14:26:52Z show
2026-05-02T14:26:52Z list
2026-05-02T14:26:52Z add
2026-05-02T14:26:52Z show
2026-05-02T14:26:52Z list
2026-05-02T14:26:52Z add
2026-05-02T14:26:52Z ready
2026-05-02T14:31:30Z show
2026-05-02T14:31:30Z list
2026-05-02T14:31:30Z add
2026-05-02T14:31:30Z show
2026-05-02T14:31:30Z list
2026-05-02T14:31:30Z add
2026-05-02T14:31:30Z show
2026-05-02T14:31:30Z list
2026-05-02T14:31:30Z add
2026-05-02T14:31:30Z ready
2026-05-02T14:36:47Z show
2026-05-02T14:36:47Z list
2026-05-02T14:36:47Z add
2026-05-02T14:36:47Z show
2026-05-02T14:36:47Z list
2026-05-02T14:36:47Z add
2026-05-02T14:36:47Z show
2026-05-02T14:36:47Z list
2026-05-02T14:36:47Z add
2026-05-02T14:36:48Z ready
2026-05-02T14:41:50Z show
2026-05-02T14:41:50Z list
2026-05-02T14:41:50Z add
2026-05-02T14:41:50Z show
2026-05-02T14:41:50Z list
2026-05-02T14:41:50Z add
2026-05-02T14:41:50Z show
2026-05-02T14:41:50Z list
2026-05-02T14:41:50Z add
2026-05-02T14:41:50Z ready
2026-05-02T14:46:40Z show
2026-05-02T14:46:40Z list
2026-05-02T14:46:40Z add
2026-05-02T14:46:40Z show
2026-05-02T14:46:40Z list
2026-05-02T14:46:40Z add
2026-05-02T14:46:40Z show
2026-05-02T14:46:40Z list
2026-05-02T14:46:40Z add
2026-05-02T14:46:40Z ready
2026-05-02T14:50:35Z show
2026-05-02T14:50:35Z list
2026-05-02T14:50:35Z add
2026-05-02T14:50:35Z show
2026-05-02T14:50:35Z list
2026-05-02T14:50:35Z add
2026-05-02T14:50:35Z show
2026-05-02T14:50:35Z list
2026-05-02T14:50:35Z add
2026-05-02T14:50:35Z ready
2026-05-02T14:54:57Z show
2026-05-02T14:54:57Z list
2026-05-02T14:54:57Z add
2026-05-02T14:54:57Z show
2026-05-02T14:54:57Z list
2026-05-02T14:54:57Z add
2026-05-02T14:54:57Z show
2026-05-02T14:54:57Z list
2026-05-02T14:54:57Z add
2026-05-02T14:54:57Z ready
2026-05-02T14:58:44Z show
2026-05-02T14:58:44Z list
2026-05-02T14:58:44Z add
2026-05-02T14:58:44Z show
2026-05-02T14:58:44Z list
2026-05-02T14:58:44Z add
2026-05-02T14:58:44Z show
2026-05-02T14:58:44Z list
2026-05-02T14:58:44Z add
2026-05-02T14:58:45Z ready
2026-05-02T15:02:07Z show
2026-05-02T15:02:07Z list
2026-05-02T15:02:07Z add
2026-05-02T15:02:07Z show
2026-05-02T15:02:07Z list
2026-05-02T15:02:07Z add
2026-05-02T15:02:07Z show
2026-05-02T15:02:07Z list
2026-05-02T15:02:07Z add
2026-05-02T15:02:07Z ready
2026-05-02T15:05:26Z show
2026-05-02T15:05:26Z list
2026-05-02T15:05:26Z add
2026-05-02T15:05:26Z show
2026-05-02T15:05:26Z list
2026-05-02T15:05:26Z add
2026-05-02T15:05:26Z show
2026-05-02T15:05:26Z list
2026-05-02T15:05:26Z add
2026-05-02T15:05:26Z ready
2026-05-02T15:08:34Z show
2026-05-02T15:08:34Z list
2026-05-02T15:08:34Z add
2026-05-02T15:08:34Z show
2026-05-02T15:08:34Z list
2026-05-02T15:08:34Z add
2026-05-02T15:08:34Z show
2026-05-02T15:08:34Z list
2026-05-02T15:08:34Z add
2026-05-02T15:08:34Z ready
2026-05-02T15:13:14Z show
2026-05-02T15:13:14Z list
2026-05-02T15:13:14Z add
2026-05-02T15:13:14Z show
2026-05-02T15:13:14Z list
2026-05-02T15:13:14Z add
2026-05-02T15:13:14Z show
2026-05-02T15:13:14Z list
2026-05-02T15:13:14Z add
2026-05-02T15:13:14Z ready
2026-05-02T15:17:57Z show
2026-05-02T15:17:57Z list
2026-05-02T15:17:57Z add
2026-05-02T15:17:57Z show
2026-05-02T15:17:57Z list
2026-05-02T15:17:57Z add
2026-05-02T15:17:57Z show
2026-05-02T15:17:57Z list
2026-05-02T15:17:57Z add
2026-05-02T15:17:58Z ready
2026-05-02T15:23:24Z show
2026-05-02T15:23:24Z list
2026-05-02T15:23:24Z add
2026-05-02T15:23:24Z show
2026-05-02T15:23:24Z list
2026-05-02T15:23:24Z add
2026-05-02T15:23:24Z show
2026-05-02T15:23:24Z list
2026-05-02T15:23:24Z add
2026-05-02T15:23:25Z ready
2026-05-02T15:27:12Z show
2026-05-02T15:27:12Z list
2026-05-02T15:27:12Z add
2026-05-02T15:27:12Z show
2026-05-02T15:27:12Z list
2026-05-02T15:27:12Z add
2026-05-02T15:27:12Z show
2026-05-02T15:27:12Z list
2026-05-02T15:27:12Z add
2026-05-02T15:27:12Z ready
2026-05-02T15:30:32Z show
2026-05-02T15:30:32Z list
2026-05-02T15:30:32Z add
2026-05-02T15:30:32Z show
2026-05-02T15:30:32Z list
2026-05-02T15:30:33Z add
2026-05-02T15:30:33Z show
2026-05-02T15:30:33Z list
2026-05-02T15:30:33Z add
2026-05-02T15:30:33Z ready
2026-05-02T15:33:47Z show
2026-05-02T15:33:47Z list
2026-05-02T15:33:47Z add
2026-05-02T15:33:47Z show
2026-05-02T15:33:47Z list
2026-05-02T15:33:47Z add
2026-05-02T15:33:47Z show
2026-05-02T15:33:47Z list
2026-05-02T15:33:47Z add
2026-05-02T15:33:47Z ready
2026-05-02T15:36:52Z show
2026-05-02T15:36:52Z list
2026-05-02T15:36:52Z add
2026-05-02T15:36:52Z show
2026-05-02T15:36:52Z list
2026-05-02T15:36:52Z add
2026-05-02T15:36:52Z show
2026-05-02T15:36:52Z list
2026-05-02T15:36:52Z add
2026-05-02T15:36:52Z ready
2026-05-02T15:40:14Z show
2026-05-02T15:40:14Z list
2026-05-02T15:40:14Z add
2026-05-02T15:40:14Z show
2026-05-02T15:40:14Z list
2026-05-02T15:40:14Z add
2026-05-02T15:40:14Z show
2026-05-02T15:40:14Z list
2026-05-02T15:40:14Z add
2026-05-02T15:40:14Z ready
2026-05-02T15:43:36Z show
2026-05-02T15:43:36Z list
2026-05-02T15:43:36Z add
2026-05-02T15:43:36Z show
2026-05-02T15:43:36Z list
2026-05-02T15:43:36Z add
2026-05-02T15:43:36Z show
2026-05-02T15:43:36Z list
2026-05-02T15:43:36Z add
2026-05-02T15:43:36Z ready
2026-05-02T15:49:28Z show
2026-05-02T15:49:28Z list
2026-05-02T15:49:28Z add
2026-05-02T15:49:28Z show
2026-05-02T15:49:28Z list
2026-05-02T15:49:28Z add
2026-05-02T15:49:28Z show
2026-05-02T15:49:28Z list
2026-05-02T15:49:28Z add
2026-05-02T15:49:29Z ready
2026-05-02T15:54:51Z show
2026-05-02T15:54:51Z list
2026-05-02T15:54:51Z add
2026-05-02T15:54:51Z show
2026-05-02T15:54:51Z list
2026-05-02T15:54:51Z add
2026-05-02T15:54:51Z show
2026-05-02T15:54:51Z list
2026-05-02T15:54:51Z add
2026-05-02T15:54:51Z ready
2026-05-02T16:00:56Z show
2026-05-02T16:00:56Z list
2026-05-02T16:00:56Z add
2026-05-02T16:00:56Z show
2026-05-02T16:00:56Z list
2026-05-02T16:00:56Z add
2026-05-02T16:00:56Z show
2026-05-02T16:00:56Z list
2026-05-02T16:00:56Z add
2026-05-02T16:00:56Z ready
2026-05-02T16:05:35Z show
2026-05-02T16:05:35Z list
2026-05-02T16:05:35Z add
2026-05-02T16:05:35Z show
2026-05-02T16:05:35Z list
2026-05-02T16:05:35Z add
2026-05-02T16:05:35Z show
2026-05-02T16:05:35Z list
2026-05-02T16:05:35Z add
2026-05-02T16:05:35Z ready
2026-05-02T16:09:48Z show
2026-05-02T16:09:48Z list
2026-05-02T16:09:48Z add
2026-05-02T16:09:48Z show
2026-05-02T16:09:48Z list
2026-05-02T16:09:48Z add
2026-05-02T16:09:48Z show
2026-05-02T16:09:48Z list
2026-05-02T16:09:48Z add
2026-05-02T16:09:48Z ready
2026-05-02T16:13:41Z show
2026-05-02T16:13:41Z list
2026-05-02T16:13:41Z add
2026-05-02T16:13:41Z show
2026-05-02T16:13:41Z list
2026-05-02T16:13:41Z add
2026-05-02T16:13:41Z show
2026-05-02T16:13:41Z list
2026-05-02T16:13:41Z add
2026-05-02T16:13:42Z ready
2026-05-02T16:16:47Z show
2026-05-02T16:16:47Z list
2026-05-02T16:16:47Z add
2026-05-02T16:16:47Z show
2026-05-02T16:16:47Z list
2026-05-02T16:16:47Z add
2026-05-02T16:16:47Z show
2026-05-02T16:16:47Z list
2026-05-02T16:16:47Z add
2026-05-02T16:16:48Z ready
2026-05-02T16:20:12Z show
2026-05-02T16:20:12Z list
2026-05-02T16:20:12Z add
2026-05-02T16:20:12Z show
2026-05-02T16:20:12Z list
2026-05-02T16:20:12Z add
2026-05-02T16:20:12Z show
2026-05-02T16:20:12Z list
2026-05-02T16:20:12Z add
2026-05-02T16:20:13Z ready
2026-05-02T16:23:36Z show
2026-05-02T16:23:36Z list
2026-05-02T16:23:36Z add
2026-05-02T16:23:36Z show
2026-05-02T16:23:36Z list
2026-05-02T16:23:36Z add
2026-05-02T16:23:36Z show
2026-05-02T16:23:36Z list
2026-05-02T16:23:36Z add
2026-05-02T16:23:36Z ready
2026-05-02T16:26:42Z show
2026-05-02T16:26:42Z list
2026-05-02T16:26:42Z add
2026-05-02T16:26:42Z show
2026-05-02T16:26:43Z list
2026-05-02T16:26:43Z add
2026-05-02T16:26:43Z show
2026-05-02T16:26:43Z list
2026-05-02T16:26:43Z add
2026-05-02T16:26:43Z ready
2026-05-02T16:29:49Z show
2026-05-02T16:29:49Z list
2026-05-02T16:29:49Z add
2026-05-02T16:29:49Z show
2026-05-02T16:29:49Z list
2026-05-02T16:29:49Z add
2026-05-02T16:29:49Z show
2026-05-02T16:29:49Z list
2026-05-02T16:29:49Z add
2026-05-02T16:29:50Z ready
2026-05-02T16:33:15Z show
2026-05-02T16:33:15Z list
2026-05-02T16:33:15Z add
2026-05-02T16:33:15Z show
2026-05-02T16:33:15Z list
2026-05-02T16:33:15Z add
2026-05-02T16:33:15Z show
2026-05-02T16:33:15Z list
2026-05-02T16:33:15Z add
2026-05-02T16:33:15Z ready
2026-05-02T16:36:32Z show
2026-05-02T16:36:32Z list
2026-05-02T16:36:32Z add
2026-05-02T16:36:32Z show
2026-05-02T16:36:32Z list
2026-05-02T16:36:32Z add
2026-05-02T16:36:32Z show
2026-05-02T16:36:32Z list
2026-05-02T16:36:32Z add
2026-05-02T16:36:32Z ready
2026-05-02T16:39:52Z show
2026-05-02T16:39:52Z list
2026-05-02T16:39:52Z add
2026-05-02T16:39:52Z show
2026-05-02T16:39:52Z list
2026-05-02T16:39:52Z add
2026-05-02T16:39:52Z show
2026-05-02T16:39:52Z list
2026-05-02T16:39:53Z add
2026-05-02T16:39:53Z ready
2026-05-02T16:43:18Z show
2026-05-02T16:43:18Z list
2026-05-02T16:43:18Z add
2026-05-02T16:43:18Z show
2026-05-02T16:43:18Z list
2026-05-02T16:43:18Z add
2026-05-02T16:43:18Z show
2026-05-02T16:43:18Z list
2026-05-02T16:43:18Z add
2026-05-02T16:43:18Z ready
2026-05-02T16:46:31Z show
2026-05-02T16:46:31Z list
2026-05-02T16:46:31Z add
2026-05-02T16:46:31Z show
2026-05-02T16:46:31Z list
2026-05-02T16:46:31Z add
2026-05-02T16:46:31Z show
2026-05-02T16:46:31Z list
2026-05-02T16:46:31Z add
2026-05-02T16:46:31Z ready
2026-05-02T16:49:36Z show
2026-05-02T16:49:36Z list
2026-05-02T16:49:36Z add
2026-05-02T16:49:36Z show
2026-05-02T16:49:36Z list
2026-05-02T16:49:36Z add
2026-05-02T16:49:36Z show
2026-05-02T16:49:36Z list
2026-05-02T16:49:36Z add
2026-05-02T16:49:37Z ready
2026-05-02T16:54:02Z show
2026-05-02T16:54:02Z list
2026-05-02T16:54:02Z add
2026-05-02T16:54:02Z show
2026-05-02T16:54:02Z list
2026-05-02T16:54:02Z add
2026-05-02T16:54:02Z show
2026-05-02T16:54:02Z list
2026-05-02T16:54:02Z add
2026-05-02T16:54:02Z ready
2026-05-02T16:57:25Z show
2026-05-02T16:57:25Z list
2026-05-02T16:57:25Z add
2026-05-02T16:57:25Z show
2026-05-02T16:57:25Z list
2026-05-02T16:57:25Z add
2026-05-02T16:57:25Z show
2026-05-02T16:57:25Z list
2026-05-02T16:57:25Z add
2026-05-02T16:57:25Z ready
2026-05-02T17:00:35Z show
2026-05-02T17:00:35Z list
2026-05-02T17:00:35Z add
2026-05-02T17:00:35Z show
2026-05-02T17:00:35Z list
2026-05-02T17:00:35Z add
2026-05-02T17:00:35Z show
2026-05-02T17:00:35Z list
2026-05-02T17:00:35Z add
2026-05-02T17:00:35Z ready
2026-05-02T17:06:20Z show
2026-05-02T17:06:20Z list
2026-05-02T17:06:20Z add
2026-05-02T17:06:20Z show
2026-05-02T17:06:20Z list
2026-05-02T17:06:20Z add
2026-05-02T17:06:20Z show
2026-05-02T17:06:20Z list
2026-05-02T17:06:20Z add
2026-05-02T17:06:21Z ready
2026-05-02T17:10:26Z show
2026-05-02T17:10:26Z list
2026-05-02T17:10:26Z add
2026-05-02T17:10:26Z show
2026-05-02T17:10:26Z list
2026-05-02T17:10:27Z add
2026-05-02T17:10:27Z show
2026-05-02T17:10:27Z list
2026-05-02T17:10:27Z add
2026-05-02T17:10:27Z ready
2026-05-02T17:14:11Z show
2026-05-02T17:14:11Z list
2026-05-02T17:14:11Z add
2026-05-02T17:14:11Z show
2026-05-02T17:14:11Z list
2026-05-02T17:14:11Z add
2026-05-02T17:14:11Z show
2026-05-02T17:14:11Z list
2026-05-02T17:14:11Z add
2026-05-02T17:14:11Z ready
2026-05-02T17:17:16Z show
2026-05-02T17:17:16Z list
2026-05-02T17:17:16Z add
2026-05-02T17:17:16Z show
2026-05-02T17:17:16Z list
2026-05-02T17:17:16Z add
2026-05-02T17:17:16Z show
2026-05-02T17:17:16Z list
2026-05-02T17:17:16Z add
2026-05-02T17:17:17Z ready
2026-05-02T17:20:23Z show
2026-05-02T17:20:23Z list
2026-05-02T17:20:23Z add
2026-05-02T17:20:23Z show
2026-05-02T17:20:23Z list
2026-05-02T17:20:23Z add
2026-05-02T17:20:23Z show
2026-05-02T17:20:23Z list
2026-05-02T17:20:23Z add
2026-05-02T17:20:23Z ready
2026-05-02T17:23:41Z show
2026-05-02T17:23:41Z list
2026-05-02T17:23:41Z add
2026-05-02T17:23:41Z show
2026-05-02T17:23:41Z list
2026-05-02T17:23:41Z add
2026-05-02T17:23:41Z show
2026-05-02T17:23:41Z list
2026-05-02T17:23:41Z add
2026-05-02T17:23:41Z ready
2026-05-02T17:26:56Z show
2026-05-02T17:26:56Z list
2026-05-02T17:26:56Z add
2026-05-02T17:26:56Z show
2026-05-02T17:26:56Z list
2026-05-02T17:26:56Z add
2026-05-02T17:26:56Z show
2026-05-02T17:26:56Z list
2026-05-02T17:26:56Z add
2026-05-02T17:26:56Z ready
2026-05-02T17:30:06Z show
2026-05-02T17:30:06Z list
2026-05-02T17:30:06Z add
2026-05-02T17:30:06Z show
2026-05-02T17:30:06Z list
2026-05-02T17:30:06Z add
2026-05-02T17:30:06Z show
2026-05-02T17:30:06Z list
2026-05-02T17:30:06Z add
2026-05-02T17:30:06Z ready
2026-05-02T17:34:35Z show
2026-05-02T17:34:35Z list
2026-05-02T17:34:35Z add
2026-05-02T17:34:35Z show
2026-05-02T17:34:35Z list
2026-05-02T17:34:35Z add
2026-05-02T17:34:35Z show
2026-05-02T17:34:35Z list
2026-05-02T17:34:35Z add
2026-05-02T17:34:35Z ready
2026-05-02T17:37:52Z show
2026-05-02T17:37:52Z list
2026-05-02T17:37:52Z add
2026-05-02T17:37:52Z show
2026-05-02T17:37:52Z list
2026-05-02T17:37:52Z add
2026-05-02T17:37:52Z show
2026-05-02T17:37:52Z list
2026-05-02T17:37:52Z add
2026-05-02T17:37:52Z ready
2026-05-02T17:42:10Z show
2026-05-02T17:42:10Z list
2026-05-02T17:42:10Z add
2026-05-02T17:42:10Z show
2026-05-02T17:42:10Z list
2026-05-02T17:42:10Z add
2026-05-02T17:42:10Z show
2026-05-02T17:42:10Z list
2026-05-02T17:42:10Z add
2026-05-02T17:42:11Z ready
2026-05-02T17:45:18Z show
2026-05-02T17:45:18Z list
2026-05-02T17:45:18Z add
2026-05-02T17:45:18Z show
2026-05-02T17:45:18Z list
2026-05-02T17:45:18Z add
2026-05-02T17:45:18Z show
2026-05-02T17:45:18Z list
2026-05-02T17:45:18Z add
2026-05-02T17:45:19Z ready
2026-05-02T17:48:33Z show
2026-05-02T17:48:33Z list
2026-05-02T17:48:33Z add
2026-05-02T17:48:33Z show
2026-05-02T17:48:33Z list
2026-05-02T17:48:33Z add
2026-05-02T17:48:33Z show
2026-05-02T17:48:33Z list
2026-05-02T17:48:33Z add
2026-05-02T17:48:33Z ready
2026-05-02T17:51:50Z show
2026-05-02T17:51:50Z list
2026-05-02T17:51:50Z add
2026-05-02T17:51:50Z show
2026-05-02T17:51:50Z list
2026-05-02T17:51:50Z add
2026-05-02T17:51:50Z show
2026-05-02T17:51:50Z list
2026-05-02T17:51:50Z add
2026-05-02T17:51:50Z ready
2026-05-02T17:55:07Z show
2026-05-02T17:55:07Z list
2026-05-02T17:55:07Z add
2026-05-02T17:55:07Z show
2026-05-02T17:55:07Z list
2026-05-02T17:55:07Z add
2026-05-02T17:55:07Z show
2026-05-02T17:55:07Z list
2026-05-02T17:55:07Z add
2026-05-02T17:55:08Z ready
2026-05-02T17:58:06Z show
2026-05-02T17:58:06Z list
2026-05-02T17:58:06Z add
2026-05-02T17:58:06Z show
2026-05-02T17:58:06Z list
2026-05-02T17:58:06Z add
2026-05-02T17:58:06Z show
2026-05-02T17:58:06Z list
2026-05-02T17:58:06Z add
2026-05-02T17:58:06Z ready
2026-05-02T18:01:24Z show
2026-05-02T18:01:24Z list
2026-05-02T18:01:24Z add
2026-05-02T18:01:24Z show
2026-05-02T18:01:24Z list
2026-05-02T18:01:24Z add
2026-05-02T18:01:24Z show
2026-05-02T18:01:24Z list
2026-05-02T18:01:24Z add
2026-05-02T18:01:24Z ready
2026-05-02T18:04:27Z show
2026-05-02T18:04:27Z list
2026-05-02T18:04:27Z add
2026-05-02T18:04:27Z show
2026-05-02T18:04:27Z list
2026-05-02T18:04:27Z add
2026-05-02T18:04:27Z show
2026-05-02T18:04:27Z list
2026-05-02T18:04:27Z add
2026-05-02T18:04:27Z ready
2026-05-02T18:07:27Z show
2026-05-02T18:07:27Z list
2026-05-02T18:07:27Z add
2026-05-02T18:07:27Z show
2026-05-02T18:07:27Z list
2026-05-02T18:07:27Z add
2026-05-02T18:07:27Z show
2026-05-02T18:07:27Z list
2026-05-02T18:07:27Z add
2026-05-02T18:07:27Z ready
2026-05-02T18:10:41Z show
2026-05-02T18:10:41Z list
2026-05-02T18:10:41Z add
2026-05-02T18:10:41Z show
2026-05-02T18:10:41Z list
2026-05-02T18:10:42Z add
2026-05-02T18:10:42Z show
2026-05-02T18:10:42Z list
2026-05-02T18:10:42Z add
2026-05-02T18:10:42Z ready
2026-05-02T18:13:42Z show
2026-05-02T18:13:42Z list
2026-05-02T18:13:42Z add
2026-05-02T18:13:42Z show
2026-05-02T18:13:42Z list
2026-05-02T18:13:42Z add
2026-05-02T18:13:42Z show
2026-05-02T18:13:42Z list
2026-05-02T18:13:42Z add
2026-05-02T18:13:43Z ready
2026-05-02T18:16:53Z show
2026-05-02T18:16:53Z list
2026-05-02T18:16:53Z add
2026-05-02T18:16:53Z show
2026-05-02T18:16:53Z list
2026-05-02T18:16:53Z add
2026-05-02T18:16:53Z show
2026-05-02T18:16:53Z list
2026-05-02T18:16:53Z add
2026-05-02T18:16:53Z ready
2026-05-02T18:20:08Z show
2026-05-02T18:20:08Z list
2026-05-02T18:20:08Z add
2026-05-02T18:20:08Z show
2026-05-02T18:20:08Z list
2026-05-02T18:20:08Z add
2026-05-02T18:20:08Z show
2026-05-02T18:20:08Z list
2026-05-02T18:20:08Z add
2026-05-02T18:20:08Z ready
2026-05-02T18:23:31Z show
2026-05-02T18:23:31Z list
2026-05-02T18:23:31Z add
2026-05-02T18:23:31Z show
2026-05-02T18:23:31Z list
2026-05-02T18:23:31Z add
2026-05-02T18:23:31Z show
2026-05-02T18:23:31Z list
2026-05-02T18:23:31Z add
2026-05-02T18:23:31Z ready
2026-05-02T18:26:50Z show
2026-05-02T18:26:50Z list
2026-05-02T18:26:50Z add
2026-05-02T18:26:50Z show
2026-05-02T18:26:50Z list
2026-05-02T18:26:50Z add
2026-05-02T18:26:50Z show
2026-05-02T18:26:50Z list
2026-05-02T18:26:50Z add
2026-05-02T18:26:50Z ready
2026-05-02T18:30:15Z show
2026-05-02T18:30:15Z list
2026-05-02T18:30:15Z add
2026-05-02T18:30:15Z show
2026-05-02T18:30:15Z list
2026-05-02T18:30:15Z add
2026-05-02T18:30:15Z show
2026-05-02T18:30:15Z list
2026-05-02T18:30:15Z add
2026-05-02T18:30:15Z ready
2026-05-02T18:33:29Z show
2026-05-02T18:33:29Z list
2026-05-02T18:33:29Z add
2026-05-02T18:33:29Z show
2026-05-02T18:33:29Z list
2026-05-02T18:33:29Z add
2026-05-02T18:33:29Z show
2026-05-02T18:33:29Z list
2026-05-02T18:33:29Z add
2026-05-02T18:33:29Z ready
2026-05-02T18:36:45Z show
2026-05-02T18:36:45Z list
2026-05-02T18:36:45Z add
2026-05-02T18:36:45Z show
2026-05-02T18:36:45Z list
2026-05-02T18:36:45Z add
2026-05-02T18:36:45Z show
2026-05-02T18:36:45Z list
2026-05-02T18:36:45Z add
2026-05-02T18:36:46Z ready
2026-05-02T18:41:13Z show
2026-05-02T18:41:13Z list
2026-05-02T18:41:13Z add
2026-05-02T18:41:13Z show
2026-05-02T18:41:13Z list
2026-05-02T18:41:13Z add
2026-05-02T18:41:13Z show
2026-05-02T18:41:13Z list
2026-05-02T18:41:13Z add
2026-05-02T18:41:13Z ready
2026-05-02T18:46:30Z show
2026-05-02T18:46:30Z list
2026-05-02T18:46:30Z add
2026-05-02T18:46:30Z show
2026-05-02T18:46:30Z list
2026-05-02T18:46:30Z add
2026-05-02T18:46:30Z show
2026-05-02T18:46:30Z list
2026-05-02T18:46:30Z add
2026-05-02T18:46:30Z ready
2026-05-02T18:51:12Z show
2026-05-02T18:51:12Z list
2026-05-02T18:51:12Z add
2026-05-02T18:51:12Z show
2026-05-02T18:51:12Z list
2026-05-02T18:51:12Z add
2026-05-02T18:51:13Z show
2026-05-02T18:51:13Z list
2026-05-02T18:51:13Z add
2026-05-02T18:51:13Z ready
2026-05-02T18:55:34Z show
2026-05-02T18:55:34Z list
2026-05-02T18:55:34Z add
2026-05-02T18:55:34Z show
2026-05-02T18:55:34Z list
2026-05-02T18:55:34Z add
2026-05-02T18:55:35Z show
2026-05-02T18:55:35Z list
2026-05-02T18:55:35Z add
2026-05-02T18:55:35Z ready
2026-05-02T18:59:40Z show
2026-05-02T18:59:40Z list
2026-05-02T18:59:40Z add
2026-05-02T18:59:40Z show
2026-05-02T18:59:40Z list
2026-05-02T18:59:40Z add
2026-05-02T18:59:40Z show
2026-05-02T18:59:40Z list
2026-05-02T18:59:40Z add
2026-05-02T18:59:40Z ready
2026-05-02T19:02:55Z show
2026-05-02T19:02:55Z list
2026-05-02T19:02:55Z add
2026-05-02T19:02:55Z show
2026-05-02T19:02:55Z list
2026-05-02T19:02:55Z add
2026-05-02T19:02:55Z show
2026-05-02T19:02:55Z list
2026-05-02T19:02:55Z add
2026-05-02T19:02:55Z ready
2026-05-02T19:06:08Z show
2026-05-02T19:06:08Z list
2026-05-02T19:06:08Z add
2026-05-02T19:06:08Z show
2026-05-02T19:06:08Z list
2026-05-02T19:06:08Z add
2026-05-02T19:06:08Z show
2026-05-02T19:06:08Z list
2026-05-02T19:06:08Z add
2026-05-02T19:06:08Z ready
2026-05-02T19:09:33Z show
2026-05-02T19:09:33Z list
2026-05-02T19:09:33Z add
2026-05-02T19:09:33Z show
2026-05-02T19:09:33Z list
2026-05-02T19:09:33Z add
2026-05-02T19:09:33Z show
2026-05-02T19:09:33Z list
2026-05-02T19:09:33Z add
2026-05-02T19:09:33Z ready
2026-05-02T20:02:00Z status
2026-05-03T10:22:14Z list
2026-05-03T10:23:56Z list
2026-05-03T10:25:35Z list
2026-05-03T10:27:14Z list
2026-05-03T10:28:52Z list
2026-05-03T10:30:27Z list
2026-05-03T10:32:00Z list
2026-05-03T10:33:32Z list
2026-05-03T10:35:08Z list
2026-05-03T10:36:43Z list
2026-05-03T10:38:16Z list
2026-05-03T10:39:52Z list
2026-05-03T10:41:49Z list
2026-05-03T10:43:31Z list
2026-05-03T10:45:31Z list
2026-05-03T10:47:14Z list
2026-05-03T10:48:50Z list
2026-05-03T10:50:25Z list
2026-05-03T10:52:03Z list
2026-05-03T10:53:43Z list
2026-05-03T10:55:23Z list
2026-05-03T10:56:55Z list
2026-05-03T10:58:31Z list
2026-05-03T11:00:04Z list
2026-05-03T11:01:36Z list
2026-05-03T11:03:12Z list
2026-05-03T11:04:52Z list
2026-05-03T11:06:32Z list
2026-05-03T11:08:13Z list
2026-05-03T11:09:53Z list
2026-05-03T11:11:33Z list
2026-05-03T11:13:06Z list
2026-05-03T11:14:40Z list
2026-05-03T11:16:21Z list
2026-05-03T11:17:58Z list
2026-05-03T11:19:31Z list
2026-05-03T11:21:03Z list
2026-05-03T11:22:39Z list
2026-05-03T11:24:12Z list
2026-05-03T11:25:51Z list
2026-05-03T11:27:24Z list
2026-05-03T11:29:01Z list
2026-05-03T11:30:34Z list
2026-05-03T11:32:06Z list
2026-05-03T11:33:42Z list
2026-05-03T11:35:15Z list
2026-05-03T11:36:51Z list
2026-05-03T11:38:28Z list
2026-05-03T11:40:04Z list
2026-05-03T11:41:37Z list
2026-05-03T11:43:09Z list
2026-05-03T11:44:44Z list
2026-05-03T11:46:17Z list
2026-05-03T11:47:50Z list
2026-05-03T11:49:24Z list
2026-05-03T11:51:01Z list
2026-05-03T11:52:34Z list
2026-05-03T11:54:08Z list
2026-05-03T11:55:44Z list
2026-05-03T11:57:24Z list
2026-05-03T11:58:57Z list
2026-05-03T12:00:33Z list
2026-05-03T12:02:09Z list
2026-05-03T12:03:42Z list
2026-05-03T12:05:16Z list
2026-05-03T12:06:51Z list
2026-05-03T12:08:24Z list
2026-05-03T12:10:00Z list
2026-05-03T12:11:34Z list
2026-05-03T12:13:10Z list
2026-05-03T12:14:43Z list
2026-05-03T12:16:15Z list
2026-05-03T12:17:54Z list
2026-05-03T12:19:27Z list
2026-05-03T12:21:00Z list
2026-05-03T12:22:34Z list
2026-05-03T12:24:10Z list
2026-05-03T12:25:43Z list
2026-05-03T12:27:16Z list
2026-05-03T12:28:55Z list
2026-05-03T12:30:28Z list
2026-05-03T12:32:02Z list
2026-05-03T12:33:37Z list
2026-05-03T12:35:13Z list
2026-05-03T12:36:46Z list
2026-05-03T12:38:18Z list
2026-05-03T12:39:53Z list
2026-05-03T12:41:28Z list
2026-05-03T12:43:04Z list
2026-05-03T12:44:39Z list
2026-05-03T12:46:16Z list
2026-05-03T12:47:52Z list
2026-05-03T12:49:26Z list
2026-05-03T12:51:03Z list
2026-05-03T12:52:37Z list
2026-05-03T12:54:11Z list
2026-05-03T12:55:47Z list
2026-05-03T12:57:24Z list
2026-05-03T12:59:00Z list
2026-05-03T13:00:35Z list
2026-05-03T13:02:11Z list
2026-05-03T13:03:47Z list
2026-05-03T13:05:20Z list
2026-05-03T13:06:58Z list
2026-05-03T13:08:33Z list
2026-05-03T13:10:06Z list
2026-05-03T13:11:41Z list
2026-05-03T13:13:17Z list
2026-05-03T13:14:50Z list
2026-05-03T13:16:25Z list
2026-05-03T13:18:03Z list
2026-05-03T13:19:42Z list
2026-05-03T13:21:19Z list
2026-05-03T13:22:53Z list
2026-05-03T13:24:28Z list
2026-05-03T13:26:03Z list
2026-05-03T13:27:36Z list
2026-05-03T13:29:16Z list
2026-05-03T13:30:53Z list
2026-05-03T13:32:29Z list
2026-05-03T13:34:03Z list
2026-05-03T13:35:38Z list
2026-05-03T13:37:11Z list
2026-05-03T13:38:45Z list
2026-05-03T13:40:21Z list
2026-05-03T13:41:57Z list
2026-05-03T13:43:30Z list
2026-05-03T13:45:03Z list
2026-05-03T13:46:39Z list
2026-05-03T13:48:13Z list
2026-05-03T13:49:47Z list
2026-05-03T13:51:22Z list
2026-05-03T13:52:58Z list
2026-05-03T13:54:32Z list
2026-05-03T13:56:04Z list
2026-05-03T13:57:40Z list
2026-05-03T13:59:17Z list
2026-05-03T14:00:51Z list
2026-05-03T14:02:30Z list
2026-05-03T14:04:07Z list
2026-05-03T14:05:44Z list
2026-05-03T14:07:21Z list
2026-05-03T14:08:57Z list
2026-05-03T14:10:34Z list
2026-05-03T14:12:08Z list
2026-05-03T14:13:45Z list
2026-05-03T14:15:23Z list
2026-05-03T14:16:57Z list
2026-05-03T14:18:33Z list
2026-05-03T14:20:14Z list
2026-05-03T14:21:49Z list
2026-05-03T14:23:23Z list
2026-05-03T14:24:58Z list
2026-05-03T14:26:35Z list
2026-05-03T14:28:08Z list
2026-05-03T14:29:45Z list
2026-05-03T14:31:21Z list
2026-05-03T14:32:56Z list
2026-05-03T14:34:29Z list
2026-05-03T14:36:05Z list
2026-05-03T14:37:43Z list
2026-05-03T14:39:19Z list
2026-05-03T14:40:53Z list
2026-05-03T14:42:30Z list
2026-05-03T14:44:03Z list
2026-05-03T14:45:38Z list
2026-05-03T14:47:13Z list
2026-05-03T14:48:49Z list
2026-05-03T14:50:22Z list
2026-05-03T14:51:57Z list
2026-05-03T14:53:32Z list
2026-05-03T14:55:06Z list
2026-05-03T14:56:41Z list
2026-05-03T14:58:18Z list
2026-05-03T14:59:57Z list
2026-05-03T15:01:30Z list
2026-05-03T15:03:05Z list
2026-05-03T15:04:42Z list
2026-05-03T15:06:18Z list
2026-05-03T15:07:52Z list
2026-05-03T15:09:28Z list
2026-05-03T15:11:04Z list
2026-05-03T15:12:38Z list
2026-05-03T15:14:16Z list
2026-05-03T15:15:54Z list
2026-05-03T15:17:27Z list
2026-05-03T15:19:02Z list
2026-05-03T15:20:39Z list
2026-05-03T15:22:16Z list
2026-05-03T15:23:49Z list
2026-05-03T15:25:24Z list
2026-05-03T15:27:03Z list
2026-05-03T15:28:36Z list
2026-05-03T15:30:13Z list
2026-05-03T15:31:49Z list
2026-05-03T15:33:22Z list
2026-05-03T15:34:57Z list
2026-05-03T15:36:32Z list
2026-05-03T15:38:09Z list
2026-05-03T15:39:42Z list
2026-05-03T15:41:16Z list
2026-05-03T15:42:52Z list
2026-05-03T15:44:26Z list
2026-05-03T15:46:01Z list
2026-05-03T15:47:37Z list
2026-05-03T15:49:13Z list
2026-05-03T15:50:47Z list
2026-05-03T15:52:21Z list
2026-05-03T15:53:58Z list
2026-05-03T15:55:36Z list
2026-05-03T15:57:10Z list
2026-05-03T15:58:46Z list
2026-05-03T16:00:26Z list
2026-05-03T16:02:02Z list
2026-05-03T16:03:40Z list
2026-05-03T16:05:19Z list
2026-05-03T16:06:56Z list
2026-05-03T16:08:33Z list
2026-05-03T16:10:12Z list
2026-05-03T16:11:55Z list
2026-05-03T16:13:36Z list
2026-05-03T16:15:16Z list
2026-05-03T16:16:51Z list
2026-05-03T16:18:25Z list
2026-05-03T16:20:05Z list
2026-05-03T16:21:46Z list
2026-05-03T16:23:26Z list
2026-05-03T16:25:07Z list
2026-05-03T16:26:48Z list
2026-05-03T16:28:29Z list
2026-05-03T16:30:07Z list
2026-05-03T16:31:44Z list
2026-05-03T16:33:18Z list
2026-05-03T16:34:56Z list
2026-05-03T16:36:30Z list
2026-05-03T16:38:05Z list
2026-05-03T16:39:42Z list
2026-05-03T16:41:22Z list
2026-05-03T16:42:55Z list
2026-05-03T16:44:29Z list
2026-05-03T16:46:05Z list
2026-05-03T16:47:39Z list
2026-05-03T16:49:12Z list
2026-05-03T16:50:46Z list
2026-05-03T16:52:23Z list
2026-05-03T16:53:55Z list
2026-05-03T16:55:28Z list
2026-05-03T16:57:03Z list
2026-05-03T16:58:36Z list
2026-05-03T17:00:09Z list
2026-05-03T17:01:48Z list
2026-05-03T17:03:23Z list
2026-05-03T17:04:56Z list
2026-05-03T17:06:29Z list
2026-05-03T17:08:04Z list
2026-05-03T17:09:37Z list
2026-05-03T17:11:10Z list
2026-05-03T17:12:43Z list
2026-05-03T17:14:19Z list
2026-05-03T17:15:52Z list
2026-05-03T17:17:24Z list
2026-05-03T17:19:00Z list
2026-05-03T17:20:33Z list
2026-05-03T17:22:06Z list
2026-05-03T17:23:38Z list
2026-05-03T17:25:16Z list
2026-05-03T17:26:50Z list
2026-05-03T17:28:24Z list
2026-05-03T17:30:01Z list
2026-05-03T17:31:35Z list
2026-05-03T17:33:14Z list
2026-05-03T17:34:47Z list
2026-05-03T17:36:25Z list
2026-05-03T17:37:59Z list
2026-05-03T17:39:32Z list
2026-05-03T17:41:08Z list
2026-05-03T17:42:42Z list
2026-05-03T17:44:15Z list
2026-05-03T17:45:49Z list
2026-05-03T17:47:25Z list
2026-05-03T17:48:57Z list
2026-05-03T17:50:30Z list
2026-05-03T17:52:05Z list
2026-05-03T17:53:39Z list
2026-05-03T17:55:12Z list
2026-05-03T17:56:45Z list
2026-05-03T17:58:22Z list
2026-05-03T17:59:54Z list
2026-05-03T18:01:27Z list
2026-05-03T18:03:03Z list
2026-05-03T18:04:42Z list
2026-05-03T18:06:15Z list
2026-05-03T18:07:48Z list
2026-05-03T18:09:24Z list
2026-05-03T18:10:57Z list
2026-05-03T18:12:29Z list
2026-05-03T18:14:05Z list
2026-05-03T18:15:38Z list
2026-05-03T18:17:11Z list
2026-05-03T18:18:44Z list
2026-05-03T18:20:20Z list
2026-05-03T18:21:52Z list
2026-05-03T18:23:25Z list
2026-05-03T18:25:01Z list
2026-05-03T18:26:35Z list
2026-05-03T18:28:08Z list
2026-05-03T18:29:41Z list
2026-05-03T18:31:16Z list
2026-05-03T18:32:52Z list
2026-05-03T18:34:25Z list
2026-05-03T18:36:04Z list
2026-05-03T18:37:37Z list
2026-05-03T18:39:09Z list
2026-05-03T18:40:41Z list
2026-05-03T18:42:16Z list
2026-05-03T18:43:49Z list
2026-05-03T18:45:21Z list
2026-05-03T18:46:54Z list
2026-05-03T18:48:28Z list
2026-05-03T18:50:00Z list
2026-05-03T18:51:32Z list
2026-05-03T18:53:07Z list
2026-05-03T18:54:39Z list
2026-05-03T18:56:11Z list
2026-05-03T18:57:44Z list
2026-05-03T18:59:19Z list
2026-05-03T19:00:51Z list
2026-05-03T19:02:23Z list
2026-05-03T19:03:57Z list
2026-05-03T19:05:32Z list
2026-05-03T19:07:08Z list
2026-05-03T19:08:40Z list
2026-05-03T19:10:16Z list
2026-05-03T19:11:48Z list
2026-05-03T19:13:21Z list
2026-05-03T19:14:54Z list
2026-05-03T19:16:28Z list
2026-05-03T19:18:00Z list
2026-05-03T19:19:33Z list
2026-05-03T19:21:07Z list
2026-05-03T19:22:40Z list
2026-05-03T19:24:12Z list
2026-05-03T19:25:46Z list
2026-05-03T19:27:22Z list
2026-05-03T19:28:54Z list
2026-05-03T19:30:27Z list
2026-05-03T19:32:03Z list
2026-05-03T19:33:37Z list
2026-05-03T19:35:10Z list
2026-05-03T19:36:45Z list
2026-05-03T19:38:24Z list
2026-05-03T19:39:56Z list
2026-05-03T19:41:28Z list
2026-05-03T19:43:03Z list
2026-05-03T19:44:36Z list
2026-05-03T19:46:08Z list
2026-05-03T19:47:41Z list
2026-05-03T19:49:16Z list
2026-05-03T19:50:49Z list
2026-05-03T19:52:21Z list
2026-05-03T19:53:56Z list
2026-05-03T19:55:29Z list
2026-05-03T19:57:02Z list
2026-05-03T19:58:34Z list
2026-05-03T20:00:10Z list
2026-05-03T20:01:42Z list
2026-05-03T20:03:14Z list
2026-05-03T20:04:47Z list
2026-05-03T20:06:25Z list
2026-05-03T20:07:59Z list
2026-05-03T20:09:35Z list
2026-05-03T20:11:10Z list
2026-05-03T20:12:43Z list
2026-05-03T20:14:15Z list
2026-05-03T20:15:48Z list
2026-05-03T20:17:22Z list
2026-05-03T20:18:54Z list
2026-05-03T20:20:26Z list
2026-05-03T20:22:01Z list
2026-05-03T20:23:34Z list
2026-05-03T20:25:06Z list
2026-05-03T20:26:42Z list
2026-05-03T20:28:17Z list
2026-05-03T20:29:50Z list
2026-05-03T20:31:22Z list
2026-05-03T20:32:58Z list
2026-05-03T20:34:33Z list
2026-05-03T20:36:06Z list
2026-05-03T20:37:41Z list
2026-05-03T20:39:16Z list
2026-05-03T20:40:53Z list
2026-05-03T20:42:26Z list
2026-05-03T20:44:01Z list
2026-05-03T20:45:35Z list
2026-05-03T20:47:09Z list
2026-05-03T20:48:45Z list
2026-05-03T20:50:26Z list
2026-05-03T20:52:07Z list
2026-05-03T20:53:43Z list
2026-05-03T20:55:20Z list
2026-05-03T20:56:56Z list
2026-05-03T20:58:31Z list
2026-05-03T21:00:10Z list
2026-05-03T21:01:47Z list
2026-05-03T21:03:21Z list
2026-05-03T21:04:56Z list
2026-05-03T21:06:34Z list
2026-05-03T21:08:10Z list
2026-05-03T21:09:44Z list
2026-05-03T21:11:24Z list
2026-05-03T21:13:02Z list
2026-05-03T21:14:37Z list
2026-05-03T21:16:13Z list
2026-05-03T21:17:51Z list
2026-05-03T21:19:26Z list
2026-05-03T21:21:01Z list
2026-05-03T21:22:37Z list
2026-05-03T21:24:13Z list
2026-05-03T21:25:49Z list
2026-05-03T21:27:31Z list
2026-05-03T21:29:10Z list
2026-05-03T21:30:46Z list
2026-05-03T21:32:27Z list
2026-05-03T21:34:08Z list
2026-05-03T21:35:46Z list
2026-05-03T21:37:23Z list
2026-05-03T21:39:03Z list
2026-05-03T21:40:40Z list
2026-05-03T21:42:20Z list
2026-05-03T21:43:57Z list
2026-05-03T21:45:36Z list
2026-05-03T21:47:11Z list
2026-05-03T21:48:48Z list
2026-05-03T21:50:27Z list
2026-05-03T21:52:04Z list
2026-05-03T21:53:39Z list
2026-05-03T21:55:15Z list
2026-05-03T21:56:52Z list
2026-05-03T21:58:26Z list
2026-05-03T22:00:00Z list
2026-05-03T22:01:38Z list
2026-05-03T22:03:13Z list
2026-05-03T22:04:47Z list
2026-05-03T22:06:23Z list
2026-05-03T22:08:01Z list
2026-05-03T22:09:37Z list
2026-05-03T22:11:12Z list
2026-05-03T22:12:53Z list
2026-05-03T22:14:30Z list
2026-05-03T22:16:04Z list
2026-05-03T22:17:40Z list
2026-05-03T22:19:16Z list
2026-05-03T22:20:51Z list
2026-05-03T22:22:25Z list
2026-05-03T22:24:03Z list
2026-05-03T22:25:38Z list
2026-05-03T22:27:13Z list
2026-05-03T22:28:51Z list
2026-05-03T22:30:27Z list
2026-05-03T22:32:04Z list
2026-05-03T22:33:40Z list
2026-05-03T22:35:28Z list
2026-05-03T22:37:05Z list
2026-05-03T22:38:43Z list
2026-05-03T22:40:24Z list
2026-05-03T22:42:01Z list
2026-05-03T22:43:39Z list
2026-05-03T22:45:16Z list
2026-05-03T22:46:54Z list
2026-05-03T22:48:30Z list
2026-05-03T22:50:04Z list
2026-05-03T22:51:41Z list
2026-05-03T22:53:16Z list
2026-05-03T22:54:51Z list
2026-05-03T22:56:27Z list
2026-05-03T22:58:03Z list
2026-05-03T22:59:38Z list
2026-05-03T23:01:12Z list
2026-05-03T23:02:50Z list
2026-05-03T23:04:25Z list
2026-05-03T23:05:59Z list
2026-05-03T23:07:35Z list
2026-05-03T23:09:14Z list
2026-05-03T23:10:50Z list
2026-05-03T23:12:24Z list
2026-05-03T23:14:06Z list
2026-05-03T23:15:41Z list
2026-05-03T23:17:16Z list
2026-05-03T23:18:52Z list
2026-05-03T23:20:28Z list
2026-05-03T23:22:03Z list
2026-05-03T23:23:37Z list
2026-05-03T23:25:15Z list
2026-05-03T23:26:51Z list
2026-05-03T23:28:27Z list
2026-05-03T23:30:03Z list
2026-05-03T23:31:40Z list
2026-05-03T23:33:16Z list
2026-05-03T23:34:51Z list
2026-05-03T23:36:28Z list
2026-05-03T23:38:04Z list
2026-05-03T23:39:39Z list
2026-05-03T23:41:16Z list
2026-05-03T23:42:52Z list
2026-05-03T23:44:30Z list
2026-05-03T23:46:06Z list
2026-05-03T23:47:44Z list
2026-05-03T23:49:18Z list
2026-05-03T23:50:53Z list
2026-05-03T23:52:30Z list
2026-05-03T23:54:05Z list
2026-05-03T23:55:39Z list
2026-05-03T23:57:14Z list
2026-05-03T23:58:52Z list
2026-05-04T00:00:26Z list
2026-05-04T00:02:01Z list
2026-05-04T00:03:38Z list
2026-05-04T00:05:13Z list
2026-05-04T00:06:48Z list
2026-05-04T00:08:23Z list
2026-05-04T00:10:01Z list
2026-05-04T00:11:38Z list
2026-05-04T00:13:12Z list
2026-05-04T00:14:54Z list
2026-05-04T00:16:29Z list
2026-05-04T00:18:03Z list
2026-05-04T00:19:39Z list
2026-05-04T00:21:16Z list
2026-05-04T00:22:51Z list
2026-05-04T00:24:25Z list
2026-05-04T00:26:02Z list
2026-05-04T00:27:39Z list
2026-05-04T00:29:15Z list
2026-05-04T00:30:53Z list
2026-05-04T00:32:31Z list
2026-05-04T00:34:07Z list
2026-05-04T00:35:42Z list
2026-05-04T00:37:20Z list
2026-05-04T00:38:55Z list
2026-05-04T00:40:29Z list
2026-05-04T00:42:06Z list
2026-05-04T00:43:43Z list
2026-05-04T00:45:21Z list
2026-05-04T00:46:56Z list
2026-05-04T00:48:34Z list
2026-05-04T00:50:10Z list
2026-05-04T00:51:45Z list
2026-05-04T00:53:23Z list
2026-05-04T00:54:58Z list
2026-05-04T00:56:33Z list
2026-05-04T00:58:08Z list
2026-05-04T00:59:46Z list
2026-05-04T01:01:21Z list
2026-05-04T01:02:56Z list
2026-05-04T01:04:34Z list
2026-05-04T01:06:09Z list
2026-05-04T01:07:43Z list
2026-05-04T01:09:19Z list
2026-05-04T01:10:56Z list
2026-05-04T01:12:35Z list
2026-05-04T01:14:10Z list
2026-05-04T01:15:51Z list
2026-05-04T01:17:26Z list
2026-05-04T01:19:01Z list
2026-05-04T01:20:37Z list
2026-05-04T01:22:12Z list
2026-05-04T01:23:47Z list
2026-05-04T01:25:21Z list
2026-05-04T01:26:59Z list
2026-05-04T01:28:34Z list
2026-05-04T01:30:10Z list
2026-05-04T01:31:47Z list
2026-05-04T01:33:24Z list
2026-05-04T01:35:00Z list
2026-05-04T01:36:35Z list
2026-05-04T01:38:12Z list
2026-05-04T01:39:47Z list
2026-05-04T01:41:22Z list
2026-05-04T01:42:57Z list
2026-05-04T01:44:34Z list
2026-05-04T01:46:12Z list
2026-05-04T01:47:46Z list
2026-05-04T01:49:24Z list
2026-05-04T01:50:59Z list
2026-05-04T01:52:34Z list
2026-05-04T01:54:11Z list
2026-05-04T01:55:47Z list
2026-05-04T01:57:21Z list
2026-05-04T01:58:55Z list
2026-05-04T02:00:32Z list
2026-05-04T02:02:06Z list
2026-05-04T02:03:41Z list
2026-05-04T02:05:19Z list
2026-05-04T02:06:54Z list
2026-05-04T02:08:28Z list
2026-05-04T02:10:03Z list
2026-05-04T02:11:41Z list
2026-05-04T02:13:19Z list
2026-05-04T02:14:55Z list
2026-05-04T02:16:36Z list
2026-05-04T02:18:11Z list
2026-05-04T02:19:45Z list
2026-05-04T02:21:21Z list
2026-05-04T02:22:58Z list
2026-05-04T02:24:32Z list
2026-05-04T02:26:06Z list
2026-05-04T02:27:45Z list
2026-05-04T02:29:22Z list
2026-05-04T02:30:57Z list
2026-05-04T02:32:34Z list
2026-05-04T02:34:13Z list
2026-05-04T02:35:49Z list
2026-05-04T02:37:23Z list
2026-05-04T02:39:00Z list
2026-05-04T02:40:36Z list
2026-05-04T02:42:11Z list
2026-05-04T02:43:48Z list
2026-05-04T02:45:24Z list
2026-05-04T02:47:02Z list
2026-05-04T02:48:37Z list
2026-05-04T02:50:14Z list
2026-05-04T02:51:49Z list
2026-05-04T02:53:23Z list
2026-05-04T02:55:00Z list
2026-05-04T02:56:37Z list
2026-05-04T02:58:11Z list
2026-05-04T02:59:45Z list
2026-05-04T03:01:22Z list
2026-05-04T03:02:57Z list
2026-05-04T03:04:31Z list
2026-05-04T03:06:08Z list
2026-05-04T03:07:44Z list
2026-05-04T03:09:19Z list
2026-05-04T03:10:53Z list
2026-05-04T03:12:30Z list
2026-05-04T03:14:06Z list
2026-05-04T03:15:41Z list
2026-05-04T03:17:22Z list
2026-05-04T03:18:58Z list
2026-05-04T03:20:32Z list
2026-05-04T03:22:07Z list
2026-05-04T03:23:44Z list
2026-05-04T03:25:19Z list
2026-05-04T03:26:53Z list
2026-05-04T03:28:31Z list
2026-05-04T03:30:09Z list
2026-05-04T03:31:45Z list
2026-05-04T03:33:19Z list
2026-05-04T03:35:01Z list
2026-05-04T03:36:38Z list
2026-05-04T03:38:14Z list
2026-05-04T03:39:49Z list
2026-05-04T03:41:26Z list
2026-05-04T03:43:00Z list
2026-05-04T03:44:35Z list
2026-05-04T03:46:12Z list
2026-05-04T03:47:51Z list
2026-05-04T03:49:25Z list
2026-05-04T03:51:03Z list
2026-05-04T03:52:37Z list
2026-05-04T03:54:12Z list
2026-05-04T03:55:46Z list
2026-05-04T03:57:24Z list
2026-05-04T03:58:59Z list
2026-05-04T04:00:33Z list
2026-05-04T04:02:11Z list
2026-05-04T04:03:46Z list
2026-05-04T04:05:20Z list
2026-05-04T04:06:55Z list
2026-05-04T04:08:32Z list
2026-05-04T04:10:07Z list
2026-05-04T04:11:42Z list
2026-05-04T04:13:19Z list
2026-05-04T04:14:54Z list
2026-05-04T04:16:31Z list
2026-05-04T04:18:09Z list
2026-05-04T04:19:47Z list
2026-05-04T04:21:21Z list
2026-05-04T04:22:56Z list
2026-05-04T04:24:33Z list
2026-05-04T04:26:08Z list
2026-05-04T04:27:43Z list
2026-05-04T04:29:18Z list
2026-05-04T04:30:57Z list
2026-05-04T04:32:33Z list
2026-05-04T04:34:07Z list
2026-05-04T04:35:46Z list
2026-05-04T04:37:22Z list
2026-05-04T04:38:57Z list
2026-05-04T04:40:33Z list
2026-05-04T04:42:11Z list
2026-05-04T04:43:45Z list
2026-05-04T04:45:20Z list
2026-05-04T04:46:58Z list
2026-05-04T04:48:37Z list
2026-05-04T04:50:11Z list
2026-05-04T04:51:48Z list
2026-05-04T04:53:24Z list
2026-05-04T04:54:58Z list
2026-05-04T04:56:33Z list
2026-05-04T04:58:10Z list
2026-05-04T04:59:45Z list
2026-05-04T05:01:19Z list
2026-05-04T05:02:55Z list
2026-05-04T05:04:31Z list
2026-05-04T05:06:06Z list
2026-05-04T05:07:40Z list
2026-05-04T05:09:17Z list
2026-05-04T05:10:52Z list
2026-05-04T05:12:26Z list
2026-05-04T05:14:02Z list
2026-05-04T05:15:38Z list
2026-05-04T05:17:17Z list
2026-05-04T05:18:56Z list
2026-05-04T05:20:34Z list
2026-05-04T05:22:09Z list
2026-05-04T05:23:43Z list
2026-05-04T05:25:22Z list
2026-05-04T05:26:57Z list
2026-05-04T05:28:34Z list
2026-05-04T05:30:09Z list
2026-05-04T05:31:47Z list
2026-05-04T05:33:22Z list
2026-05-04T05:34:59Z list
2026-05-04T05:36:39Z list
2026-05-04T05:38:16Z list
2026-05-04T05:39:51Z list
2026-05-04T05:41:27Z list
2026-05-04T05:43:04Z list
2026-05-04T05:44:39Z list
2026-05-04T05:46:13Z list
2026-05-04T05:47:51Z list
2026-05-04T05:49:29Z list
2026-05-04T05:51:04Z list
2026-05-04T05:52:39Z list
2026-05-04T05:54:15Z list
2026-05-04T05:55:50Z list
2026-05-04T05:57:24Z list
2026-05-04T05:59:02Z list
2026-05-04T06:00:37Z list
2026-05-04T06:02:11Z list
2026-05-04T06:03:47Z list
2026-05-04T06:05:23Z list
2026-05-04T06:06:57Z list
2026-05-04T06:08:32Z list
2026-05-04T06:10:10Z list
2026-05-04T06:11:46Z list
2026-05-04T06:13:20Z list
2026-05-04T06:14:58Z list
2026-05-04T06:16:34Z list
2026-05-04T06:18:11Z list
2026-05-04T06:19:51Z list
2026-05-04T06:21:27Z list
2026-05-04T06:23:02Z list
2026-05-04T06:24:36Z list
2026-05-04T06:26:13Z list
2026-05-04T06:27:48Z list
2026-05-04T06:29:24Z list
2026-05-04T06:31:00Z list
2026-05-04T06:32:39Z list
2026-05-04T06:34:14Z list
2026-05-04T06:35:49Z list
2026-05-04T06:37:29Z list
2026-05-04T06:39:04Z list
2026-05-04T06:40:40Z list
2026-05-04T06:42:17Z list
2026-05-04T06:43:54Z list
2026-05-04T06:45:29Z list
2026-05-04T06:47:03Z list
2026-05-04T06:48:41Z list
2026-05-04T06:50:20Z list
2026-05-04T06:51:54Z list
2026-05-04T06:53:30Z list
2026-05-04T06:55:06Z list
2026-05-04T06:56:40Z list
2026-05-04T06:58:15Z list
2026-05-04T06:59:52Z list
2026-05-04T07:01:30Z list
2026-05-04T07:03:05Z list
2026-05-04T07:04:43Z list
2026-05-04T07:06:18Z list
2026-05-04T07:07:53Z list
2026-05-04T07:09:27Z list
2026-05-04T07:11:03Z list
2026-05-04T07:12:37Z list
2026-05-04T07:14:12Z list
2026-05-04T07:15:49Z list
2026-05-04T07:17:24Z list
2026-05-04T07:19:01Z list
2026-05-04T07:20:40Z list
2026-05-04T07:22:18Z list
2026-05-04T07:23:53Z list
2026-05-04T07:25:27Z list
2026-05-04T07:27:04Z list
2026-05-04T07:28:41Z list
2026-05-04T07:30:16Z list
2026-05-04T07:31:53Z list
2026-05-04T07:33:31Z list
2026-05-04T07:35:07Z list
2026-05-04T07:36:43Z list
2026-05-04T07:38:22Z list
2026-05-04T07:39:57Z list
2026-05-04T07:41:32Z list
2026-05-04T07:43:09Z list
2026-05-04T07:44:45Z list
2026-05-04T07:46:20Z list
2026-05-04T07:47:55Z list
2026-05-04T07:49:32Z list
2026-05-04T07:51:11Z list
2026-05-04T07:52:45Z list
2026-05-04T07:54:21Z list
2026-05-04T07:55:57Z list
2026-05-04T07:57:32Z list
2026-05-04T07:59:06Z list
2026-05-04T08:00:43Z list
2026-05-04T08:02:18Z list
2026-05-04T08:03:52Z list
2026-05-04T08:05:28Z list
2026-05-04T08:07:04Z list
2026-05-04T08:08:39Z list
2026-05-04T08:10:13Z list
2026-05-04T08:11:50Z list
2026-05-04T08:13:25Z list
2026-05-04T08:14:59Z list
2026-05-04T08:16:35Z list
2026-05-04T08:18:12Z list
2026-05-04T08:19:46Z list
2026-05-04T08:21:26Z list
2026-05-04T08:23:04Z list
2026-05-04T08:24:38Z list
2026-05-04T08:26:13Z list
2026-05-04T08:27:49Z list
2026-05-04T08:29:27Z list
2026-05-04T08:31:03Z list
2026-05-04T08:32:38Z list
2026-05-04T08:34:15Z list
2026-05-04T08:35:52Z list
2026-05-04T08:37:28Z list
2026-05-04T08:39:06Z list
2026-05-04T08:40:42Z list
2026-05-04T08:42:16Z list
2026-05-04T08:43:51Z list
2026-05-04T08:45:29Z list
2026-05-04T08:47:04Z list
2026-05-04T08:48:39Z list
2026-05-04T08:50:17Z list
2026-05-04T08:51:57Z list
2026-05-04T08:53:31Z list
2026-05-04T08:55:07Z list
2026-05-04T08:56:44Z list
2026-05-04T08:58:19Z list
2026-05-04T08:59:53Z list
2026-05-04T09:01:30Z list
2026-05-04T09:03:05Z list
2026-05-04T09:04:39Z list
2026-05-04T09:06:15Z list
2026-05-04T09:07:53Z list
2026-05-04T09:09:27Z list
2026-05-04T09:11:02Z list
2026-05-04T09:12:39Z list
2026-05-04T09:14:14Z list
2026-05-04T09:15:49Z list
2026-05-04T09:17:24Z list
2026-05-04T09:19:02Z list
2026-05-04T09:20:37Z list
2026-05-04T09:22:18Z list
2026-05-04T09:23:57Z list
2026-05-04T09:25:32Z list
2026-05-04T09:27:06Z list
2026-05-04T09:28:43Z list
2026-05-04T09:30:21Z list
2026-05-04T09:31:56Z list
2026-05-04T09:33:31Z list
2026-05-04T09:35:08Z list
2026-05-04T09:36:45Z list
2026-05-04T09:38:22Z list
2026-05-04T09:39:58Z list
2026-05-04T09:41:35Z list
2026-05-04T09:43:09Z list
2026-05-04T09:44:44Z list
2026-05-04T09:46:21Z list
2026-05-04T09:47:56Z list
2026-05-04T09:49:31Z list
2026-05-04T09:51:10Z list
2026-05-04T09:52:49Z list
2026-05-04T09:54:23Z list
2026-05-04T09:55:58Z list
2026-05-04T09:57:34Z list
2026-05-04T09:59:09Z list
2026-05-04T10:00:44Z list
2026-05-04T10:02:21Z list
2026-05-04T10:03:57Z list
2026-05-04T10:05:33Z list
2026-05-04T10:07:08Z list
2026-05-04T10:08:46Z list
2026-05-04T10:10:21Z list
2026-05-04T10:11:55Z list
2026-05-04T10:13:33Z list
2026-05-04T10:15:08Z list
2026-05-04T10:16:43Z list
2026-05-04T10:18:17Z list
2026-05-04T10:19:55Z list
2026-05-04T10:21:30Z list
2026-05-04T10:23:11Z list
2026-05-04T10:24:50Z list
2026-05-04T10:26:25Z list
2026-05-04T10:28:00Z list
2026-05-04T10:29:36Z list
2026-05-04T10:31:15Z list
2026-05-04T10:32:50Z list
2026-05-04T10:34:25Z list
2026-05-04T10:36:04Z list
2026-05-04T10:37:40Z list
2026-05-04T10:39:16Z list
2026-05-04T10:40:53Z list
2026-05-04T10:42:30Z list
2026-05-04T10:44:05Z list
2026-05-04T10:45:39Z list
2026-05-04T10:47:16Z list
2026-05-04T10:48:51Z list
2026-05-04T10:50:26Z list
2026-05-04T10:52:02Z list
2026-05-04T10:53:46Z list
2026-05-04T10:55:21Z list
2026-05-04T10:56:56Z list
2026-05-04T10:58:33Z list
2026-05-04T11:00:08Z list
2026-05-04T11:01:42Z list
2026-05-04T11:03:19Z list
2026-05-04T11:04:55Z list
2026-05-04T11:06:30Z list
2026-05-04T11:08:04Z list
2026-05-04T11:09:41Z list
2026-05-04T11:11:16Z list
2026-05-04T11:12:51Z list
2026-05-04T11:14:27Z list
2026-05-04T11:16:04Z list
2026-05-04T11:17:38Z list
2026-05-04T11:19:12Z list
2026-05-04T11:20:49Z list
2026-05-04T11:22:24Z list
2026-05-04T11:24:04Z list
2026-05-04T11:25:43Z list
2026-05-04T11:27:19Z list
2026-05-04T11:28:56Z list
2026-05-04T11:30:33Z list
2026-05-04T11:32:11Z list
2026-05-04T11:33:46Z list
2026-05-04T11:35:22Z list
2026-05-04T11:36:59Z list
2026-05-04T11:38:36Z list
2026-05-04T11:40:11Z list
2026-05-04T11:41:47Z list
2026-05-04T11:43:24Z list
2026-05-04T11:45:00Z list
2026-05-04T11:46:35Z list
2026-05-04T11:48:12Z list
2026-05-04T11:49:47Z list
2026-05-04T11:51:22Z list
2026-05-04T11:52:57Z list
2026-05-04T11:54:39Z list
2026-05-04T11:56:13Z list
2026-05-04T11:57:47Z list
2026-05-04T11:59:25Z list
2026-05-04T12:01:00Z list
2026-05-04T12:02:35Z list
2026-05-04T12:04:10Z list
2026-05-04T12:05:48Z list
2026-05-04T12:07:23Z list
2026-05-04T12:08:57Z list
2026-05-04T12:10:35Z list
2026-05-04T12:12:10Z list
2026-05-04T12:13:45Z list
2026-05-04T12:15:20Z list
2026-05-04T12:16:58Z list
2026-05-04T12:18:32Z list
2026-05-04T12:20:07Z list
2026-05-04T12:21:44Z list
2026-05-04T12:23:21Z list
2026-05-04T12:24:59Z list
2026-05-04T12:26:38Z list
2026-05-04T12:28:16Z list
2026-05-04T12:29:51Z list
2026-05-04T12:31:27Z list
2026-05-04T12:33:04Z list
2026-05-04T12:34:40Z list
2026-05-04T12:36:16Z list
2026-05-04T12:37:53Z list
2026-05-04T12:39:30Z list
2026-05-04T12:41:05Z list
2026-05-04T12:42:40Z list
2026-05-04T12:44:17Z list
2026-05-04T12:45:52Z list
2026-05-04T12:47:26Z list
2026-05-04T12:49:03Z list
2026-05-04T12:50:40Z list
2026-05-04T12:52:18Z list
2026-05-04T12:53:53Z list
2026-05-04T12:55:34Z list
2026-05-04T12:57:10Z list
2026-05-04T12:58:45Z list
2026-05-04T13:00:21Z list
2026-05-04T13:02:01Z list
2026-05-04T13:03:36Z list
2026-05-04T13:05:12Z list
2026-05-04T13:06:50Z list
2026-05-04T13:08:26Z list
2026-05-04T13:10:00Z list
2026-05-04T13:11:38Z list
2026-05-04T13:13:14Z list
2026-05-04T13:14:49Z list
2026-05-04T13:16:23Z list
2026-05-04T13:18:00Z list
2026-05-04T13:19:35Z list
2026-05-04T13:21:10Z list
2026-05-04T13:22:46Z list
2026-05-04T13:24:22Z list
2026-05-04T13:26:00Z list
2026-05-04T13:27:38Z list
2026-05-04T13:29:17Z list
2026-05-04T13:30:53Z list
2026-05-04T13:32:28Z list
2026-05-04T13:34:07Z list
2026-05-04T13:35:44Z list
2026-05-04T13:37:20Z list
2026-05-04T13:38:55Z list
2026-05-04T13:40:33Z list
2026-05-04T13:42:09Z list
2026-05-04T13:43:44Z list
2026-05-04T13:45:21Z list
2026-05-04T13:46:56Z list
2026-05-04T13:48:31Z list
2026-05-04T13:50:06Z list
2026-05-04T13:51:44Z list
2026-05-04T13:53:19Z list
2026-05-04T13:54:53Z list
2026-05-04T13:56:35Z list
2026-05-04T13:58:10Z list
2026-05-04T13:59:44Z list
2026-05-04T14:01:19Z list
2026-05-04T14:02:57Z list
2026-05-04T14:04:32Z list
2026-05-04T14:06:06Z list
2026-05-04T14:07:43Z list
2026-05-04T14:09:18Z list
2026-05-04T14:10:53Z list
2026-05-04T14:12:30Z list
2026-05-04T14:14:08Z list
2026-05-04T14:15:44Z list
2026-05-04T14:17:20Z list
2026-05-04T14:19:00Z list
2026-05-04T14:20:37Z list
2026-05-04T14:22:19Z list
2026-05-04T14:24:03Z list
2026-05-04T14:25:43Z list
2026-05-04T14:27:27Z list
2026-05-04T14:29:09Z list
2026-05-04T14:30:51Z list
2026-05-04T14:32:28Z list
2026-05-04T14:34:04Z list
2026-05-04T14:35:48Z list
2026-05-04T14:37:29Z list
2026-05-04T14:39:08Z list
2026-05-04T14:41:05Z list
2026-05-04T14:42:52Z list
2026-05-04T14:44:29Z list
2026-05-04T14:46:07Z list
2026-05-04T14:47:49Z list
2026-05-04T14:49:27Z list
2026-05-04T14:51:04Z list
2026-05-04T14:52:45Z list
2026-05-04T14:54:22Z list
2026-05-04T14:56:00Z list
2026-05-04T14:57:43Z list
2026-05-04T14:59:25Z list
2026-05-04T15:01:01Z list
2026-05-04T15:02:37Z list
2026-05-04T15:04:16Z list
2026-05-04T15:05:52Z list
2026-05-04T15:07:27Z list
2026-05-04T15:09:04Z list
2026-05-04T15:10:42Z list
2026-05-04T15:12:18Z list
2026-05-04T15:13:53Z list
2026-05-04T15:15:32Z list
2026-05-04T15:17:08Z list
2026-05-04T15:18:43Z list
2026-05-04T15:20:21Z list
2026-05-04T15:21:59Z list
2026-05-04T15:23:34Z list
2026-05-04T15:25:09Z list
2026-05-04T15:26:47Z list
2026-05-04T15:28:28Z list
2026-05-04T15:30:09Z list
2026-05-04T15:31:50Z list
2026-05-04T15:33:28Z list
2026-05-04T15:35:06Z list
2026-05-04T15:36:43Z list
2026-05-04T15:38:31Z list
2026-05-04T15:40:14Z list
2026-05-04T15:41:53Z list
2026-05-05T16:39:18Z show
2026-05-05T16:39:18Z list
2026-05-05T16:39:18Z add
2026-05-05T16:39:18Z show
2026-05-05T16:39:18Z list
2026-05-05T16:39:18Z add
2026-05-05T16:39:18Z show
2026-05-05T16:39:18Z list
2026-05-05T16:39:18Z add
2026-05-05T17:39:46Z ready
2026-05-05T18:06:42Z show
2026-05-05T18:06:42Z list
2026-05-05T18:06:42Z add
2026-05-05T18:06:42Z show
2026-05-05T18:06:42Z list
2026-05-05T18:06:42Z add
2026-05-05T18:06:42Z show
2026-05-05T18:06:42Z list
2026-05-05T18:06:42Z add
2026-05-05T18:06:42Z ready
2026-05-05T19:00:13Z show
2026-05-05T19:00:13Z list
2026-05-05T19:00:13Z add
2026-05-05T19:00:13Z show
2026-05-05T19:00:13Z list
2026-05-05T19:00:13Z add
2026-05-05T19:00:13Z show
2026-05-05T19:00:13Z list
2026-05-05T19:00:13Z add
2026-05-05T19:00:13Z ready
2026-05-05T19:19:45Z show
2026-05-05T19:19:45Z list
2026-05-05T19:19:45Z add
2026-05-05T19:19:45Z show
2026-05-05T19:19:45Z list
2026-05-05T19:19:45Z add
2026-05-05T19:19:45Z show
2026-05-05T19:19:45Z list
2026-05-05T19:19:45Z add
2026-05-05T19:19:45Z ready
2026-05-05T19:35:58Z show
2026-05-05T19:35:59Z list
2026-05-05T19:35:59Z add
2026-05-05T19:35:59Z show
2026-05-05T19:35:59Z list
2026-05-05T19:35:59Z add
2026-05-05T19:35:59Z show
2026-05-05T19:35:59Z list
2026-05-05T19:35:59Z add
2026-05-05T19:35:59Z ready
2026-05-05T19:51:25Z show
2026-05-05T19:51:25Z list
2026-05-05T19:51:25Z add
2026-05-05T19:51:25Z show
2026-05-05T19:51:25Z list
2026-05-05T19:51:25Z add
2026-05-05T19:51:25Z show
2026-05-05T19:51:25Z list
2026-05-05T19:51:25Z add
2026-05-05T19:51:25Z ready
2026-05-05T20:06:23Z show
2026-05-05T20:06:23Z list
2026-05-05T20:06:23Z add
2026-05-05T20:06:23Z show
2026-05-05T20:06:23Z list
2026-05-05T20:06:23Z add
2026-05-05T20:06:24Z show
2026-05-05T20:06:24Z list
2026-05-05T20:06:24Z add
2026-05-05T20:06:24Z ready
2026-05-05T20:21:19Z show
2026-05-05T20:21:19Z list
2026-05-05T20:21:19Z add
2026-05-05T20:21:19Z show
2026-05-05T20:21:19Z list
2026-05-05T20:21:19Z add
2026-05-05T20:21:19Z show
2026-05-05T20:21:19Z list
2026-05-05T20:21:19Z add
2026-05-05T20:21:19Z ready
2026-05-05T20:36:09Z show
2026-05-05T20:36:09Z list
2026-05-05T20:36:09Z add
2026-05-05T20:36:09Z show
2026-05-05T20:36:09Z list
2026-05-05T20:36:09Z add
2026-05-05T20:36:09Z show
2026-05-05T20:36:09Z list
2026-05-05T20:36:09Z add
2026-05-05T20:36:09Z ready
2026-05-05T20:49:28Z show
2026-05-05T20:49:28Z list
2026-05-05T20:49:28Z add
2026-05-05T20:49:28Z show
2026-05-05T20:49:28Z list
2026-05-05T20:49:28Z add
2026-05-05T20:49:28Z show
2026-05-05T20:49:28Z list
2026-05-05T20:49:28Z add
2026-05-05T20:49:28Z ready
2026-05-05T21:01:44Z show
2026-05-05T21:01:44Z list
2026-05-05T21:01:44Z add
2026-05-05T21:01:44Z show
2026-05-05T21:01:44Z list
2026-05-05T21:01:44Z add
2026-05-05T21:01:44Z show
2026-05-05T21:01:44Z list
2026-05-05T21:01:44Z add
2026-05-05T21:01:44Z ready
2026-05-05T21:14:16Z show
2026-05-05T21:14:16Z list
2026-05-05T21:14:16Z add
2026-05-05T21:14:16Z show
2026-05-05T21:14:16Z list
2026-05-05T21:14:16Z add
2026-05-05T21:14:16Z show
2026-05-05T21:14:17Z list
2026-05-05T21:14:17Z add
2026-05-05T21:14:17Z ready
2026-05-05T22:26:41Z show
2026-05-05T22:26:41Z list
2026-05-05T22:26:41Z add
2026-05-05T22:26:41Z show
2026-05-05T22:26:41Z list
2026-05-05T22:26:41Z add
2026-05-05T22:26:41Z show
2026-05-05T22:26:41Z list
2026-05-05T22:26:41Z add
2026-05-05T22:26:42Z ready
2026-05-05T22:39:43Z show
2026-05-05T22:39:43Z list
2026-05-05T22:39:43Z add
2026-05-05T22:39:43Z show
2026-05-05T22:39:43Z list
2026-05-05T22:39:43Z add
2026-05-05T22:39:43Z show
2026-05-05T22:39:43Z list
2026-05-05T22:39:43Z add
2026-05-05T22:39:44Z ready
2026-05-05T22:49:48Z show
2026-05-05T22:49:48Z list
2026-05-05T22:49:48Z add
2026-05-05T22:49:48Z show
2026-05-05T22:49:48Z list
2026-05-05T22:49:48Z add
2026-05-05T22:49:48Z show
2026-05-05T22:49:48Z list
2026-05-05T22:49:48Z add
2026-05-05T22:49:49Z ready
2026-05-05T23:57:48Z show
2026-05-05T23:57:48Z list
2026-05-05T23:57:48Z add
2026-05-05T23:57:48Z show
2026-05-05T23:57:48Z list
2026-05-05T23:57:48Z add
2026-05-05T23:57:48Z show
2026-05-05T23:57:48Z list
2026-05-05T23:57:48Z add
2026-05-05T23:57:48Z ready
2026-05-06T00:05:13Z show
2026-05-06T00:05:13Z list
2026-05-06T00:05:13Z add
2026-05-06T00:05:13Z show
2026-05-06T00:05:13Z list
2026-05-06T00:05:13Z add
2026-05-06T00:05:13Z show
2026-05-06T00:05:13Z list
2026-05-06T00:05:13Z add
2026-05-06T00:05:20Z ready
2026-05-06T00:12:52Z show
2026-05-06T00:12:52Z list
2026-05-06T00:12:52Z add
2026-05-06T00:12:52Z show
2026-05-06T00:12:52Z list
2026-05-06T00:12:52Z add
2026-05-06T00:12:52Z show
2026-05-06T00:12:52Z list
2026-05-06T00:12:52Z add
2026-05-06T00:12:52Z ready
2026-05-06T00:20:12Z show
2026-05-06T00:20:12Z list
2026-05-06T00:20:12Z add
2026-05-06T00:20:12Z show
2026-05-06T00:20:12Z list
2026-05-06T00:20:12Z add
2026-05-06T00:20:12Z show
2026-05-06T00:20:12Z list
2026-05-06T00:20:12Z add
2026-05-06T00:20:12Z ready
2026-05-06T00:27:36Z show
2026-05-06T00:27:36Z list
2026-05-06T00:27:36Z add
2026-05-06T00:27:36Z show
2026-05-06T00:27:36Z list
2026-05-06T00:27:36Z add
2026-05-06T00:27:36Z show
2026-05-06T00:27:36Z list
2026-05-06T00:27:36Z add
2026-05-06T00:27:36Z ready
2026-05-06T00:34:27Z show
2026-05-06T00:34:27Z list
2026-05-06T00:34:27Z add
2026-05-06T00:34:27Z show
2026-05-06T00:34:27Z list
2026-05-06T00:34:27Z add
2026-05-06T00:34:27Z show
2026-05-06T00:34:27Z list
2026-05-06T00:34:27Z add
2026-05-06T00:34:27Z ready
2026-05-06T00:40:37Z show
2026-05-06T00:40:37Z list
2026-05-06T00:40:37Z add
2026-05-06T00:40:37Z show
2026-05-06T00:40:37Z list
2026-05-06T00:40:37Z add
2026-05-06T00:40:37Z show
2026-05-06T00:40:37Z list
2026-05-06T00:40:37Z add
2026-05-06T00:40:38Z ready
2026-05-06T00:46:24Z show
2026-05-06T00:46:24Z list
2026-05-06T00:46:24Z add
2026-05-06T00:46:24Z show
2026-05-06T00:46:24Z list
2026-05-06T00:46:24Z add
2026-05-06T00:46:24Z show
2026-05-06T00:46:24Z list
2026-05-06T00:46:24Z add
2026-05-06T00:46:24Z ready
2026-05-06T00:52:14Z show
2026-05-06T00:52:14Z list
2026-05-06T00:52:14Z add
2026-05-06T00:52:14Z show
2026-05-06T00:52:14Z list
2026-05-06T00:52:14Z add
2026-05-06T00:52:14Z show
2026-05-06T00:52:14Z list
2026-05-06T00:52:14Z add
2026-05-06T00:52:15Z ready
2026-05-06T00:58:06Z show
2026-05-06T00:58:06Z list
2026-05-06T00:58:06Z add
2026-05-06T00:58:06Z show
2026-05-06T00:58:06Z list
2026-05-06T00:58:06Z add
2026-05-06T00:58:06Z show
2026-05-06T00:58:06Z list
2026-05-06T00:58:06Z add
2026-05-06T00:58:06Z ready
2026-05-06T01:04:00Z show
2026-05-06T01:04:00Z list
2026-05-06T01:04:00Z add
2026-05-06T01:04:00Z show
2026-05-06T01:04:00Z list
2026-05-06T01:04:00Z add
2026-05-06T01:04:00Z show
2026-05-06T01:04:00Z list
2026-05-06T01:04:00Z add
2026-05-06T01:04:00Z ready
2026-05-06T01:09:50Z show
2026-05-06T01:09:50Z list
2026-05-06T01:09:50Z add
2026-05-06T01:09:50Z show
2026-05-06T01:09:50Z list
2026-05-06T01:09:50Z add
2026-05-06T01:09:50Z show
2026-05-06T01:09:50Z list
2026-05-06T01:09:50Z add
2026-05-06T01:09:50Z ready
2026-05-06T01:15:44Z show
2026-05-06T01:15:44Z list
2026-05-06T01:15:45Z add
2026-05-06T01:15:45Z show
2026-05-06T01:15:45Z list
2026-05-06T01:15:45Z add
2026-05-06T01:15:45Z show
2026-05-06T01:15:45Z list
2026-05-06T01:15:45Z add
2026-05-06T01:15:45Z ready
2026-05-06T01:21:36Z show
2026-05-06T01:21:36Z list
2026-05-06T01:21:36Z add
2026-05-06T01:21:36Z show
2026-05-06T01:21:36Z list
2026-05-06T01:21:36Z add
2026-05-06T01:21:36Z show
2026-05-06T01:21:36Z list
2026-05-06T01:21:36Z add
2026-05-06T01:21:36Z ready
2026-05-06T01:27:30Z show
2026-05-06T01:27:30Z list
2026-05-06T01:27:30Z add
2026-05-06T01:27:30Z show
2026-05-06T01:27:30Z list
2026-05-06T01:27:30Z add
2026-05-06T01:27:30Z show
2026-05-06T01:27:30Z list
2026-05-06T01:27:30Z add
2026-05-06T01:27:31Z ready
2026-05-06T01:33:24Z show
2026-05-06T01:33:24Z list
2026-05-06T01:33:24Z add
2026-05-06T01:33:24Z show
2026-05-06T01:33:24Z list
2026-05-06T01:33:24Z add
2026-05-06T01:33:24Z show
2026-05-06T01:33:24Z list
2026-05-06T01:33:24Z add
2026-05-06T01:33:24Z ready
2026-05-06T01:39:23Z show
2026-05-06T01:39:23Z list
2026-05-06T01:39:23Z add
2026-05-06T01:39:23Z show
2026-05-06T01:39:23Z list
2026-05-06T01:39:23Z add
2026-05-06T01:39:23Z show
2026-05-06T01:39:23Z list
2026-05-06T01:39:23Z add
2026-05-06T01:39:23Z ready
2026-05-06T01:45:13Z show
2026-05-06T01:45:13Z list
2026-05-06T01:45:13Z add
2026-05-06T01:45:13Z show
2026-05-06T01:45:13Z list
2026-05-06T01:45:13Z add
2026-05-06T01:45:13Z show
2026-05-06T01:45:13Z list
2026-05-06T01:45:13Z add
2026-05-06T01:45:14Z ready
2026-05-06T01:51:11Z show
2026-05-06T01:51:11Z list
2026-05-06T01:51:11Z add
2026-05-06T01:51:11Z show
2026-05-06T01:51:12Z list
2026-05-06T01:51:12Z add
2026-05-06T01:51:12Z show
2026-05-06T01:51:12Z list
2026-05-06T01:51:12Z add
2026-05-06T01:51:12Z ready
2026-05-06T01:57:10Z show
2026-05-06T01:57:10Z list
2026-05-06T01:57:10Z add
2026-05-06T01:57:10Z show
2026-05-06T01:57:10Z list
2026-05-06T01:57:10Z add
2026-05-06T01:57:10Z show
2026-05-06T01:57:10Z list
2026-05-06T01:57:10Z add
2026-05-06T01:57:10Z ready
2026-05-06T02:03:10Z show
2026-05-06T02:03:10Z list
2026-05-06T02:03:10Z add
2026-05-06T02:03:10Z show
2026-05-06T02:03:10Z list
2026-05-06T02:03:10Z add
2026-05-06T02:03:10Z show
2026-05-06T02:03:10Z list
2026-05-06T02:03:10Z add
2026-05-06T02:03:10Z ready
2026-05-06T02:09:07Z show
2026-05-06T02:09:07Z list
2026-05-06T02:09:07Z add
2026-05-06T02:09:07Z show
2026-05-06T02:09:07Z list
2026-05-06T02:09:07Z add
2026-05-06T02:09:07Z show
2026-05-06T02:09:07Z list
2026-05-06T02:09:07Z add
2026-05-06T02:09:07Z ready
2026-05-06T02:15:05Z show
2026-05-06T02:15:05Z list
2026-05-06T02:15:05Z add
2026-05-06T02:15:05Z show
2026-05-06T02:15:05Z list
2026-05-06T02:15:05Z add
2026-05-06T02:15:05Z show
2026-05-06T02:15:05Z list
2026-05-06T02:15:05Z add
2026-05-06T02:15:05Z ready
2026-05-06T02:20:57Z show
2026-05-06T02:20:57Z list
2026-05-06T02:20:57Z add
2026-05-06T02:20:57Z show
2026-05-06T02:20:57Z list
2026-05-06T02:20:57Z add
2026-05-06T02:20:57Z show
2026-05-06T02:20:57Z list
2026-05-06T02:20:57Z add
2026-05-06T02:20:57Z ready
2026-05-06T02:26:55Z show
2026-05-06T02:26:55Z list
2026-05-06T02:26:55Z add
2026-05-06T02:26:55Z show
2026-05-06T02:26:55Z list
2026-05-06T02:26:55Z add
2026-05-06T02:26:55Z show
2026-05-06T02:26:55Z list
2026-05-06T02:26:55Z add
2026-05-06T02:26:55Z ready
2026-05-06T02:32:43Z show
2026-05-06T02:32:43Z list
2026-05-06T02:32:43Z add
2026-05-06T02:32:43Z show
2026-05-06T02:32:43Z list
2026-05-06T02:32:43Z add
2026-05-06T02:32:43Z show
2026-05-06T02:32:43Z list
2026-05-06T02:32:43Z add
2026-05-06T02:32:44Z ready
2026-05-06T02:38:37Z show
2026-05-06T02:38:37Z list
2026-05-06T02:38:37Z add
2026-05-06T02:38:37Z show
2026-05-06T02:38:37Z list
2026-05-06T02:38:37Z add
2026-05-06T02:38:37Z show
2026-05-06T02:38:37Z list
2026-05-06T02:38:37Z add
2026-05-06T02:38:37Z ready
2026-05-06T02:44:31Z show
2026-05-06T02:44:31Z list
2026-05-06T02:44:31Z add
2026-05-06T02:44:31Z show
2026-05-06T02:44:31Z list
2026-05-06T02:44:31Z add
2026-05-06T02:44:31Z show
2026-05-06T02:44:31Z list
2026-05-06T02:44:31Z add
2026-05-06T02:44:32Z ready
2026-05-06T02:50:29Z show
2026-05-06T02:50:29Z list
2026-05-06T02:50:29Z add
2026-05-06T02:50:29Z show
2026-05-06T02:50:29Z list
2026-05-06T02:50:29Z add
2026-05-06T02:50:29Z show
2026-05-06T02:50:29Z list
2026-05-06T02:50:29Z add
2026-05-06T02:50:29Z ready
2026-05-06T02:56:26Z show
2026-05-06T02:56:26Z list
2026-05-06T02:56:26Z add
2026-05-06T02:56:26Z show
2026-05-06T02:56:26Z list
2026-05-06T02:56:26Z add
2026-05-06T02:56:26Z show
2026-05-06T02:56:26Z list
2026-05-06T02:56:26Z add
2026-05-06T02:56:26Z ready
2026-05-06T03:02:27Z show
2026-05-06T03:02:27Z list
2026-05-06T03:02:27Z add
2026-05-06T03:02:27Z show
2026-05-06T03:02:27Z list
2026-05-06T03:02:27Z add
2026-05-06T03:02:27Z show
2026-05-06T03:02:27Z list
2026-05-06T03:02:27Z add
2026-05-06T03:02:27Z ready
2026-05-06T03:08:19Z show
2026-05-06T03:08:19Z list
2026-05-06T03:08:19Z add
2026-05-06T03:08:19Z show
2026-05-06T03:08:19Z list
2026-05-06T03:08:19Z add
2026-05-06T03:08:19Z show
2026-05-06T03:08:19Z list
2026-05-06T03:08:19Z add
2026-05-06T03:08:20Z ready
2026-05-06T03:14:15Z show
2026-05-06T03:14:15Z list
2026-05-06T03:14:15Z add
2026-05-06T03:14:15Z show
2026-05-06T03:14:15Z list
2026-05-06T03:14:15Z add
2026-05-06T03:14:15Z show
2026-05-06T03:14:15Z list
2026-05-06T03:14:15Z add
2026-05-06T03:14:15Z ready
2026-05-06T03:20:10Z show
2026-05-06T03:20:10Z list
2026-05-06T03:20:10Z add
2026-05-06T03:20:10Z show
2026-05-06T03:20:10Z list
2026-05-06T03:20:10Z add
2026-05-06T03:20:10Z show
2026-05-06T03:20:10Z list
2026-05-06T03:20:10Z add
2026-05-06T03:20:10Z ready
2026-05-06T03:26:04Z show
2026-05-06T03:26:04Z list
2026-05-06T03:26:04Z add
2026-05-06T03:26:04Z show
2026-05-06T03:26:04Z list
2026-05-06T03:26:05Z add
2026-05-06T03:26:05Z show
2026-05-06T03:26:05Z list
2026-05-06T03:26:05Z add
2026-05-06T03:26:05Z ready
2026-05-06T03:31:57Z show
2026-05-06T03:31:57Z list
2026-05-06T03:31:57Z add
2026-05-06T03:31:57Z show
2026-05-06T03:31:57Z list
2026-05-06T03:31:57Z add
2026-05-06T03:31:57Z show
2026-05-06T03:31:57Z list
2026-05-06T03:31:57Z add
2026-05-06T03:31:57Z ready
2026-05-06T03:37:50Z show
2026-05-06T03:37:50Z list
2026-05-06T03:37:50Z add
2026-05-06T03:37:50Z show
2026-05-06T03:37:50Z list
2026-05-06T03:37:50Z add
2026-05-06T03:37:50Z show
2026-05-06T03:37:50Z list
2026-05-06T03:37:50Z add
2026-05-06T03:37:50Z ready
2026-05-06T03:43:39Z show
2026-05-06T03:43:39Z list
2026-05-06T03:43:39Z add
2026-05-06T03:43:39Z show
2026-05-06T03:43:39Z list
2026-05-06T03:43:39Z add
2026-05-06T03:43:39Z show
2026-05-06T03:43:39Z list
2026-05-06T03:43:39Z add
2026-05-06T03:43:40Z ready
2026-05-06T03:49:34Z show
2026-05-06T03:49:34Z list
2026-05-06T03:49:34Z add
2026-05-06T03:49:34Z show
2026-05-06T03:49:34Z list
2026-05-06T03:49:34Z add
2026-05-06T03:49:34Z show
2026-05-06T03:49:34Z list
2026-05-06T03:49:34Z add
2026-05-06T03:49:34Z ready
2026-05-06T03:55:25Z show
2026-05-06T03:55:25Z list
2026-05-06T03:55:25Z add
2026-05-06T03:55:25Z show
2026-05-06T03:55:25Z list
2026-05-06T03:55:25Z add
2026-05-06T03:55:25Z show
2026-05-06T03:55:25Z list
2026-05-06T03:55:25Z add
2026-05-06T03:55:26Z ready
2026-05-06T04:01:19Z show
2026-05-06T04:01:19Z list
2026-05-06T04:01:19Z add
2026-05-06T04:01:19Z show
2026-05-06T04:01:19Z list
2026-05-06T04:01:19Z add
2026-05-06T04:01:19Z show
2026-05-06T04:01:19Z list
2026-05-06T04:01:19Z add
2026-05-06T04:01:19Z ready
2026-05-06T04:07:08Z show
2026-05-06T04:07:08Z list
2026-05-06T04:07:08Z add
2026-05-06T04:07:08Z show
2026-05-06T04:07:08Z list
2026-05-06T04:07:08Z add
2026-05-06T04:07:08Z show
2026-05-06T04:07:08Z list
2026-05-06T04:07:08Z add
2026-05-06T04:07:08Z ready
2026-05-06T04:13:02Z show
2026-05-06T04:13:02Z list
2026-05-06T04:13:02Z add
2026-05-06T04:13:02Z show
2026-05-06T04:13:02Z list
2026-05-06T04:13:02Z add
2026-05-06T04:13:02Z show
2026-05-06T04:13:02Z list
2026-05-06T04:13:02Z add
2026-05-06T04:13:02Z ready
2026-05-06T04:18:51Z show
2026-05-06T04:18:51Z list
2026-05-06T04:18:51Z add
2026-05-06T04:18:51Z show
2026-05-06T04:18:51Z list
2026-05-06T04:18:51Z add
2026-05-06T04:18:51Z show
2026-05-06T04:18:52Z list
2026-05-06T04:18:52Z add
2026-05-06T04:18:52Z ready
2026-05-06T04:24:46Z show
2026-05-06T04:24:46Z list
2026-05-06T04:24:46Z add
2026-05-06T04:24:46Z show
2026-05-06T04:24:46Z list
2026-05-06T04:24:46Z add
2026-05-06T04:24:46Z show
2026-05-06T04:24:46Z list
2026-05-06T04:24:46Z add
2026-05-06T04:24:47Z ready
2026-05-06T04:30:35Z show
2026-05-06T04:30:35Z list
2026-05-06T04:30:35Z add
2026-05-06T04:30:35Z show
2026-05-06T04:30:35Z list
2026-05-06T04:30:35Z add
2026-05-06T04:30:35Z show
2026-05-06T04:30:35Z list
2026-05-06T04:30:35Z add
2026-05-06T04:30:36Z ready
2026-05-06T04:36:29Z show
2026-05-06T04:36:29Z list
2026-05-06T04:36:29Z add
2026-05-06T04:36:29Z show
2026-05-06T04:36:29Z list
2026-05-06T04:36:29Z add
2026-05-06T04:36:29Z show
2026-05-06T04:36:29Z list
2026-05-06T04:36:29Z add
2026-05-06T04:36:29Z ready
2026-05-06T04:42:16Z show
2026-05-06T04:42:16Z list
2026-05-06T04:42:16Z add
2026-05-06T04:42:16Z show
2026-05-06T04:42:16Z list
2026-05-06T04:42:16Z add
2026-05-06T04:42:16Z show
2026-05-06T04:42:16Z list
2026-05-06T04:42:16Z add
2026-05-06T04:42:17Z ready
2026-05-06T04:48:13Z show
2026-05-06T04:48:13Z list
2026-05-06T04:48:13Z add
2026-05-06T04:48:13Z show
2026-05-06T04:48:13Z list
2026-05-06T04:48:13Z add
2026-05-06T04:48:13Z show
2026-05-06T04:48:13Z list
2026-05-06T04:48:13Z add
2026-05-06T04:48:13Z ready
2026-05-06T04:54:07Z show
2026-05-06T04:54:07Z list
2026-05-06T04:54:07Z add
2026-05-06T04:54:07Z show
2026-05-06T04:54:07Z list
2026-05-06T04:54:07Z add
2026-05-06T04:54:07Z show
2026-05-06T04:54:07Z list
2026-05-06T04:54:07Z add
2026-05-06T04:54:07Z ready
2026-05-06T05:00:07Z show
2026-05-06T05:00:07Z list
2026-05-06T05:00:07Z add
2026-05-06T05:00:07Z show
2026-05-06T05:00:07Z list
2026-05-06T05:00:07Z add
2026-05-06T05:00:07Z show
2026-05-06T05:00:07Z list
2026-05-06T05:00:07Z add
2026-05-06T05:00:07Z ready
2026-05-06T05:06:01Z show
2026-05-06T05:06:01Z list
2026-05-06T05:06:01Z add
2026-05-06T05:06:01Z show
2026-05-06T05:06:01Z list
2026-05-06T05:06:01Z add
2026-05-06T05:06:01Z show
2026-05-06T05:06:01Z list
2026-05-06T05:06:01Z add
2026-05-06T05:06:02Z ready
2026-05-06T05:12:04Z show
2026-05-06T05:12:04Z list
2026-05-06T05:12:04Z add
2026-05-06T05:12:04Z show
2026-05-06T05:12:04Z list
2026-05-06T05:12:04Z add
2026-05-06T05:12:04Z show
2026-05-06T05:12:04Z list
2026-05-06T05:12:04Z add
2026-05-06T05:12:04Z ready
2026-05-06T05:17:59Z show
2026-05-06T05:17:59Z list
2026-05-06T05:17:59Z add
2026-05-06T05:17:59Z show
2026-05-06T05:17:59Z list
2026-05-06T05:17:59Z add
2026-05-06T05:17:59Z show
2026-05-06T05:17:59Z list
2026-05-06T05:17:59Z add
2026-05-06T05:17:59Z ready
2026-05-06T05:24:01Z show
2026-05-06T05:24:01Z list
2026-05-06T05:24:01Z add
2026-05-06T05:24:01Z show
2026-05-06T05:24:01Z list
2026-05-06T05:24:01Z add
2026-05-06T05:24:01Z show
2026-05-06T05:24:01Z list
2026-05-06T05:24:01Z add
2026-05-06T05:24:02Z ready
2026-05-06T05:29:54Z show
2026-05-06T05:29:54Z list
2026-05-06T05:29:54Z add
2026-05-06T05:29:54Z show
2026-05-06T05:29:54Z list
2026-05-06T05:29:54Z add
2026-05-06T05:29:54Z show
2026-05-06T05:29:54Z list
2026-05-06T05:29:54Z add
2026-05-06T05:29:54Z ready
2026-05-06T05:35:50Z show
2026-05-06T05:35:50Z list
2026-05-06T05:35:50Z add
2026-05-06T05:35:50Z show
2026-05-06T05:35:50Z list
2026-05-06T05:35:50Z add
2026-05-06T05:35:50Z show
2026-05-06T05:35:50Z list
2026-05-06T05:35:50Z add
2026-05-06T05:35:50Z ready
2026-05-06T05:41:43Z show
2026-05-06T05:41:43Z list
2026-05-06T05:41:43Z add
2026-05-06T05:41:43Z show
2026-05-06T05:41:43Z list
2026-05-06T05:41:43Z add
2026-05-06T05:41:43Z show
2026-05-06T05:41:43Z list
2026-05-06T05:41:43Z add
2026-05-06T05:41:43Z ready
2026-05-06T05:47:38Z show
2026-05-06T05:47:38Z list
2026-05-06T05:47:38Z add
2026-05-06T05:47:38Z show
2026-05-06T05:47:38Z list
2026-05-06T05:47:38Z add
2026-05-06T05:47:38Z show
2026-05-06T05:47:38Z list
2026-05-06T05:47:38Z add
2026-05-06T05:47:39Z ready
2026-05-06T05:53:28Z show
2026-05-06T05:53:28Z list
2026-05-06T05:53:28Z add
2026-05-06T05:53:28Z show
2026-05-06T05:53:28Z list
2026-05-06T05:53:28Z add
2026-05-06T05:53:28Z show
2026-05-06T05:53:28Z list
2026-05-06T05:53:28Z add
2026-05-06T05:53:28Z ready
2026-05-06T05:59:26Z show
2026-05-06T05:59:26Z list
2026-05-06T05:59:26Z add
2026-05-06T05:59:26Z show
2026-05-06T05:59:26Z list
2026-05-06T05:59:26Z add
2026-05-06T05:59:26Z show
2026-05-06T05:59:26Z list
2026-05-06T05:59:26Z add
2026-05-06T05:59:26Z ready
2026-05-06T06:05:20Z show
2026-05-06T06:05:20Z list
2026-05-06T06:05:20Z add
2026-05-06T06:05:20Z show
2026-05-06T06:05:20Z list
2026-05-06T06:05:20Z add
2026-05-06T06:05:20Z show
2026-05-06T06:05:20Z list
2026-05-06T06:05:20Z add
2026-05-06T06:05:20Z ready
2026-05-06T06:11:17Z show
2026-05-06T06:11:17Z list
2026-05-06T06:11:17Z add
2026-05-06T06:11:17Z show
2026-05-06T06:11:17Z list
2026-05-06T06:11:17Z add
2026-05-06T06:11:17Z show
2026-05-06T06:11:17Z list
2026-05-06T06:11:17Z add
2026-05-06T06:11:17Z ready
2026-05-06T06:17:14Z show
2026-05-06T06:17:14Z list
2026-05-06T06:17:14Z add
2026-05-06T06:17:14Z show
2026-05-06T06:17:14Z list
2026-05-06T06:17:14Z add
2026-05-06T06:17:14Z show
2026-05-06T06:17:14Z list
2026-05-06T06:17:14Z add
2026-05-06T06:17:14Z ready
2026-05-06T06:23:17Z show
2026-05-06T06:23:17Z list
2026-05-06T06:23:17Z add
2026-05-06T06:23:17Z show
2026-05-06T06:23:17Z list
2026-05-06T06:23:17Z add
2026-05-06T06:23:17Z show
2026-05-06T06:23:17Z list
2026-05-06T06:23:17Z add
2026-05-06T06:23:17Z ready
2026-05-06T06:29:10Z show
2026-05-06T06:29:10Z list
2026-05-06T06:29:10Z add
2026-05-06T06:29:10Z show
2026-05-06T06:29:10Z list
2026-05-06T06:29:10Z add
2026-05-06T06:29:10Z show
2026-05-06T06:29:10Z list
2026-05-06T06:29:10Z add
2026-05-06T06:29:10Z ready
2026-05-06T06:35:08Z show
2026-05-06T06:35:08Z list
2026-05-06T06:35:08Z add
2026-05-06T06:35:08Z show
2026-05-06T06:35:08Z list
2026-05-06T06:35:08Z add
2026-05-06T06:35:08Z show
2026-05-06T06:35:08Z list
2026-05-06T06:35:08Z add
2026-05-06T06:35:09Z ready
2026-05-06T06:41:01Z show
2026-05-06T06:41:01Z list
2026-05-06T06:41:01Z add
2026-05-06T06:41:01Z show
2026-05-06T06:41:01Z list
2026-05-06T06:41:01Z add
2026-05-06T06:41:01Z show
2026-05-06T06:41:01Z list
2026-05-06T06:41:01Z add
2026-05-06T06:41:01Z ready
2026-05-06T06:47:05Z show
2026-05-06T06:47:05Z list
2026-05-06T06:47:05Z add
2026-05-06T06:47:05Z show
2026-05-06T06:47:05Z list
2026-05-06T06:47:05Z add
2026-05-06T06:47:05Z show
2026-05-06T06:47:05Z list
2026-05-06T06:47:05Z add
2026-05-06T06:47:05Z ready
2026-05-06T06:53:03Z show
2026-05-06T06:53:03Z list
2026-05-06T06:53:03Z add
2026-05-06T06:53:03Z show
2026-05-06T06:53:03Z list
2026-05-06T06:53:03Z add
2026-05-06T06:53:03Z show
2026-05-06T06:53:03Z list
2026-05-06T06:53:03Z add
2026-05-06T06:53:04Z ready
2026-05-06T06:59:01Z show
2026-05-06T06:59:01Z list
2026-05-06T06:59:01Z add
2026-05-06T06:59:01Z show
2026-05-06T06:59:01Z list
2026-05-06T06:59:01Z add
2026-05-06T06:59:01Z show
2026-05-06T06:59:01Z list
2026-05-06T06:59:01Z add
2026-05-06T06:59:01Z ready
2026-05-06T07:04:52Z show
2026-05-06T07:04:52Z list
2026-05-06T07:04:52Z add
2026-05-06T07:04:52Z show
2026-05-06T07:04:52Z list
2026-05-06T07:04:52Z add
2026-05-06T07:04:52Z show
2026-05-06T07:04:52Z list
2026-05-06T07:04:52Z add
2026-05-06T07:04:52Z ready
2026-05-06T07:10:48Z show
2026-05-06T07:10:48Z list
2026-05-06T07:10:48Z add
2026-05-06T07:10:48Z show
2026-05-06T07:10:48Z list
2026-05-06T07:10:48Z add
2026-05-06T07:10:48Z show
2026-05-06T07:10:48Z list
2026-05-06T07:10:48Z add
2026-05-06T07:10:48Z ready
2026-05-06T07:16:40Z show
2026-05-06T07:16:40Z list
2026-05-06T07:16:40Z add
2026-05-06T07:16:40Z show
2026-05-06T07:16:40Z list
2026-05-06T07:16:40Z add
2026-05-06T07:16:40Z show
2026-05-06T07:16:40Z list
2026-05-06T07:16:40Z add
2026-05-06T07:16:41Z ready
2026-05-06T07:22:38Z show
2026-05-06T07:22:38Z list
2026-05-06T07:22:38Z add
2026-05-06T07:22:38Z show
2026-05-06T07:22:38Z list
2026-05-06T07:22:38Z add
2026-05-06T07:22:38Z show
2026-05-06T07:22:38Z list
2026-05-06T07:22:38Z add
2026-05-06T07:22:38Z ready
2026-05-06T07:28:40Z show
2026-05-06T07:28:40Z list
2026-05-06T07:28:40Z add
2026-05-06T07:28:40Z show
2026-05-06T07:28:40Z list
2026-05-06T07:28:40Z add
2026-05-06T07:28:40Z show
2026-05-06T07:28:40Z list
2026-05-06T07:28:40Z add
2026-05-06T07:28:40Z ready
2026-05-06T07:34:38Z show
2026-05-06T07:34:38Z list
2026-05-06T07:34:38Z add
2026-05-06T07:34:38Z show
2026-05-06T07:34:38Z list
2026-05-06T07:34:38Z add
2026-05-06T07:34:38Z show
2026-05-06T07:34:38Z list
2026-05-06T07:34:38Z add
2026-05-06T07:34:39Z ready
2026-05-06T07:40:40Z show
2026-05-06T07:40:40Z list
2026-05-06T07:40:40Z add
2026-05-06T07:40:40Z show
2026-05-06T07:40:40Z list
2026-05-06T07:40:40Z add
2026-05-06T07:40:40Z show
2026-05-06T07:40:40Z list
2026-05-06T07:40:40Z add
2026-05-06T07:40:40Z ready
2026-05-06T07:46:44Z show
2026-05-06T07:46:44Z list
2026-05-06T07:46:44Z add
2026-05-06T07:46:44Z show
2026-05-06T07:46:44Z list
2026-05-06T07:46:44Z add
2026-05-06T07:46:44Z show
2026-05-06T07:46:44Z list
2026-05-06T07:46:44Z add
2026-05-06T07:46:44Z ready
2026-05-06T07:52:40Z show
2026-05-06T07:52:40Z list
2026-05-06T07:52:40Z add
2026-05-06T07:52:40Z show
2026-05-06T07:52:40Z list
2026-05-06T07:52:40Z add
2026-05-06T07:52:40Z show
2026-05-06T07:52:40Z list
2026-05-06T07:52:40Z add
2026-05-06T07:52:40Z ready
2026-05-06T07:58:43Z show
2026-05-06T07:58:43Z list
2026-05-06T07:58:43Z add
2026-05-06T07:58:43Z show
2026-05-06T07:58:43Z list
2026-05-06T07:58:43Z add
2026-05-06T07:58:43Z show
2026-05-06T07:58:43Z list
2026-05-06T07:58:43Z add
2026-05-06T07:58:43Z ready
2026-05-06T08:04:41Z show
2026-05-06T08:04:41Z list
2026-05-06T08:04:41Z add
2026-05-06T08:04:41Z show
2026-05-06T08:04:41Z list
2026-05-06T08:04:41Z add
2026-05-06T08:04:41Z show
2026-05-06T08:04:41Z list
2026-05-06T08:04:41Z add
2026-05-06T08:04:42Z ready
2026-05-06T08:10:41Z show
2026-05-06T08:10:41Z list
2026-05-06T08:10:41Z add
2026-05-06T08:10:41Z show
2026-05-06T08:10:41Z list
2026-05-06T08:10:41Z add
2026-05-06T08:10:41Z show
2026-05-06T08:10:41Z list
2026-05-06T08:10:41Z add
2026-05-06T08:10:41Z ready
2026-05-06T08:16:38Z show
2026-05-06T08:16:38Z list
2026-05-06T08:16:38Z add
2026-05-06T08:16:38Z show
2026-05-06T08:16:38Z list
2026-05-06T08:16:38Z add
2026-05-06T08:16:38Z show
2026-05-06T08:16:38Z list
2026-05-06T08:16:38Z add
2026-05-06T08:16:38Z ready
2026-05-06T08:22:36Z show
2026-05-06T08:22:36Z list
2026-05-06T08:22:36Z add
2026-05-06T08:22:36Z show
2026-05-06T08:22:36Z list
2026-05-06T08:22:36Z add
2026-05-06T08:22:36Z show
2026-05-06T08:22:36Z list
2026-05-06T08:22:36Z add
2026-05-06T08:22:37Z ready
2026-05-06T08:28:28Z show
2026-05-06T08:28:28Z list
2026-05-06T08:28:28Z add
2026-05-06T08:28:28Z show
2026-05-06T08:28:28Z list
2026-05-06T08:28:28Z add
2026-05-06T08:28:28Z show
2026-05-06T08:28:28Z list
2026-05-06T08:28:28Z add
2026-05-06T08:28:29Z ready
2026-05-06T08:34:26Z show
2026-05-06T08:34:26Z list
2026-05-06T08:34:26Z add
2026-05-06T08:34:26Z show
2026-05-06T08:34:26Z list
2026-05-06T08:34:26Z add
2026-05-06T08:34:26Z show
2026-05-06T08:34:26Z list
2026-05-06T08:34:26Z add
2026-05-06T08:34:26Z ready
2026-05-06T08:40:18Z show
2026-05-06T08:40:18Z list
2026-05-06T08:40:18Z add
2026-05-06T08:40:18Z show
2026-05-06T08:40:18Z list
2026-05-06T08:40:18Z add
2026-05-06T08:40:18Z show
2026-05-06T08:40:18Z list
2026-05-06T08:40:18Z add
2026-05-06T08:40:18Z ready
2026-05-06T08:46:14Z show
2026-05-06T08:46:14Z list
2026-05-06T08:46:14Z add
2026-05-06T08:46:14Z show
2026-05-06T08:46:14Z list
2026-05-06T08:46:14Z add
2026-05-06T08:46:14Z show
2026-05-06T08:46:14Z list
2026-05-06T08:46:14Z add
2026-05-06T08:46:14Z ready
2026-05-06T08:52:06Z show
2026-05-06T08:52:06Z list
2026-05-06T08:52:07Z add
2026-05-06T08:52:07Z show
2026-05-06T08:52:07Z list
2026-05-06T08:52:07Z add
2026-05-06T08:52:07Z show
2026-05-06T08:52:07Z list
2026-05-06T08:52:07Z add
2026-05-06T08:52:07Z ready
2026-05-06T08:58:06Z show
2026-05-06T08:58:06Z list
2026-05-06T08:58:06Z add
2026-05-06T08:58:06Z show
2026-05-06T08:58:06Z list
2026-05-06T08:58:06Z add
2026-05-06T08:58:06Z show
2026-05-06T08:58:06Z list
2026-05-06T08:58:06Z add
2026-05-06T08:58:06Z ready
2026-05-06T09:04:04Z show
2026-05-06T09:04:04Z list
2026-05-06T09:04:04Z add
2026-05-06T09:04:04Z show
2026-05-06T09:04:05Z list
2026-05-06T09:04:05Z add
2026-05-06T09:04:05Z show
2026-05-06T09:04:05Z list
2026-05-06T09:04:05Z add
2026-05-06T09:04:05Z ready
2026-05-06T09:10:02Z show
2026-05-06T09:10:02Z list
2026-05-06T09:10:02Z add
2026-05-06T09:10:02Z show
2026-05-06T09:10:02Z list
2026-05-06T09:10:02Z add
2026-05-06T09:10:02Z show
2026-05-06T09:10:02Z list
2026-05-06T09:10:02Z add
2026-05-06T09:10:02Z ready
2026-05-06T09:16:00Z show
2026-05-06T09:16:00Z list
2026-05-06T09:16:00Z add
2026-05-06T09:16:00Z show
2026-05-06T09:16:00Z list
2026-05-06T09:16:00Z add
2026-05-06T09:16:00Z show
2026-05-06T09:16:00Z list
2026-05-06T09:16:00Z add
2026-05-06T09:16:00Z ready
2026-05-06T09:22:01Z show
2026-05-06T09:22:01Z list
2026-05-06T09:22:01Z add
2026-05-06T09:22:01Z show
2026-05-06T09:22:01Z list
2026-05-06T09:22:01Z add
2026-05-06T09:22:01Z show
2026-05-06T09:22:01Z list
2026-05-06T09:22:01Z add
2026-05-06T09:22:01Z ready
2026-05-06T09:28:00Z show
2026-05-06T09:28:00Z list
2026-05-06T09:28:00Z add
2026-05-06T09:28:00Z show
2026-05-06T09:28:00Z list
2026-05-06T09:28:00Z add
2026-05-06T09:28:00Z show
2026-05-06T09:28:00Z list
2026-05-06T09:28:00Z add
2026-05-06T09:28:00Z ready
2026-05-06T09:33:58Z show
2026-05-06T09:33:58Z list
2026-05-06T09:33:58Z add
2026-05-06T09:33:58Z show
2026-05-06T09:33:58Z list
2026-05-06T09:33:58Z add
2026-05-06T09:33:58Z show
2026-05-06T09:33:58Z list
2026-05-06T09:33:58Z add
2026-05-06T09:33:58Z ready
2026-05-06T09:39:54Z show
2026-05-06T09:39:54Z list
2026-05-06T09:39:54Z add
2026-05-06T09:39:54Z show
2026-05-06T09:39:54Z list
2026-05-06T09:39:54Z add
2026-05-06T09:39:54Z show
2026-05-06T09:39:54Z list
2026-05-06T09:39:54Z add
2026-05-06T09:39:54Z ready
2026-05-06T09:45:53Z show
2026-05-06T09:45:53Z list
2026-05-06T09:45:53Z add
2026-05-06T09:45:53Z show
2026-05-06T09:45:53Z list
2026-05-06T09:45:53Z add
2026-05-06T09:45:53Z show
2026-05-06T09:45:53Z list
2026-05-06T09:45:53Z add
2026-05-06T09:45:53Z ready
2026-05-06T09:51:48Z show
2026-05-06T09:51:48Z list
2026-05-06T09:51:48Z add
2026-05-06T09:51:48Z show
2026-05-06T09:51:48Z list
2026-05-06T09:51:48Z add
2026-05-06T09:51:48Z show
2026-05-06T09:51:48Z list
2026-05-06T09:51:48Z add
2026-05-06T09:51:48Z ready
2026-05-06T09:57:47Z show
2026-05-06T09:57:47Z list
2026-05-06T09:57:47Z add
2026-05-06T09:57:47Z show
2026-05-06T09:57:47Z list
2026-05-06T09:57:47Z add
2026-05-06T09:57:47Z show
2026-05-06T09:57:47Z list
2026-05-06T09:57:47Z add
2026-05-06T09:57:47Z ready
2026-05-06T10:03:37Z show
2026-05-06T10:03:37Z list
2026-05-06T10:03:37Z add
2026-05-06T10:03:37Z show
2026-05-06T10:03:37Z list
2026-05-06T10:03:37Z add
2026-05-06T10:03:37Z show
2026-05-06T10:03:37Z list
2026-05-06T10:03:37Z add
2026-05-06T10:03:37Z ready
2026-05-06T10:09:32Z show
2026-05-06T10:09:32Z list
2026-05-06T10:09:32Z add
2026-05-06T10:09:33Z show
2026-05-06T10:09:33Z list
2026-05-06T10:09:33Z add
2026-05-06T10:09:33Z show
2026-05-06T10:09:33Z list
2026-05-06T10:09:33Z add
2026-05-06T10:09:33Z ready
2026-05-06T10:15:23Z show
2026-05-06T10:15:23Z list
2026-05-06T10:15:23Z add
2026-05-06T10:15:23Z show
2026-05-06T10:15:23Z list
2026-05-06T10:15:23Z add
2026-05-06T10:15:23Z show
2026-05-06T10:15:23Z list
2026-05-06T10:15:23Z add
2026-05-06T10:15:24Z ready
2026-05-06T10:21:18Z show
2026-05-06T10:21:18Z list
2026-05-06T10:21:18Z add
2026-05-06T10:21:18Z show
2026-05-06T10:21:18Z list
2026-05-06T10:21:18Z add
2026-05-06T10:21:18Z show
2026-05-06T10:21:18Z list
2026-05-06T10:21:18Z add
2026-05-06T10:21:18Z ready
2026-05-06T10:27:15Z show
2026-05-06T10:27:15Z list
2026-05-06T10:27:15Z add
2026-05-06T10:27:15Z show
2026-05-06T10:27:15Z list
2026-05-06T10:27:15Z add
2026-05-06T10:27:15Z show
2026-05-06T10:27:15Z list
2026-05-06T10:27:15Z add
2026-05-06T10:27:15Z ready
2026-05-06T10:33:11Z show
2026-05-06T10:33:11Z list
2026-05-06T10:33:11Z add
2026-05-06T10:33:11Z show
2026-05-06T10:33:11Z list
2026-05-06T10:33:11Z add
2026-05-06T10:33:11Z show
2026-05-06T10:33:11Z list
2026-05-06T10:33:11Z add
2026-05-06T10:33:12Z ready
2026-05-06T10:39:04Z show
2026-05-06T10:39:04Z list
2026-05-06T10:39:04Z add
2026-05-06T10:39:04Z show
2026-05-06T10:39:04Z list
2026-05-06T10:39:04Z add
2026-05-06T10:39:04Z show
2026-05-06T10:39:04Z list
2026-05-06T10:39:04Z add
2026-05-06T10:39:05Z ready
2026-05-06T10:45:01Z show
2026-05-06T10:45:01Z list
2026-05-06T10:45:01Z add
2026-05-06T10:45:01Z show
2026-05-06T10:45:01Z list
2026-05-06T10:45:01Z add
2026-05-06T10:45:01Z show
2026-05-06T10:45:01Z list
2026-05-06T10:45:01Z add
2026-05-06T10:45:01Z ready
2026-05-06T10:50:56Z show
2026-05-06T10:50:56Z list
2026-05-06T10:50:56Z add
2026-05-06T10:50:56Z show
2026-05-06T10:50:56Z list
2026-05-06T10:50:56Z add
2026-05-06T10:50:56Z show
2026-05-06T10:50:56Z list
2026-05-06T10:50:56Z add
2026-05-06T10:50:56Z ready
2026-05-06T10:56:51Z show
2026-05-06T10:56:51Z list
2026-05-06T10:56:51Z add
2026-05-06T10:56:51Z show
2026-05-06T10:56:51Z list
2026-05-06T10:56:51Z add
2026-05-06T10:56:51Z show
2026-05-06T10:56:51Z list
2026-05-06T10:56:51Z add
2026-05-06T10:56:51Z ready
2026-05-06T11:02:46Z show
2026-05-06T11:02:46Z list
2026-05-06T11:02:46Z add
2026-05-06T11:02:46Z show
2026-05-06T11:02:46Z list
2026-05-06T11:02:46Z add
2026-05-06T11:02:46Z show
2026-05-06T11:02:46Z list
2026-05-06T11:02:46Z add
2026-05-06T11:02:46Z ready
2026-05-06T11:08:46Z show
2026-05-06T11:08:46Z list
2026-05-06T11:08:46Z add
2026-05-06T11:08:46Z show
2026-05-06T11:08:46Z list
2026-05-06T11:08:46Z add
2026-05-06T11:08:46Z show
2026-05-06T11:08:46Z list
2026-05-06T11:08:46Z add
2026-05-06T11:08:46Z ready
2026-05-06T11:14:43Z show
2026-05-06T11:14:43Z list
2026-05-06T11:14:43Z add
2026-05-06T11:14:43Z show
2026-05-06T11:14:43Z list
2026-05-06T11:14:43Z add
2026-05-06T11:14:43Z show
2026-05-06T11:14:43Z list
2026-05-06T11:14:43Z add
2026-05-06T11:14:43Z ready
2026-05-06T11:20:44Z show
2026-05-06T11:20:44Z list
2026-05-06T11:20:44Z add
2026-05-06T11:20:44Z show
2026-05-06T11:20:44Z list
2026-05-06T11:20:44Z add
2026-05-06T11:20:44Z show
2026-05-06T11:20:44Z list
2026-05-06T11:20:44Z add
2026-05-06T11:20:44Z ready
2026-05-06T11:26:40Z show
2026-05-06T11:26:40Z list
2026-05-06T11:26:40Z add
2026-05-06T11:26:40Z show
2026-05-06T11:26:40Z list
2026-05-06T11:26:40Z add
2026-05-06T11:26:40Z show
2026-05-06T11:26:40Z list
2026-05-06T11:26:40Z add
2026-05-06T11:26:40Z ready
2026-05-06T11:32:38Z show
2026-05-06T11:32:38Z list
2026-05-06T11:32:38Z add
2026-05-06T11:32:38Z show
2026-05-06T11:32:38Z list
2026-05-06T11:32:38Z add
2026-05-06T11:32:38Z show
2026-05-06T11:32:38Z list
2026-05-06T11:32:38Z add
2026-05-06T11:32:38Z ready
2026-05-06T11:38:30Z show
2026-05-06T11:38:30Z list
2026-05-06T11:38:30Z add
2026-05-06T11:38:30Z show
2026-05-06T11:38:30Z list
2026-05-06T11:38:30Z add
2026-05-06T11:38:30Z show
2026-05-06T11:38:30Z list
2026-05-06T11:38:30Z add
2026-05-06T11:38:30Z ready
2026-05-06T11:44:26Z show
2026-05-06T11:44:26Z list
2026-05-06T11:44:26Z add
2026-05-06T11:44:26Z show
2026-05-06T11:44:26Z list
2026-05-06T11:44:26Z add
2026-05-06T11:44:26Z show
2026-05-06T11:44:26Z list
2026-05-06T11:44:26Z add
2026-05-06T11:44:26Z ready
2026-05-06T11:50:16Z show
2026-05-06T11:50:16Z list
2026-05-06T11:50:16Z add
2026-05-06T11:50:16Z show
2026-05-06T11:50:16Z list
2026-05-06T11:50:16Z add
2026-05-06T11:50:16Z show
2026-05-06T11:50:16Z list
2026-05-06T11:50:16Z add
2026-05-06T11:50:16Z ready
2026-05-06T11:56:08Z show
2026-05-06T11:56:08Z list
2026-05-06T11:56:08Z add
2026-05-06T11:56:08Z show
2026-05-06T11:56:09Z list
2026-05-06T11:56:09Z add
2026-05-06T11:56:09Z show
2026-05-06T11:56:09Z list
2026-05-06T11:56:09Z add
2026-05-06T11:56:09Z ready
2026-05-06T12:02:01Z show
2026-05-06T12:02:01Z list
2026-05-06T12:02:01Z add
2026-05-06T12:02:01Z show
2026-05-06T12:02:01Z list
2026-05-06T12:02:01Z add
2026-05-06T12:02:01Z show
2026-05-06T12:02:01Z list
2026-05-06T12:02:01Z add
2026-05-06T12:02:01Z ready
2026-05-06T12:07:55Z show
2026-05-06T12:07:55Z list
2026-05-06T12:07:55Z add
2026-05-06T12:07:55Z show
2026-05-06T12:07:55Z list
2026-05-06T12:07:55Z add
2026-05-06T12:07:55Z show
2026-05-06T12:07:55Z list
2026-05-06T12:07:55Z add
2026-05-06T12:07:55Z ready
2026-05-06T12:13:46Z show
2026-05-06T12:13:46Z list
2026-05-06T12:13:46Z add
2026-05-06T12:13:46Z show
2026-05-06T12:13:46Z list
2026-05-06T12:13:46Z add
2026-05-06T12:13:46Z show
2026-05-06T12:13:46Z list
2026-05-06T12:13:46Z add
2026-05-06T12:13:47Z ready
2026-05-06T12:19:51Z show
2026-05-06T12:19:51Z list
2026-05-06T12:19:51Z add
2026-05-06T12:19:51Z show
2026-05-06T12:19:51Z list
2026-05-06T12:19:51Z add
2026-05-06T12:19:51Z show
2026-05-06T12:19:51Z list
2026-05-06T12:19:51Z add
2026-05-06T12:19:51Z ready
2026-05-06T12:25:43Z show
2026-05-06T12:25:43Z list
2026-05-06T12:25:43Z add
2026-05-06T12:25:43Z show
2026-05-06T12:25:43Z list
2026-05-06T12:25:43Z add
2026-05-06T12:25:43Z show
2026-05-06T12:25:43Z list
2026-05-06T12:25:43Z add
2026-05-06T12:25:44Z ready
2026-05-06T12:31:47Z show
2026-05-06T12:31:47Z list
2026-05-06T12:31:47Z add
2026-05-06T12:31:47Z show
2026-05-06T12:31:47Z list
2026-05-06T12:31:47Z add
2026-05-06T12:31:47Z show
2026-05-06T12:31:47Z list
2026-05-06T12:31:47Z add
2026-05-06T12:31:47Z ready
2026-05-06T12:37:41Z show
2026-05-06T12:37:41Z list
2026-05-06T12:37:41Z add
2026-05-06T12:37:41Z show
2026-05-06T12:37:41Z list
2026-05-06T12:37:41Z add
2026-05-06T12:37:41Z show
2026-05-06T12:37:41Z list
2026-05-06T12:37:41Z add
2026-05-06T12:37:41Z ready
2026-05-06T12:43:43Z show
2026-05-06T12:43:43Z list
2026-05-06T12:43:43Z add
2026-05-06T12:43:43Z show
2026-05-06T12:43:43Z list
2026-05-06T12:43:43Z add
2026-05-06T12:43:43Z show
2026-05-06T12:43:43Z list
2026-05-06T12:43:43Z add
2026-05-06T12:43:43Z ready
2026-05-06T12:49:37Z show
2026-05-06T12:49:37Z list
2026-05-06T12:49:37Z add
2026-05-06T12:49:37Z show
2026-05-06T12:49:37Z list
2026-05-06T12:49:37Z add
2026-05-06T12:49:37Z show
2026-05-06T12:49:37Z list
2026-05-06T12:49:37Z add
2026-05-06T12:49:38Z ready
2026-05-06T12:55:33Z show
2026-05-06T12:55:33Z list
2026-05-06T12:55:33Z add
2026-05-06T12:55:33Z show
2026-05-06T12:55:33Z list
2026-05-06T12:55:33Z add
2026-05-06T12:55:33Z show
2026-05-06T12:55:33Z list
2026-05-06T12:55:33Z add
2026-05-06T12:55:33Z ready
2026-05-06T13:01:29Z show
2026-05-06T13:01:29Z list
2026-05-06T13:01:29Z add
2026-05-06T13:01:29Z show
2026-05-06T13:01:29Z list
2026-05-06T13:01:29Z add
2026-05-06T13:01:29Z show
2026-05-06T13:01:29Z list
2026-05-06T13:01:29Z add
2026-05-06T13:01:30Z ready
2026-05-06T13:07:29Z show
2026-05-06T13:07:29Z list
2026-05-06T13:07:29Z add
2026-05-06T13:07:29Z show
2026-05-06T13:07:29Z list
2026-05-06T13:07:29Z add
2026-05-06T13:07:29Z show
2026-05-06T13:07:29Z list
2026-05-06T13:07:29Z add
2026-05-06T13:07:29Z ready
2026-05-06T13:13:24Z show
2026-05-06T13:13:24Z list
2026-05-06T13:13:24Z add
2026-05-06T13:13:24Z show
2026-05-06T13:13:24Z list
2026-05-06T13:13:24Z add
2026-05-06T13:13:24Z show
2026-05-06T13:13:24Z list
2026-05-06T13:13:24Z add
2026-05-06T13:13:24Z ready
2026-05-06T13:19:21Z show
2026-05-06T13:19:21Z list
2026-05-06T13:19:21Z add
2026-05-06T13:19:21Z show
2026-05-06T13:19:21Z list
2026-05-06T13:19:21Z add
2026-05-06T13:19:21Z show
2026-05-06T13:19:21Z list
2026-05-06T13:19:21Z add
2026-05-06T13:19:21Z ready
2026-05-06T13:25:14Z show
2026-05-06T13:25:14Z list
2026-05-06T13:25:14Z add
2026-05-06T13:25:14Z show
2026-05-06T13:25:14Z list
2026-05-06T13:25:14Z add
2026-05-06T13:25:14Z show
2026-05-06T13:25:14Z list
2026-05-06T13:25:14Z add
2026-05-06T13:25:14Z ready
2026-05-06T13:31:15Z show
2026-05-06T13:31:15Z list
2026-05-06T13:31:15Z add
2026-05-06T13:31:15Z show
2026-05-06T13:31:15Z list
2026-05-06T13:31:15Z add
2026-05-06T13:31:15Z show
2026-05-06T13:31:15Z list
2026-05-06T13:31:15Z add
2026-05-06T13:31:15Z ready
2026-05-06T13:37:05Z show
2026-05-06T13:37:05Z list
2026-05-06T13:37:05Z add
2026-05-06T13:37:05Z show
2026-05-06T13:37:05Z list
2026-05-06T13:37:05Z add
2026-05-06T13:37:05Z show
2026-05-06T13:37:05Z list
2026-05-06T13:37:05Z add
2026-05-06T13:37:05Z ready
2026-05-06T13:43:04Z show
2026-05-06T13:43:04Z list
2026-05-06T13:43:04Z add
2026-05-06T13:43:04Z show
2026-05-06T13:43:04Z list
2026-05-06T13:43:04Z add
2026-05-06T13:43:04Z show
2026-05-06T13:43:04Z list
2026-05-06T13:43:04Z add
2026-05-06T13:43:04Z ready
2026-05-06T13:48:56Z show
2026-05-06T13:48:56Z list
2026-05-06T13:48:56Z add
2026-05-06T13:48:56Z show
2026-05-06T13:48:56Z list
2026-05-06T13:48:56Z add
2026-05-06T13:48:56Z show
2026-05-06T13:48:56Z list
2026-05-06T13:48:56Z add
2026-05-06T13:48:56Z ready
2026-05-06T13:55:00Z show
2026-05-06T13:55:00Z list
2026-05-06T13:55:00Z add
2026-05-06T13:55:00Z show
2026-05-06T13:55:00Z list
2026-05-06T13:55:00Z add
2026-05-06T13:55:00Z show
2026-05-06T13:55:00Z list
2026-05-06T13:55:00Z add
2026-05-06T13:55:00Z ready
2026-05-06T14:00:52Z show
2026-05-06T14:00:52Z list
2026-05-06T14:00:52Z add
2026-05-06T14:00:52Z show
2026-05-06T14:00:52Z list
2026-05-06T14:00:52Z add
2026-05-06T14:00:52Z show
2026-05-06T14:00:52Z list
2026-05-06T14:00:52Z add
2026-05-06T14:00:52Z ready
2026-05-06T14:06:51Z show
2026-05-06T14:06:51Z list
2026-05-06T14:06:51Z add
2026-05-06T14:06:51Z show
2026-05-06T14:06:51Z list
2026-05-06T14:06:51Z add
2026-05-06T14:06:51Z show
2026-05-06T14:06:51Z list
2026-05-06T14:06:51Z add
2026-05-06T14:06:51Z ready
2026-05-06T14:18:04Z show
2026-05-06T14:18:04Z list
2026-05-06T14:18:04Z add
2026-05-06T14:18:04Z show
2026-05-06T14:18:04Z list
2026-05-06T14:18:04Z add
2026-05-06T14:18:04Z show
2026-05-06T14:18:04Z list
2026-05-06T14:18:04Z add
2026-05-06T14:18:04Z ready
2026-05-06T14:27:04Z show
2026-05-06T14:27:04Z list
2026-05-06T14:27:04Z add
2026-05-06T14:27:04Z show
2026-05-06T14:27:04Z list
2026-05-06T14:27:04Z add
2026-05-06T14:27:04Z show
2026-05-06T14:27:04Z list
2026-05-06T14:27:04Z add
2026-05-06T14:27:04Z ready
2026-05-06T14:36:29Z show
2026-05-06T14:36:29Z list
2026-05-06T14:36:29Z add
2026-05-06T14:36:29Z show
2026-05-06T14:36:29Z list
2026-05-06T14:36:29Z add
2026-05-06T14:36:29Z show
2026-05-06T14:36:29Z list
2026-05-06T14:36:29Z add
2026-05-06T14:36:30Z ready
2026-05-06T14:45:54Z show
2026-05-06T14:45:54Z list
2026-05-06T14:45:54Z add
2026-05-06T14:45:54Z show
2026-05-06T14:45:54Z list
2026-05-06T14:45:54Z add
2026-05-06T14:45:54Z show
2026-05-06T14:45:54Z list
2026-05-06T14:45:54Z add
2026-05-06T14:45:54Z ready
2026-05-06T14:55:21Z show
2026-05-06T14:55:21Z list
2026-05-06T14:55:21Z add
2026-05-06T14:55:21Z show
2026-05-06T14:55:21Z list
2026-05-06T14:55:21Z add
2026-05-06T14:55:21Z show
2026-05-06T14:55:21Z list
2026-05-06T14:55:21Z add
2026-05-06T14:55:21Z ready
2026-05-06T15:04:43Z show
2026-05-06T15:04:43Z list
2026-05-06T15:04:43Z add
2026-05-06T15:04:43Z show
2026-05-06T15:04:44Z list
2026-05-06T15:04:44Z add
2026-05-06T15:04:44Z show
2026-05-06T15:04:44Z list
2026-05-06T15:04:44Z add
2026-05-06T15:04:44Z ready
2026-05-06T15:13:47Z show
2026-05-06T15:13:47Z list
2026-05-06T15:13:47Z add
2026-05-06T15:13:47Z show
2026-05-06T15:13:47Z list
2026-05-06T15:13:47Z add
2026-05-06T15:13:47Z show
2026-05-06T15:13:47Z list
2026-05-06T15:13:47Z add
2026-05-06T15:13:47Z ready
2026-05-06T15:22:39Z show
2026-05-06T15:22:39Z list
2026-05-06T15:22:39Z add
2026-05-06T15:22:39Z show
2026-05-06T15:22:39Z list
2026-05-06T15:22:39Z add
2026-05-06T15:22:39Z show
2026-05-06T15:22:39Z list
2026-05-06T15:22:39Z add
2026-05-06T15:22:39Z ready
2026-05-06T15:31:11Z show
2026-05-06T15:31:11Z list
2026-05-06T15:31:12Z add
2026-05-06T15:31:12Z show
2026-05-06T15:31:12Z list
2026-05-06T15:31:12Z add
2026-05-06T15:31:12Z show
2026-05-06T15:31:12Z list
2026-05-06T15:31:12Z add
2026-05-06T15:31:12Z ready
2026-05-06T15:39:00Z show
2026-05-06T15:39:00Z list
2026-05-06T15:39:00Z add
2026-05-06T15:39:00Z show
2026-05-06T15:39:00Z list
2026-05-06T15:39:00Z add
2026-05-06T15:39:00Z show
2026-05-06T15:39:00Z list
2026-05-06T15:39:00Z add
2026-05-06T15:39:00Z ready
2026-05-06T15:49:16Z show
2026-05-06T15:49:16Z list
2026-05-06T15:49:16Z add
2026-05-06T15:49:16Z show
2026-05-06T15:49:16Z list
2026-05-06T15:49:16Z add
2026-05-06T15:49:16Z show
2026-05-06T15:49:16Z list
2026-05-06T15:49:16Z add
2026-05-06T15:49:17Z ready
2026-05-06T15:59:09Z show
2026-05-06T15:59:09Z list
2026-05-06T15:59:09Z add
2026-05-06T15:59:09Z show
2026-05-06T15:59:09Z list
2026-05-06T15:59:09Z add
2026-05-06T15:59:09Z show
2026-05-06T15:59:09Z list
2026-05-06T15:59:09Z add
2026-05-06T15:59:09Z ready
2026-05-06T16:09:00Z show
2026-05-06T16:09:00Z list
2026-05-06T16:09:00Z add
2026-05-06T16:09:00Z show
2026-05-06T16:09:00Z list
2026-05-06T16:09:00Z add
2026-05-06T16:09:00Z show
2026-05-06T16:09:00Z list
2026-05-06T16:09:00Z add
2026-05-06T16:09:01Z ready
2026-05-06T16:18:58Z show
2026-05-06T16:18:58Z list
2026-05-06T16:18:58Z add
2026-05-06T16:18:58Z show
2026-05-06T16:18:58Z list
2026-05-06T16:18:58Z add
2026-05-06T16:18:58Z show
2026-05-06T16:18:58Z list
2026-05-06T16:18:58Z add
2026-05-06T16:18:58Z ready
2026-05-06T16:27:52Z show
2026-05-06T16:27:52Z list
2026-05-06T16:27:52Z add
2026-05-06T16:27:52Z show
2026-05-06T16:27:52Z list
2026-05-06T16:27:52Z add
2026-05-06T16:27:52Z show
2026-05-06T16:27:52Z list
2026-05-06T16:27:52Z add
2026-05-06T16:27:53Z ready
2026-05-06T16:36:42Z show
2026-05-06T16:36:42Z list
2026-05-06T16:36:42Z add
2026-05-06T16:36:42Z show
2026-05-06T16:36:42Z list
2026-05-06T16:36:42Z add
2026-05-06T16:36:42Z show
2026-05-06T16:36:42Z list
2026-05-06T16:36:42Z add
2026-05-06T16:36:42Z ready
2026-05-06T16:45:39Z show
2026-05-06T16:45:39Z list
2026-05-06T16:45:39Z add
2026-05-06T16:45:39Z show
2026-05-06T16:45:39Z list
2026-05-06T16:45:39Z add
2026-05-06T16:45:39Z show
2026-05-06T16:45:39Z list
2026-05-06T16:45:39Z add
2026-05-06T16:45:39Z ready
2026-05-06T16:55:08Z show
2026-05-06T16:55:08Z list
2026-05-06T16:55:08Z add
2026-05-06T16:55:08Z show
2026-05-06T16:55:08Z list
2026-05-06T16:55:08Z add
2026-05-06T16:55:08Z show
2026-05-06T16:55:08Z list
2026-05-06T16:55:08Z add
2026-05-06T16:55:08Z ready
2026-05-06T17:04:33Z show
2026-05-06T17:04:33Z list
2026-05-06T17:04:33Z add
2026-05-06T17:04:33Z show
2026-05-06T17:04:33Z list
2026-05-06T17:04:33Z add
2026-05-06T17:04:33Z show
2026-05-06T17:04:33Z list
2026-05-06T17:04:33Z add
2026-05-06T17:04:33Z ready
2026-05-06T17:13:57Z show
2026-05-06T17:13:57Z list
2026-05-06T17:13:57Z add
2026-05-06T17:13:57Z show
2026-05-06T17:13:57Z list
2026-05-06T17:13:57Z add
2026-05-06T17:13:57Z show
2026-05-06T17:13:57Z list
2026-05-06T17:13:57Z add
2026-05-06T17:13:57Z ready
2026-05-06T17:23:18Z show
2026-05-06T17:23:18Z list
2026-05-06T17:23:18Z add
2026-05-06T17:23:18Z show
2026-05-06T17:23:18Z list
2026-05-06T17:23:18Z add
2026-05-06T17:23:18Z show
2026-05-06T17:23:18Z list
2026-05-06T17:23:18Z add
2026-05-06T17:23:19Z ready
2026-05-06T17:32:41Z show
2026-05-06T17:32:41Z list
2026-05-06T17:32:41Z add
2026-05-06T17:32:41Z show
2026-05-06T17:32:41Z list
2026-05-06T17:32:41Z add
2026-05-06T17:32:41Z show
2026-05-06T17:32:41Z list
2026-05-06T17:32:41Z add
2026-05-06T17:32:41Z ready
2026-05-06T17:41:59Z show
2026-05-06T17:41:59Z list
2026-05-06T17:41:59Z add
2026-05-06T17:41:59Z show
2026-05-06T17:41:59Z list
2026-05-06T17:41:59Z add
2026-05-06T17:41:59Z show
2026-05-06T17:41:59Z list
2026-05-06T17:41:59Z add
2026-05-06T17:42:00Z ready
2026-05-06T17:51:22Z show
2026-05-06T17:51:22Z list
2026-05-06T17:51:22Z add
2026-05-06T17:51:22Z show
2026-05-06T17:51:22Z list
2026-05-06T17:51:22Z add
2026-05-06T17:51:22Z show
2026-05-06T17:51:22Z list
2026-05-06T17:51:22Z add
2026-05-06T17:51:22Z ready
2026-05-06T17:59:10Z show
2026-05-06T17:59:10Z list
2026-05-06T17:59:10Z add
2026-05-06T17:59:10Z show
2026-05-06T17:59:10Z list
2026-05-06T17:59:10Z add
2026-05-06T17:59:10Z show
2026-05-06T17:59:10Z list
2026-05-06T17:59:10Z add
2026-05-06T17:59:10Z ready
2026-05-06T18:07:01Z show
2026-05-06T18:07:01Z list
2026-05-06T18:07:01Z add
2026-05-06T18:07:01Z show
2026-05-06T18:07:01Z list
2026-05-06T18:07:01Z add
2026-05-06T18:07:02Z show
2026-05-06T18:07:02Z list
2026-05-06T18:07:02Z add
2026-05-06T18:07:02Z ready
2026-05-06T18:14:54Z show
2026-05-06T18:14:54Z list
2026-05-06T18:14:54Z add
2026-05-06T18:14:54Z show
2026-05-06T18:14:54Z list
2026-05-06T18:14:54Z add
2026-05-06T18:14:54Z show
2026-05-06T18:14:54Z list
2026-05-06T18:14:54Z add
2026-05-06T18:14:54Z ready
2026-05-06T18:22:50Z show
2026-05-06T18:22:50Z list
2026-05-06T18:22:50Z add
2026-05-06T18:22:50Z show
2026-05-06T18:22:50Z list
2026-05-06T18:22:50Z add
2026-05-06T18:22:50Z show
2026-05-06T18:22:50Z list
2026-05-06T18:22:50Z add
2026-05-06T18:22:50Z ready
2026-05-06T18:30:41Z show
2026-05-06T18:30:41Z list
2026-05-06T18:30:41Z add
2026-05-06T18:30:41Z show
2026-05-06T18:30:41Z list
2026-05-06T18:30:41Z add
2026-05-06T18:30:41Z show
2026-05-06T18:30:41Z list
2026-05-06T18:30:41Z add
2026-05-06T18:30:41Z ready
2026-05-06T18:38:37Z show
2026-05-06T18:38:37Z list
2026-05-06T18:38:37Z add
2026-05-06T18:38:37Z show
2026-05-06T18:38:37Z list
2026-05-06T18:38:37Z add
2026-05-06T18:38:37Z show
2026-05-06T18:38:37Z list
2026-05-06T18:38:37Z add
2026-05-06T18:38:37Z ready
2026-05-06T18:46:28Z show
2026-05-06T18:46:28Z list
2026-05-06T18:46:28Z add
2026-05-06T18:46:28Z show
2026-05-06T18:46:28Z list
2026-05-06T18:46:28Z add
2026-05-06T18:46:28Z show
2026-05-06T18:46:28Z list
2026-05-06T18:46:28Z add
2026-05-06T18:46:28Z ready
2026-05-06T18:54:22Z show
2026-05-06T18:54:22Z list
2026-05-06T18:54:22Z add
2026-05-06T18:54:22Z show
2026-05-06T18:54:23Z list
2026-05-06T18:54:23Z add
2026-05-06T18:54:23Z show
2026-05-06T18:54:23Z list
2026-05-06T18:54:23Z add
2026-05-06T18:54:23Z ready
2026-05-06T19:02:12Z show
2026-05-06T19:02:12Z list
2026-05-06T19:02:12Z add
2026-05-06T19:02:12Z show
2026-05-06T19:02:12Z list
2026-05-06T19:02:12Z add
2026-05-06T19:02:12Z show
2026-05-06T19:02:12Z list
2026-05-06T19:02:12Z add
2026-05-06T19:02:13Z ready
2026-05-06T19:10:04Z show
2026-05-06T19:10:04Z list
2026-05-06T19:10:04Z add
2026-05-06T19:10:04Z show
2026-05-06T19:10:04Z list
2026-05-06T19:10:04Z add
2026-05-06T19:10:04Z show
2026-05-06T19:10:04Z list
2026-05-06T19:10:04Z add
2026-05-06T19:10:04Z ready
2026-05-06T19:17:51Z show
2026-05-06T19:17:51Z list
2026-05-06T19:17:51Z add
2026-05-06T19:17:51Z show
2026-05-06T19:17:51Z list
2026-05-06T19:17:51Z add
2026-05-06T19:17:51Z show
2026-05-06T19:17:51Z list
2026-05-06T19:17:51Z add
2026-05-06T19:17:52Z ready
2026-05-06T19:25:50Z show
2026-05-06T19:25:50Z list
2026-05-06T19:25:51Z add
2026-05-06T19:25:51Z show
2026-05-06T19:25:51Z list
2026-05-06T19:25:51Z add
2026-05-06T19:25:51Z show
2026-05-06T19:25:51Z list
2026-05-06T19:25:51Z add
2026-05-06T19:25:51Z ready
2026-05-06T19:33:41Z show
2026-05-06T19:33:41Z list
2026-05-06T19:33:41Z add
2026-05-06T19:33:41Z show
2026-05-06T19:33:41Z list
2026-05-06T19:33:41Z add
2026-05-06T19:33:41Z show
2026-05-06T19:33:41Z list
2026-05-06T19:33:41Z add
2026-05-06T19:33:42Z ready
2026-05-06T19:41:41Z show
2026-05-06T19:41:41Z list
2026-05-06T19:41:41Z add
2026-05-06T19:41:41Z show
2026-05-06T19:41:41Z list
2026-05-06T19:41:41Z add
2026-05-06T19:41:41Z show
2026-05-06T19:41:41Z list
2026-05-06T19:41:41Z add
2026-05-06T19:41:41Z ready
2026-05-06T19:49:30Z show
2026-05-06T19:49:30Z list
2026-05-06T19:49:30Z add
2026-05-06T19:49:30Z show
2026-05-06T19:49:30Z list
2026-05-06T19:49:30Z add
2026-05-06T19:49:30Z show
2026-05-06T19:49:30Z list
2026-05-06T19:49:30Z add
2026-05-06T19:49:31Z ready
2026-05-06T19:59:29Z show
2026-05-06T19:59:29Z list
2026-05-06T19:59:29Z add
2026-05-06T19:59:29Z show
2026-05-06T19:59:29Z list
2026-05-06T19:59:29Z add
2026-05-06T19:59:29Z show
2026-05-06T19:59:29Z list
2026-05-06T19:59:29Z add
2026-05-06T19:59:29Z ready
2026-05-06T20:09:22Z show
2026-05-06T20:09:22Z list
2026-05-06T20:09:22Z add
2026-05-06T20:09:22Z show
2026-05-06T20:09:22Z list
2026-05-06T20:09:22Z add
2026-05-06T20:09:22Z show
2026-05-06T20:09:22Z list
2026-05-06T20:09:22Z add
2026-05-06T20:09:22Z ready
2026-05-06T20:19:27Z show
2026-05-06T20:19:27Z list
2026-05-06T20:19:27Z add
2026-05-06T20:19:27Z show
2026-05-06T20:19:27Z list
2026-05-06T20:19:27Z add
2026-05-06T20:19:27Z show
2026-05-06T20:19:27Z list
2026-05-06T20:19:27Z add
2026-05-06T20:19:27Z ready
2026-05-06T20:29:54Z show
2026-05-06T20:29:54Z list
2026-05-06T20:29:54Z add
2026-05-06T20:29:54Z show
2026-05-06T20:29:54Z list
2026-05-06T20:29:54Z add
2026-05-06T20:29:54Z show
2026-05-06T20:29:54Z list
2026-05-06T20:29:54Z add
2026-05-06T20:29:54Z ready
2026-05-06T20:41:04Z show
2026-05-06T20:41:04Z list
2026-05-06T20:41:04Z add
2026-05-06T20:41:04Z show
2026-05-06T20:41:04Z list
2026-05-06T20:41:04Z add
2026-05-06T20:41:04Z show
2026-05-06T20:41:04Z list
2026-05-06T20:41:04Z add
2026-05-06T20:41:04Z ready
2026-05-06T20:51:30Z show
2026-05-06T20:51:30Z list
2026-05-06T20:51:30Z add
2026-05-06T20:51:30Z show
2026-05-06T20:51:30Z list
2026-05-06T20:51:30Z add
2026-05-06T20:51:30Z show
2026-05-06T20:51:30Z list
2026-05-06T20:51:30Z add
2026-05-06T20:51:30Z ready
2026-05-06T21:02:03Z show
2026-05-06T21:02:03Z list
2026-05-06T21:02:03Z add
2026-05-06T21:02:03Z show
2026-05-06T21:02:03Z list
2026-05-06T21:02:03Z add
2026-05-06T21:02:03Z show
2026-05-06T21:02:03Z list
2026-05-06T21:02:03Z add
2026-05-06T21:02:03Z ready
2026-05-06T21:12:24Z show
2026-05-06T21:12:24Z list
2026-05-06T21:12:24Z add
2026-05-06T21:12:24Z show
2026-05-06T21:12:24Z list
2026-05-06T21:12:24Z add
2026-05-06T21:12:24Z show
2026-05-06T21:12:24Z list
2026-05-06T21:12:24Z add
2026-05-06T21:12:24Z ready
2026-05-06T21:22:47Z show
2026-05-06T21:22:47Z list
2026-05-06T21:22:47Z add
2026-05-06T21:22:47Z show
2026-05-06T21:22:47Z list
2026-05-06T21:22:47Z add
2026-05-06T21:22:47Z show
2026-05-06T21:22:47Z list
2026-05-06T21:22:47Z add
2026-05-06T21:22:47Z ready
2026-05-06T21:33:17Z show
2026-05-06T21:33:17Z list
2026-05-06T21:33:17Z add
2026-05-06T21:33:17Z show
2026-05-06T21:33:17Z list
2026-05-06T21:33:17Z add
2026-05-06T21:33:17Z show
2026-05-06T21:33:17Z list
2026-05-06T21:33:17Z add
2026-05-06T21:33:18Z ready
2026-05-06T21:43:46Z show
2026-05-06T21:43:46Z list
2026-05-06T21:43:46Z add
2026-05-06T21:43:46Z show
2026-05-06T21:43:46Z list
2026-05-06T21:43:46Z add
2026-05-06T21:43:46Z show
2026-05-06T21:43:46Z list
2026-05-06T21:43:46Z add
2026-05-06T21:43:46Z ready
2026-05-06T21:54:13Z show
2026-05-06T21:54:13Z list
2026-05-06T21:54:13Z add
2026-05-06T21:54:13Z show
2026-05-06T21:54:13Z list
2026-05-06T21:54:13Z add
2026-05-06T21:54:13Z show
2026-05-06T21:54:13Z list
2026-05-06T21:54:13Z add
2026-05-06T21:54:14Z ready
2026-05-06T22:04:38Z show
2026-05-06T22:04:38Z list
2026-05-06T22:04:38Z add
2026-05-06T22:04:38Z show
2026-05-06T22:04:38Z list
2026-05-06T22:04:38Z add
2026-05-06T22:04:38Z show
2026-05-06T22:04:38Z list
2026-05-06T22:04:38Z add
2026-05-06T22:04:38Z ready
2026-05-06T22:15:00Z show
2026-05-06T22:15:00Z list
2026-05-06T22:15:00Z add
2026-05-06T22:15:00Z show
2026-05-06T22:15:00Z list
2026-05-06T22:15:00Z add
2026-05-06T22:15:00Z show
2026-05-06T22:15:00Z list
2026-05-06T22:15:00Z add
2026-05-06T22:15:01Z ready
2026-05-06T22:25:24Z show
2026-05-06T22:25:24Z list
2026-05-06T22:25:24Z add
2026-05-06T22:25:24Z show
2026-05-06T22:25:24Z list
2026-05-06T22:25:24Z add
2026-05-06T22:25:24Z show
2026-05-06T22:25:24Z list
2026-05-06T22:25:24Z add
2026-05-06T22:25:25Z ready
2026-05-06T22:35:49Z show
2026-05-06T22:35:49Z list
2026-05-06T22:35:49Z add
2026-05-06T22:35:49Z show
2026-05-06T22:35:49Z list
2026-05-06T22:35:49Z add
2026-05-06T22:35:49Z show
2026-05-06T22:35:49Z list
2026-05-06T22:35:49Z add
2026-05-06T22:35:49Z ready
2026-05-06T22:46:14Z show
2026-05-06T22:46:14Z list
2026-05-06T22:46:14Z add
2026-05-06T22:46:14Z show
2026-05-06T22:46:14Z list
2026-05-06T22:46:14Z add
2026-05-06T22:46:14Z show
2026-05-06T22:46:14Z list
2026-05-06T22:46:14Z add
2026-05-06T22:46:14Z ready
2026-05-06T22:56:37Z show
2026-05-06T22:56:37Z list
2026-05-06T22:56:37Z add
2026-05-06T22:56:37Z show
2026-05-06T22:56:37Z list
2026-05-06T22:56:37Z add
2026-05-06T22:56:37Z show
2026-05-06T22:56:37Z list
2026-05-06T22:56:37Z add
2026-05-06T22:56:37Z ready
2026-05-06T23:07:01Z show
2026-05-06T23:07:01Z list
2026-05-06T23:07:01Z add
2026-05-06T23:07:01Z show
2026-05-06T23:07:01Z list
2026-05-06T23:07:01Z add
2026-05-06T23:07:01Z show
2026-05-06T23:07:01Z list
2026-05-06T23:07:01Z add
2026-05-06T23:07:02Z ready
2026-05-06T23:17:25Z show
2026-05-06T23:17:25Z list
2026-05-06T23:17:25Z add
2026-05-06T23:17:25Z show
2026-05-06T23:17:25Z list
2026-05-06T23:17:25Z add
2026-05-06T23:17:25Z show
2026-05-06T23:17:25Z list
2026-05-06T23:17:25Z add
2026-05-06T23:17:25Z ready
2026-05-06T23:27:48Z show
2026-05-06T23:27:48Z list
2026-05-06T23:27:48Z add
2026-05-06T23:27:48Z show
2026-05-06T23:27:48Z list
2026-05-06T23:27:48Z add
2026-05-06T23:27:48Z show
2026-05-06T23:27:48Z list
2026-05-06T23:27:48Z add
2026-05-06T23:27:48Z ready
2026-05-06T23:38:11Z show
2026-05-06T23:38:11Z list
2026-05-06T23:38:11Z add
2026-05-06T23:38:11Z show
2026-05-06T23:38:11Z list
2026-05-06T23:38:11Z add
2026-05-06T23:38:11Z show
2026-05-06T23:38:11Z list
2026-05-06T23:38:11Z add
2026-05-06T23:38:11Z ready
2026-05-06T23:48:37Z show
2026-05-06T23:48:37Z list
2026-05-06T23:48:37Z add
2026-05-06T23:48:37Z show
2026-05-06T23:48:37Z list
2026-05-06T23:48:37Z add
2026-05-06T23:48:37Z show
2026-05-06T23:48:37Z list
2026-05-06T23:48:37Z add
2026-05-06T23:48:37Z ready
2026-05-06T23:59:02Z show
2026-05-06T23:59:02Z list
2026-05-06T23:59:02Z add
2026-05-06T23:59:02Z show
2026-05-06T23:59:02Z list
2026-05-06T23:59:02Z add
2026-05-06T23:59:02Z show
2026-05-06T23:59:02Z list
2026-05-06T23:59:02Z add
2026-05-06T23:59:02Z ready
2026-05-07T00:09:25Z show
2026-05-07T00:09:25Z list
2026-05-07T00:09:25Z add
2026-05-07T00:09:25Z show
2026-05-07T00:09:25Z list
2026-05-07T00:09:25Z add
2026-05-07T00:09:25Z show
2026-05-07T00:09:25Z list
2026-05-07T00:09:25Z add
2026-05-07T00:09:25Z ready
2026-05-07T00:19:51Z show
2026-05-07T00:19:51Z list
2026-05-07T00:19:51Z add
2026-05-07T00:19:51Z show
2026-05-07T00:19:51Z list
2026-05-07T00:19:51Z add
2026-05-07T00:19:51Z show
2026-05-07T00:19:51Z list
2026-05-07T00:19:51Z add
2026-05-07T00:19:51Z ready
2026-05-07T00:30:15Z show
2026-05-07T00:30:15Z list
2026-05-07T00:30:15Z add
2026-05-07T00:30:15Z show
2026-05-07T00:30:15Z list
2026-05-07T00:30:15Z add
2026-05-07T00:30:15Z show
2026-05-07T00:30:15Z list
2026-05-07T00:30:15Z add
2026-05-07T00:30:16Z ready
2026-05-07T00:40:41Z show
2026-05-07T00:40:41Z list
2026-05-07T00:40:41Z add
2026-05-07T00:40:41Z show
2026-05-07T00:40:41Z list
2026-05-07T00:40:41Z add
2026-05-07T00:40:41Z show
2026-05-07T00:40:41Z list
2026-05-07T00:40:41Z add
2026-05-07T00:40:41Z ready
2026-05-07T00:51:09Z show
2026-05-07T00:51:09Z list
2026-05-07T00:51:09Z add
2026-05-07T00:51:09Z show
2026-05-07T00:51:09Z list
2026-05-07T00:51:09Z add
2026-05-07T00:51:09Z show
2026-05-07T00:51:09Z list
2026-05-07T00:51:09Z add
2026-05-07T00:51:10Z ready
2026-05-07T01:01:33Z show
2026-05-07T01:01:33Z list
2026-05-07T01:01:33Z add
2026-05-07T01:01:33Z show
2026-05-07T01:01:33Z list
2026-05-07T01:01:33Z add
2026-05-07T01:01:33Z show
2026-05-07T01:01:33Z list
2026-05-07T01:01:33Z add
2026-05-07T01:01:33Z ready
2026-05-07T01:11:56Z show
2026-05-07T01:11:56Z list
2026-05-07T01:11:56Z add
2026-05-07T01:11:56Z show
2026-05-07T01:11:56Z list
2026-05-07T01:11:56Z add
2026-05-07T01:11:56Z show
2026-05-07T01:11:56Z list
2026-05-07T01:11:56Z add
2026-05-07T01:11:56Z ready
2026-05-07T01:22:20Z show
2026-05-07T01:22:20Z list
2026-05-07T01:22:20Z add
2026-05-07T01:22:20Z show
2026-05-07T01:22:20Z list
2026-05-07T01:22:20Z add
2026-05-07T01:22:20Z show
2026-05-07T01:22:20Z list
2026-05-07T01:22:20Z add
2026-05-07T01:22:20Z ready
2026-05-07T01:32:42Z show
2026-05-07T01:32:42Z list
2026-05-07T01:32:42Z add
2026-05-07T01:32:42Z show
2026-05-07T01:32:42Z list
2026-05-07T01:32:42Z add
2026-05-07T01:32:42Z show
2026-05-07T01:32:42Z list
2026-05-07T01:32:42Z add
2026-05-07T01:32:43Z ready
2026-05-07T01:43:09Z show
2026-05-07T01:43:09Z list
2026-05-07T01:43:09Z add
2026-05-07T01:43:09Z show
2026-05-07T01:43:09Z list
2026-05-07T01:43:09Z add
2026-05-07T01:43:09Z show
2026-05-07T01:43:09Z list
2026-05-07T01:43:09Z add
2026-05-07T01:43:09Z ready
2026-05-07T01:53:31Z show
2026-05-07T01:53:31Z list
2026-05-07T01:53:31Z add
2026-05-07T01:53:31Z show
2026-05-07T01:53:31Z list
2026-05-07T01:53:31Z add
2026-05-07T01:53:31Z show
2026-05-07T01:53:32Z list
2026-05-07T01:53:32Z add
2026-05-07T01:53:32Z ready
2026-05-07T02:03:53Z show
2026-05-07T02:03:53Z list
2026-05-07T02:03:53Z add
2026-05-07T02:03:53Z show
2026-05-07T02:03:53Z list
2026-05-07T02:03:53Z add
2026-05-07T02:03:53Z show
2026-05-07T02:03:53Z list
2026-05-07T02:03:53Z add
2026-05-07T02:03:53Z ready
2026-05-07T02:14:27Z show
2026-05-07T02:14:27Z list
2026-05-07T02:14:27Z add
2026-05-07T02:14:27Z show
2026-05-07T02:14:27Z list
2026-05-07T02:14:27Z add
2026-05-07T02:14:27Z show
2026-05-07T02:14:27Z list
2026-05-07T02:14:27Z add
2026-05-07T02:14:27Z ready
2026-05-07T02:24:53Z show
2026-05-07T02:24:53Z list
2026-05-07T02:24:53Z add
2026-05-07T02:24:53Z show
2026-05-07T02:24:53Z list
2026-05-07T02:24:53Z add
2026-05-07T02:24:53Z show
2026-05-07T02:24:53Z list
2026-05-07T02:24:53Z add
2026-05-07T02:24:53Z ready
2026-05-07T02:35:17Z show
2026-05-07T02:35:17Z list
2026-05-07T02:35:17Z add
2026-05-07T02:35:17Z show
2026-05-07T02:35:17Z list
2026-05-07T02:35:17Z add
2026-05-07T02:35:17Z show
2026-05-07T02:35:17Z list
2026-05-07T02:35:17Z add
2026-05-07T02:35:17Z ready
2026-05-07T02:45:43Z show
2026-05-07T02:45:43Z list
2026-05-07T02:45:43Z add
2026-05-07T02:45:43Z show
2026-05-07T02:45:43Z list
2026-05-07T02:45:43Z add
2026-05-07T02:45:43Z show
2026-05-07T02:45:43Z list
2026-05-07T02:45:43Z add
2026-05-07T02:45:43Z ready
2026-05-07T02:56:09Z show
2026-05-07T02:56:09Z list
2026-05-07T02:56:09Z add
2026-05-07T02:56:09Z show
2026-05-07T02:56:09Z list
2026-05-07T02:56:09Z add
2026-05-07T02:56:09Z show
2026-05-07T02:56:09Z list
2026-05-07T02:56:09Z add
2026-05-07T02:56:09Z ready
2026-05-07T03:06:33Z show
2026-05-07T03:06:33Z list
2026-05-07T03:06:33Z add
2026-05-07T03:06:33Z show
2026-05-07T03:06:33Z list
2026-05-07T03:06:33Z add
2026-05-07T03:06:33Z show
2026-05-07T03:06:33Z list
2026-05-07T03:06:33Z add
2026-05-07T03:06:33Z ready
2026-05-07T03:16:58Z show
2026-05-07T03:16:58Z list
2026-05-07T03:16:58Z add
2026-05-07T03:16:58Z show
2026-05-07T03:16:58Z list
2026-05-07T03:16:58Z add
2026-05-07T03:16:58Z show
2026-05-07T03:16:58Z list
2026-05-07T03:16:58Z add
2026-05-07T03:16:58Z ready
2026-05-07T03:27:28Z show
2026-05-07T03:27:28Z list
2026-05-07T03:27:28Z add
2026-05-07T03:27:28Z show
2026-05-07T03:27:28Z list
2026-05-07T03:27:28Z add
2026-05-07T03:27:28Z show
2026-05-07T03:27:28Z list
2026-05-07T03:27:28Z add
2026-05-07T03:27:29Z ready
2026-05-07T03:37:52Z show
2026-05-07T03:37:52Z list
2026-05-07T03:37:52Z add
2026-05-07T03:37:52Z show
2026-05-07T03:37:52Z list
2026-05-07T03:37:52Z add
2026-05-07T03:37:52Z show
2026-05-07T03:37:52Z list
2026-05-07T03:37:52Z add
2026-05-07T03:37:52Z ready
2026-05-07T03:48:17Z show
2026-05-07T03:48:17Z list
2026-05-07T03:48:17Z add
2026-05-07T03:48:17Z show
2026-05-07T03:48:17Z list
2026-05-07T03:48:17Z add
2026-05-07T03:48:17Z show
2026-05-07T03:48:17Z list
2026-05-07T03:48:17Z add
2026-05-07T03:48:17Z ready
2026-05-07T03:58:41Z show
2026-05-07T03:58:41Z list
2026-05-07T03:58:41Z add
2026-05-07T03:58:41Z show
2026-05-07T03:58:41Z list
2026-05-07T03:58:41Z add
2026-05-07T03:58:41Z show
2026-05-07T03:58:41Z list
2026-05-07T03:58:41Z add
2026-05-07T03:58:41Z ready
2026-05-07T04:09:04Z show
2026-05-07T04:09:04Z list
2026-05-07T04:09:04Z add
2026-05-07T04:09:04Z show
2026-05-07T04:09:04Z list
2026-05-07T04:09:04Z add
2026-05-07T04:09:04Z show
2026-05-07T04:09:04Z list
2026-05-07T04:09:04Z add
2026-05-07T04:09:04Z ready
2026-05-07T04:19:24Z show
2026-05-07T04:19:24Z list
2026-05-07T04:19:24Z add
2026-05-07T04:19:24Z show
2026-05-07T04:19:24Z list
2026-05-07T04:19:24Z add
2026-05-07T04:19:24Z show
2026-05-07T04:19:24Z list
2026-05-07T04:19:24Z add
2026-05-07T04:19:24Z ready
2026-05-07T04:29:46Z show
2026-05-07T04:29:46Z list
2026-05-07T04:29:46Z add
2026-05-07T04:29:46Z show
2026-05-07T04:29:46Z list
2026-05-07T04:29:46Z add
2026-05-07T04:29:46Z show
2026-05-07T04:29:46Z list
2026-05-07T04:29:46Z add
2026-05-07T04:29:46Z ready
2026-05-07T04:40:09Z show
2026-05-07T04:40:09Z list
2026-05-07T04:40:09Z add
2026-05-07T04:40:09Z show
2026-05-07T04:40:09Z list
2026-05-07T04:40:09Z add
2026-05-07T04:40:09Z show
2026-05-07T04:40:09Z list
2026-05-07T04:40:09Z add
2026-05-07T04:40:10Z ready
2026-05-07T04:50:30Z show
2026-05-07T04:50:30Z list
2026-05-07T04:50:30Z add
2026-05-07T04:50:30Z show
2026-05-07T04:50:30Z list
2026-05-07T04:50:30Z add
2026-05-07T04:50:30Z show
2026-05-07T04:50:30Z list
2026-05-07T04:50:30Z add
2026-05-07T04:50:30Z ready
2026-05-07T05:00:57Z show
2026-05-07T05:00:57Z list
2026-05-07T05:00:57Z add
2026-05-07T05:00:57Z show
2026-05-07T05:00:57Z list
2026-05-07T05:00:57Z add
2026-05-07T05:00:57Z show
2026-05-07T05:00:57Z list
2026-05-07T05:00:57Z add
2026-05-07T05:00:57Z ready
2026-05-07T05:11:18Z show
2026-05-07T05:11:18Z list
2026-05-07T05:11:18Z add
2026-05-07T05:11:18Z show
2026-05-07T05:11:18Z list
2026-05-07T05:11:18Z add
2026-05-07T05:11:18Z show
2026-05-07T05:11:18Z list
2026-05-07T05:11:18Z add
2026-05-07T05:11:18Z ready
2026-05-07T05:21:40Z show
2026-05-07T05:21:40Z list
2026-05-07T05:21:40Z add
2026-05-07T05:21:40Z show
2026-05-07T05:21:40Z list
2026-05-07T05:21:40Z add
2026-05-07T05:21:40Z show
2026-05-07T05:21:40Z list
2026-05-07T05:21:40Z add
2026-05-07T05:21:40Z ready
2026-05-07T05:32:05Z show
2026-05-07T05:32:05Z list
2026-05-07T05:32:05Z add
2026-05-07T05:32:05Z show
2026-05-07T05:32:05Z list
2026-05-07T05:32:05Z add
2026-05-07T05:32:05Z show
2026-05-07T05:32:05Z list
2026-05-07T05:32:05Z add
2026-05-07T05:32:05Z ready
2026-05-07T05:42:29Z show
2026-05-07T05:42:29Z list
2026-05-07T05:42:29Z add
2026-05-07T05:42:29Z show
2026-05-07T05:42:29Z list
2026-05-07T05:42:29Z add
2026-05-07T05:42:29Z show
2026-05-07T05:42:29Z list
2026-05-07T05:42:29Z add
2026-05-07T05:42:29Z ready
2026-05-07T05:52:57Z show
2026-05-07T05:52:57Z list
2026-05-07T05:52:57Z add
2026-05-07T05:52:57Z show
2026-05-07T05:52:57Z list
2026-05-07T05:52:57Z add
2026-05-07T05:52:57Z show
2026-05-07T05:52:57Z list
2026-05-07T05:52:57Z add
2026-05-07T05:52:57Z ready
2026-05-07T06:03:19Z show
2026-05-07T06:03:19Z list
2026-05-07T06:03:19Z add
2026-05-07T06:03:19Z show
2026-05-07T06:03:19Z list
2026-05-07T06:03:19Z add
2026-05-07T06:03:19Z show
2026-05-07T06:03:19Z list
2026-05-07T06:03:19Z add
2026-05-07T06:03:19Z ready
2026-05-07T06:13:47Z show
2026-05-07T06:13:47Z list
2026-05-07T06:13:47Z add
2026-05-07T06:13:47Z show
2026-05-07T06:13:47Z list
2026-05-07T06:13:47Z add
2026-05-07T06:13:47Z show
2026-05-07T06:13:47Z list
2026-05-07T06:13:47Z add
2026-05-07T06:13:47Z ready
2026-05-07T06:24:13Z show
2026-05-07T06:24:13Z list
2026-05-07T06:24:13Z add
2026-05-07T06:24:13Z show
2026-05-07T06:24:13Z list
2026-05-07T06:24:13Z add
2026-05-07T06:24:13Z show
2026-05-07T06:24:13Z list
2026-05-07T06:24:13Z add
2026-05-07T06:24:13Z ready
2026-05-07T06:34:37Z show
2026-05-07T06:34:37Z list
2026-05-07T06:34:37Z add
2026-05-07T06:34:37Z show
2026-05-07T06:34:37Z list
2026-05-07T06:34:37Z add
2026-05-07T06:34:37Z show
2026-05-07T06:34:37Z list
2026-05-07T06:34:37Z add
2026-05-07T06:34:38Z ready
2026-05-07T06:45:06Z show
2026-05-07T06:45:06Z list
2026-05-07T06:45:06Z add
2026-05-07T06:45:06Z show
2026-05-07T06:45:06Z list
2026-05-07T06:45:06Z add
2026-05-07T06:45:06Z show
2026-05-07T06:45:06Z list
2026-05-07T06:45:06Z add
2026-05-07T06:45:07Z ready
2026-05-07T06:55:37Z show
2026-05-07T06:55:37Z list
2026-05-07T06:55:37Z add
2026-05-07T06:55:37Z show
2026-05-07T06:55:37Z list
2026-05-07T06:55:37Z add
2026-05-07T06:55:37Z show
2026-05-07T06:55:37Z list
2026-05-07T06:55:37Z add
2026-05-07T06:55:38Z ready
2026-05-07T07:05:59Z show
2026-05-07T07:05:59Z list
2026-05-07T07:05:59Z add
2026-05-07T07:05:59Z show
2026-05-07T07:05:59Z list
2026-05-07T07:05:59Z add
2026-05-07T07:05:59Z show
2026-05-07T07:05:59Z list
2026-05-07T07:05:59Z add
2026-05-07T07:05:59Z ready
2026-05-07T07:16:21Z show
2026-05-07T07:16:21Z list
2026-05-07T07:16:21Z add
2026-05-07T07:16:21Z show
2026-05-07T07:16:21Z list
2026-05-07T07:16:21Z add
2026-05-07T07:16:21Z show
2026-05-07T07:16:21Z list
2026-05-07T07:16:21Z add
2026-05-07T07:16:21Z ready
2026-05-07T07:26:42Z show
2026-05-07T07:26:42Z list
2026-05-07T07:26:42Z add
2026-05-07T07:26:42Z show
2026-05-07T07:26:43Z list
2026-05-07T07:26:43Z add
2026-05-07T07:26:43Z show
2026-05-07T07:26:43Z list
2026-05-07T07:26:43Z add
2026-05-07T07:26:43Z ready
2026-05-07T07:37:12Z show
2026-05-07T07:37:12Z list
2026-05-07T07:37:12Z add
2026-05-07T07:37:12Z show
2026-05-07T07:37:12Z list
2026-05-07T07:37:12Z add
2026-05-07T07:37:12Z show
2026-05-07T07:37:12Z list
2026-05-07T07:37:12Z add
2026-05-07T07:37:12Z ready
2026-05-07T07:47:36Z show
2026-05-07T07:47:36Z list
2026-05-07T07:47:36Z add
2026-05-07T07:47:36Z show
2026-05-07T07:47:36Z list
2026-05-07T07:47:36Z add
2026-05-07T07:47:36Z show
2026-05-07T07:47:36Z list
2026-05-07T07:47:36Z add
2026-05-07T07:47:36Z ready
2026-05-07T07:57:58Z show
2026-05-07T07:57:58Z list
2026-05-07T07:57:58Z add
2026-05-07T07:57:58Z show
2026-05-07T07:57:58Z list
2026-05-07T07:57:58Z add
2026-05-07T07:57:58Z show
2026-05-07T07:57:58Z list
2026-05-07T07:57:58Z add
2026-05-07T07:57:58Z ready
2026-05-07T08:08:18Z show
2026-05-07T08:08:18Z list
2026-05-07T08:08:18Z add
2026-05-07T08:08:18Z show
2026-05-07T08:08:18Z list
2026-05-07T08:08:18Z add
2026-05-07T08:08:18Z show
2026-05-07T08:08:18Z list
2026-05-07T08:08:18Z add
2026-05-07T08:08:19Z ready
2026-05-07T08:18:43Z show
2026-05-07T08:18:43Z list
2026-05-07T08:18:43Z add
2026-05-07T08:18:43Z show
2026-05-07T08:18:43Z list
2026-05-07T08:18:43Z add
2026-05-07T08:18:43Z show
2026-05-07T08:18:43Z list
2026-05-07T08:18:43Z add
2026-05-07T08:18:43Z ready
2026-05-07T08:29:15Z show
2026-05-07T08:29:15Z list
2026-05-07T08:29:15Z add
2026-05-07T08:29:15Z show
2026-05-07T08:29:15Z list
2026-05-07T08:29:15Z add
2026-05-07T08:29:15Z show
2026-05-07T08:29:15Z list
2026-05-07T08:29:15Z add
2026-05-07T08:29:15Z ready
2026-05-07T08:39:38Z show
2026-05-07T08:39:38Z list
2026-05-07T08:39:38Z add
2026-05-07T08:39:38Z show
2026-05-07T08:39:38Z list
2026-05-07T08:39:38Z add
2026-05-07T08:39:38Z show
2026-05-07T08:39:38Z list
2026-05-07T08:39:38Z add
2026-05-07T08:39:38Z ready
2026-05-07T08:50:05Z show
2026-05-07T08:50:05Z list
2026-05-07T08:50:05Z add
2026-05-07T08:50:05Z show
2026-05-07T08:50:05Z list
2026-05-07T08:50:05Z add
2026-05-07T08:50:05Z show
2026-05-07T08:50:05Z list
2026-05-07T08:50:05Z add
2026-05-07T08:50:05Z ready
2026-05-07T09:00:33Z show
2026-05-07T09:00:33Z list
2026-05-07T09:00:33Z add
2026-05-07T09:00:33Z show
2026-05-07T09:00:33Z list
2026-05-07T09:00:33Z add
2026-05-07T09:00:33Z show
2026-05-07T09:00:33Z list
2026-05-07T09:00:33Z add
2026-05-07T09:00:33Z ready
2026-05-07T09:10:59Z show
2026-05-07T09:10:59Z list
2026-05-07T09:10:59Z add
2026-05-07T09:10:59Z show
2026-05-07T09:10:59Z list
2026-05-07T09:10:59Z add
2026-05-07T09:10:59Z show
2026-05-07T09:10:59Z list
2026-05-07T09:10:59Z add
2026-05-07T09:11:00Z ready
2026-05-07T09:21:25Z show
2026-05-07T09:21:25Z list
2026-05-07T09:21:25Z add
2026-05-07T09:21:25Z show
2026-05-07T09:21:25Z list
2026-05-07T09:21:25Z add
2026-05-07T09:21:25Z show
2026-05-07T09:21:25Z list
2026-05-07T09:21:25Z add
2026-05-07T09:21:26Z ready
2026-05-07T09:31:49Z show
2026-05-07T09:31:49Z list
2026-05-07T09:31:49Z add
2026-05-07T09:31:49Z show
2026-05-07T09:31:49Z list
2026-05-07T09:31:49Z add
2026-05-07T09:31:49Z show
2026-05-07T09:31:49Z list
2026-05-07T09:31:49Z add
2026-05-07T09:31:49Z ready
2026-05-07T09:42:15Z show
2026-05-07T09:42:15Z list
2026-05-07T09:42:15Z add
2026-05-07T09:42:15Z show
2026-05-07T09:42:15Z list
2026-05-07T09:42:15Z add
2026-05-07T09:42:15Z show
2026-05-07T09:42:15Z list
2026-05-07T09:42:15Z add
2026-05-07T09:42:15Z ready
2026-05-07T09:52:40Z show
2026-05-07T09:52:40Z list
2026-05-07T09:52:40Z add
2026-05-07T09:52:40Z show
2026-05-07T09:52:40Z list
2026-05-07T09:52:40Z add
2026-05-07T09:52:40Z show
2026-05-07T09:52:40Z list
2026-05-07T09:52:40Z add
2026-05-07T09:52:40Z ready
2026-05-07T10:03:05Z show
2026-05-07T10:03:05Z list
2026-05-07T10:03:05Z add
2026-05-07T10:03:05Z show
2026-05-07T10:03:05Z list
2026-05-07T10:03:05Z add
2026-05-07T10:03:05Z show
2026-05-07T10:03:05Z list
2026-05-07T10:03:05Z add
2026-05-07T10:03:05Z ready
2026-05-07T10:13:30Z show
2026-05-07T10:13:30Z list
2026-05-07T10:13:31Z add
2026-05-07T10:13:31Z show
2026-05-07T10:13:31Z list
2026-05-07T10:13:31Z add
2026-05-07T10:13:31Z show
2026-05-07T10:13:31Z list
2026-05-07T10:13:31Z add
2026-05-07T10:13:31Z ready
2026-05-07T10:23:53Z show
2026-05-07T10:23:53Z list
2026-05-07T10:23:53Z add
2026-05-07T10:23:53Z show
2026-05-07T10:23:53Z list
2026-05-07T10:23:53Z add
2026-05-07T10:23:53Z show
2026-05-07T10:23:53Z list
2026-05-07T10:23:53Z add
2026-05-07T10:23:54Z ready
2026-05-07T10:34:17Z show
2026-05-07T10:34:17Z list
2026-05-07T10:34:17Z add
2026-05-07T10:34:17Z show
2026-05-07T10:34:17Z list
2026-05-07T10:34:17Z add
2026-05-07T10:34:17Z show
2026-05-07T10:34:17Z list
2026-05-07T10:34:17Z add
2026-05-07T10:34:17Z ready
2026-05-07T10:44:47Z show
2026-05-07T10:44:47Z list
2026-05-07T10:44:47Z add
2026-05-07T10:44:47Z show
2026-05-07T10:44:47Z list
2026-05-07T10:44:47Z add
2026-05-07T10:44:47Z show
2026-05-07T10:44:47Z list
2026-05-07T10:44:47Z add
2026-05-07T10:44:47Z ready
2026-05-07T10:55:10Z show
2026-05-07T10:55:10Z list
2026-05-07T10:55:10Z add
2026-05-07T10:55:10Z show
2026-05-07T10:55:10Z list
2026-05-07T10:55:10Z add
2026-05-07T10:55:10Z show
2026-05-07T10:55:10Z list
2026-05-07T10:55:10Z add
2026-05-07T10:55:10Z ready
2026-05-07T11:05:37Z show
2026-05-07T11:05:37Z list
2026-05-07T11:05:37Z add
2026-05-07T11:05:37Z show
2026-05-07T11:05:37Z list
2026-05-07T11:05:37Z add
2026-05-07T11:05:37Z show
2026-05-07T11:05:37Z list
2026-05-07T11:05:37Z add
2026-05-07T11:05:38Z ready
2026-05-07T11:15:58Z show
2026-05-07T11:15:58Z list
2026-05-07T11:15:58Z add
2026-05-07T11:15:58Z show
2026-05-07T11:15:58Z list
2026-05-07T11:15:58Z add
2026-05-07T11:15:58Z show
2026-05-07T11:15:58Z list
2026-05-07T11:15:58Z add
2026-05-07T11:15:59Z ready
2026-05-07T11:26:24Z show
2026-05-07T11:26:24Z list
2026-05-07T11:26:24Z add
2026-05-07T11:26:24Z show
2026-05-07T11:26:24Z list
2026-05-07T11:26:24Z add
2026-05-07T11:26:24Z show
2026-05-07T11:26:24Z list
2026-05-07T11:26:24Z add
2026-05-07T11:26:24Z ready
2026-05-07T11:36:46Z show
2026-05-07T11:36:46Z list
2026-05-07T11:36:46Z add
2026-05-07T11:36:46Z show
2026-05-07T11:36:46Z list
2026-05-07T11:36:46Z add
2026-05-07T11:36:46Z show
2026-05-07T11:36:46Z list
2026-05-07T11:36:46Z add
2026-05-07T11:36:46Z ready
2026-05-07T11:47:11Z show
2026-05-07T11:47:11Z list
2026-05-07T11:47:11Z add
2026-05-07T11:47:11Z show
2026-05-07T11:47:11Z list
2026-05-07T11:47:11Z add
2026-05-07T11:47:11Z show
2026-05-07T11:47:11Z list
2026-05-07T11:47:11Z add
2026-05-07T11:47:12Z ready
2026-05-07T11:57:43Z show
2026-05-07T11:57:43Z list
2026-05-07T11:57:43Z add
2026-05-07T11:57:43Z show
2026-05-07T11:57:43Z list
2026-05-07T11:57:43Z add
2026-05-07T11:57:43Z show
2026-05-07T11:57:43Z list
2026-05-07T11:57:43Z add
2026-05-07T11:57:43Z ready
2026-05-07T12:08:04Z show
2026-05-07T12:08:04Z list
2026-05-07T12:08:04Z add
2026-05-07T12:08:04Z show
2026-05-07T12:08:04Z list
2026-05-07T12:08:04Z add
2026-05-07T12:08:04Z show
2026-05-07T12:08:04Z list
2026-05-07T12:08:04Z add
2026-05-07T12:08:04Z ready
2026-05-07T12:18:26Z show
2026-05-07T12:18:26Z list
2026-05-07T12:18:26Z add
2026-05-07T12:18:26Z show
2026-05-07T12:18:26Z list
2026-05-07T12:18:26Z add
2026-05-07T12:18:26Z show
2026-05-07T12:18:26Z list
2026-05-07T12:18:26Z add
2026-05-07T12:18:26Z ready
2026-05-07T12:28:55Z show
2026-05-07T12:28:55Z list
2026-05-07T12:28:55Z add
2026-05-07T12:28:55Z show
2026-05-07T12:28:55Z list
2026-05-07T12:28:55Z add
2026-05-07T12:28:55Z show
2026-05-07T12:28:55Z list
2026-05-07T12:28:55Z add
2026-05-07T12:28:55Z ready
2026-05-07T12:39:18Z show
2026-05-07T12:39:18Z list
2026-05-07T12:39:18Z add
2026-05-07T12:39:18Z show
2026-05-07T12:39:18Z list
2026-05-07T12:39:18Z add
2026-05-07T12:39:18Z show
2026-05-07T12:39:18Z list
2026-05-07T12:39:18Z add
2026-05-07T12:39:18Z ready
2026-05-07T12:49:46Z show
2026-05-07T12:49:46Z list
2026-05-07T12:49:46Z add
2026-05-07T12:49:46Z show
2026-05-07T12:49:46Z list
2026-05-07T12:49:46Z add
2026-05-07T12:49:46Z show
2026-05-07T12:49:46Z list
2026-05-07T12:49:46Z add
2026-05-07T12:49:46Z ready
2026-05-07T13:00:13Z show
2026-05-07T13:00:13Z list
2026-05-07T13:00:13Z add
2026-05-07T13:00:13Z show
2026-05-07T13:00:13Z list
2026-05-07T13:00:13Z add
2026-05-07T13:00:13Z show
2026-05-07T13:00:13Z list
2026-05-07T13:00:13Z add
2026-05-07T13:00:13Z ready
2026-05-07T13:10:41Z show
2026-05-07T13:10:41Z list
2026-05-07T13:10:41Z add
2026-05-07T13:10:41Z show
2026-05-07T13:10:41Z list
2026-05-07T13:10:41Z add
2026-05-07T13:10:41Z show
2026-05-07T13:10:41Z list
2026-05-07T13:10:41Z add
2026-05-07T13:10:41Z ready
2026-05-07T13:21:04Z show
2026-05-07T13:21:04Z list
2026-05-07T13:21:04Z add
2026-05-07T13:21:04Z show
2026-05-07T13:21:04Z list
2026-05-07T13:21:04Z add
2026-05-07T13:21:04Z show
2026-05-07T13:21:04Z list
2026-05-07T13:21:04Z add
2026-05-07T13:21:05Z ready
2026-05-07T13:31:34Z show
2026-05-07T13:31:34Z list
2026-05-07T13:31:34Z add
2026-05-07T13:31:34Z show
2026-05-07T13:31:34Z list
2026-05-07T13:31:34Z add
2026-05-07T13:31:34Z show
2026-05-07T13:31:34Z list
2026-05-07T13:31:34Z add
2026-05-07T13:31:35Z ready
2026-05-07T13:42:00Z show
2026-05-07T13:42:00Z list
2026-05-07T13:42:00Z add
2026-05-07T13:42:00Z show
2026-05-07T13:42:00Z list
2026-05-07T13:42:00Z add
2026-05-07T13:42:00Z show
2026-05-07T13:42:00Z list
2026-05-07T13:42:00Z add
2026-05-07T13:42:00Z ready
2026-05-07T13:52:25Z show
2026-05-07T13:52:25Z list
2026-05-07T13:52:25Z add
2026-05-07T13:52:25Z show
2026-05-07T13:52:25Z list
2026-05-07T13:52:25Z add
2026-05-07T13:52:25Z show
2026-05-07T13:52:25Z list
2026-05-07T13:52:25Z add
2026-05-07T13:52:25Z ready
2026-05-07T14:02:48Z show
2026-05-07T14:02:48Z list
2026-05-07T14:02:48Z add
2026-05-07T14:02:48Z show
2026-05-07T14:02:48Z list
2026-05-07T14:02:48Z add
2026-05-07T14:02:48Z show
2026-05-07T14:02:48Z list
2026-05-07T14:02:48Z add
2026-05-07T14:02:48Z ready
2026-05-07T14:13:20Z show
2026-05-07T14:13:20Z list
2026-05-07T14:13:20Z add
2026-05-07T14:13:20Z show
2026-05-07T14:13:20Z list
2026-05-07T14:13:20Z add
2026-05-07T14:13:20Z show
2026-05-07T14:13:20Z list
2026-05-07T14:13:20Z add
2026-05-07T14:13:20Z ready
2026-05-07T14:23:48Z show
2026-05-07T14:23:48Z list
2026-05-07T14:23:48Z add
2026-05-07T14:23:48Z show
2026-05-07T14:23:48Z list
2026-05-07T14:23:48Z add
2026-05-07T14:23:48Z show
2026-05-07T14:23:48Z list
2026-05-07T14:23:48Z add
2026-05-07T14:23:49Z ready
2026-05-07T14:34:11Z show
2026-05-07T14:34:11Z list
2026-05-07T14:34:11Z add
2026-05-07T14:34:11Z show
2026-05-07T14:34:11Z list
2026-05-07T14:34:11Z add
2026-05-07T14:34:11Z show
2026-05-07T14:34:11Z list
2026-05-07T14:34:11Z add
2026-05-07T14:34:11Z ready
2026-05-07T14:44:37Z show
2026-05-07T14:44:37Z list
2026-05-07T14:44:37Z add
2026-05-07T14:44:37Z show
2026-05-07T14:44:37Z list
2026-05-07T14:44:37Z add
2026-05-07T14:44:37Z show
2026-05-07T14:44:37Z list
2026-05-07T14:44:37Z add
2026-05-07T14:44:37Z ready
2026-05-07T14:55:05Z show
2026-05-07T14:55:05Z list
2026-05-07T14:55:05Z add
2026-05-07T14:55:05Z show
2026-05-07T14:55:05Z list
2026-05-07T14:55:05Z add
2026-05-07T14:55:05Z show
2026-05-07T14:55:05Z list
2026-05-07T14:55:05Z add
2026-05-07T14:55:05Z ready
2026-05-07T15:05:29Z show
2026-05-07T15:05:29Z list
2026-05-07T15:05:29Z add
2026-05-07T15:05:29Z show
2026-05-07T15:05:29Z list
2026-05-07T15:05:29Z add
2026-05-07T15:05:29Z show
2026-05-07T15:05:29Z list
2026-05-07T15:05:29Z add
2026-05-07T15:05:30Z ready
2026-05-07T15:15:53Z show
2026-05-07T15:15:53Z list
2026-05-07T15:15:53Z add
2026-05-07T15:15:53Z show
2026-05-07T15:15:53Z list
2026-05-07T15:15:53Z add
2026-05-07T15:15:53Z show
2026-05-07T15:15:53Z list
2026-05-07T15:15:53Z add
2026-05-07T15:15:53Z ready
2026-05-07T15:26:17Z show
2026-05-07T15:26:17Z list
2026-05-07T15:26:17Z add
2026-05-07T15:26:17Z show
2026-05-07T15:26:17Z list
2026-05-07T15:26:17Z add
2026-05-07T15:26:17Z show
2026-05-07T15:26:17Z list
2026-05-07T15:26:17Z add
2026-05-07T15:26:17Z ready
2026-05-07T15:36:43Z show
2026-05-07T15:36:43Z list
2026-05-07T15:36:43Z add
2026-05-07T15:36:43Z show
2026-05-07T15:36:43Z list
2026-05-07T15:36:43Z add
2026-05-07T15:36:43Z show
2026-05-07T15:36:43Z list
2026-05-07T15:36:43Z add
2026-05-07T15:36:43Z ready
2026-05-07T15:45:13Z show
2026-05-07T15:45:13Z list
2026-05-07T15:45:13Z add
2026-05-07T15:45:13Z show
2026-05-07T15:45:13Z list
2026-05-07T15:45:13Z add
2026-05-07T15:45:13Z show
2026-05-07T15:45:13Z list
2026-05-07T15:45:13Z add
2026-05-07T15:45:13Z ready
2026-05-07T15:53:34Z show
2026-05-07T15:53:34Z list
2026-05-07T15:53:34Z add
2026-05-07T15:53:34Z show
2026-05-07T15:53:34Z list
2026-05-07T15:53:34Z add
2026-05-07T15:53:34Z show
2026-05-07T15:53:34Z list
2026-05-07T15:53:34Z add
2026-05-07T15:53:34Z ready
2026-05-07T16:02:01Z show
2026-05-07T16:02:01Z list
2026-05-07T16:02:01Z add
2026-05-07T16:02:01Z show
2026-05-07T16:02:01Z list
2026-05-07T16:02:01Z add
2026-05-07T16:02:01Z show
2026-05-07T16:02:01Z list
2026-05-07T16:02:01Z add
2026-05-07T16:02:01Z ready
2026-05-07T16:10:19Z show
2026-05-07T16:10:19Z list
2026-05-07T16:10:19Z add
2026-05-07T16:10:19Z show
2026-05-07T16:10:19Z list
2026-05-07T16:10:19Z add
2026-05-07T16:10:19Z show
2026-05-07T16:10:19Z list
2026-05-07T16:10:19Z add
2026-05-07T16:10:19Z ready
2026-05-07T16:18:40Z show
2026-05-07T16:18:40Z list
2026-05-07T16:18:40Z add
2026-05-07T16:18:40Z show
2026-05-07T16:18:40Z list
2026-05-07T16:18:40Z add
2026-05-07T16:18:40Z show
2026-05-07T16:18:40Z list
2026-05-07T16:18:40Z add
2026-05-07T16:18:40Z ready
2026-05-07T16:27:01Z show
2026-05-07T16:27:01Z list
2026-05-07T16:27:01Z add
2026-05-07T16:27:01Z show
2026-05-07T16:27:01Z list
2026-05-07T16:27:01Z add
2026-05-07T16:27:01Z show
2026-05-07T16:27:01Z list
2026-05-07T16:27:01Z add
2026-05-07T16:27:01Z ready
2026-05-07T16:35:23Z show
2026-05-07T16:35:23Z list
2026-05-07T16:35:23Z add
2026-05-07T16:35:23Z show
2026-05-07T16:35:23Z list
2026-05-07T16:35:23Z add
2026-05-07T16:35:23Z show
2026-05-07T16:35:23Z list
2026-05-07T16:35:23Z add
2026-05-07T16:35:24Z ready
2026-05-07T16:43:45Z show
2026-05-07T16:43:45Z list
2026-05-07T16:43:45Z add
2026-05-07T16:43:45Z show
2026-05-07T16:43:45Z list
2026-05-07T16:43:45Z add
2026-05-07T16:43:45Z show
2026-05-07T16:43:45Z list
2026-05-07T16:43:45Z add
2026-05-07T16:43:46Z ready
2026-05-07T16:52:10Z show
2026-05-07T16:52:10Z list
2026-05-07T16:52:10Z add
2026-05-07T16:52:10Z show
2026-05-07T16:52:10Z list
2026-05-07T16:52:10Z add
2026-05-07T16:52:10Z show
2026-05-07T16:52:10Z list
2026-05-07T16:52:10Z add
2026-05-07T16:52:10Z ready
2026-05-07T17:00:38Z show
2026-05-07T17:00:38Z list
2026-05-07T17:00:38Z add
2026-05-07T17:00:38Z show
2026-05-07T17:00:38Z list
2026-05-07T17:00:38Z add
2026-05-07T17:00:38Z show
2026-05-07T17:00:38Z list
2026-05-07T17:00:38Z add
2026-05-07T17:00:39Z ready
2026-05-07T17:09:09Z show
2026-05-07T17:09:09Z list
2026-05-07T17:09:09Z add
2026-05-07T17:09:09Z show
2026-05-07T17:09:09Z list
2026-05-07T17:09:09Z add
2026-05-07T17:09:09Z show
2026-05-07T17:09:09Z list
2026-05-07T17:09:09Z add
2026-05-07T17:09:09Z ready
2026-05-07T17:17:27Z show
2026-05-07T17:17:27Z list
2026-05-07T17:17:27Z add
2026-05-07T17:17:27Z show
2026-05-07T17:17:27Z list
2026-05-07T17:17:27Z add
2026-05-07T17:17:27Z show
2026-05-07T17:17:27Z list
2026-05-07T17:17:27Z add
2026-05-07T17:17:27Z ready
2026-05-07T17:25:54Z show
2026-05-07T17:25:54Z list
2026-05-07T17:25:54Z add
2026-05-07T17:25:54Z show
2026-05-07T17:25:54Z list
2026-05-07T17:25:54Z add
2026-05-07T17:25:54Z show
2026-05-07T17:25:54Z list
2026-05-07T17:25:54Z add
2026-05-07T17:25:54Z ready
2026-05-07T17:34:52Z show
2026-05-07T17:34:53Z list
2026-05-07T17:34:53Z add
2026-05-07T17:34:53Z show
2026-05-07T17:34:53Z list
2026-05-07T17:34:53Z add
2026-05-07T17:34:53Z show
2026-05-07T17:34:53Z list
2026-05-07T17:34:53Z add
2026-05-07T17:34:53Z ready
2026-05-07T17:43:48Z show
2026-05-07T17:43:48Z list
2026-05-07T17:43:48Z add
2026-05-07T17:43:48Z show
2026-05-07T17:43:48Z list
2026-05-07T17:43:48Z add
2026-05-07T17:43:48Z show
2026-05-07T17:43:48Z list
2026-05-07T17:43:48Z add
2026-05-07T17:43:48Z ready
2026-05-07T17:52:42Z show
2026-05-07T17:52:42Z list
2026-05-07T17:52:42Z add
2026-05-07T17:52:42Z show
2026-05-07T17:52:42Z list
2026-05-07T17:52:42Z add
2026-05-07T17:52:42Z show
2026-05-07T17:52:42Z list
2026-05-07T17:52:42Z add
2026-05-07T17:52:42Z ready
2026-05-07T18:01:35Z show
2026-05-07T18:01:35Z list
2026-05-07T18:01:35Z add
2026-05-07T18:01:35Z show
2026-05-07T18:01:35Z list
2026-05-07T18:01:35Z add
2026-05-07T18:01:35Z show
2026-05-07T18:01:35Z list
2026-05-07T18:01:35Z add
2026-05-07T18:01:36Z ready
2026-05-07T18:10:27Z show
2026-05-07T18:10:27Z list
2026-05-07T18:10:27Z add
2026-05-07T18:10:27Z show
2026-05-07T18:10:27Z list
2026-05-07T18:10:27Z add
2026-05-07T18:10:27Z show
2026-05-07T18:10:27Z list
2026-05-07T18:10:27Z add
2026-05-07T18:10:27Z ready
2026-05-07T18:19:17Z show
2026-05-07T18:19:17Z list
2026-05-07T18:19:17Z add
2026-05-07T18:19:17Z show
2026-05-07T18:19:17Z list
2026-05-07T18:19:17Z add
2026-05-07T18:19:17Z show
2026-05-07T18:19:17Z list
2026-05-07T18:19:17Z add
2026-05-07T18:19:17Z ready
2026-05-07T18:28:07Z show
2026-05-07T18:28:07Z list
2026-05-07T18:28:07Z add
2026-05-07T18:28:07Z show
2026-05-07T18:28:07Z list
2026-05-07T18:28:07Z add
2026-05-07T18:28:07Z show
2026-05-07T18:28:07Z list
2026-05-07T18:28:07Z add
2026-05-07T18:28:07Z ready
2026-05-07T18:37:02Z show
2026-05-07T18:37:02Z list
2026-05-07T18:37:02Z add
2026-05-07T18:37:02Z show
2026-05-07T18:37:02Z list
2026-05-07T18:37:02Z add
2026-05-07T18:37:02Z show
2026-05-07T18:37:02Z list
2026-05-07T18:37:02Z add
2026-05-07T18:37:02Z ready
2026-05-07T18:45:55Z show
2026-05-07T18:45:55Z list
2026-05-07T18:45:55Z add
2026-05-07T18:45:55Z show
2026-05-07T18:45:55Z list
2026-05-07T18:45:55Z add
2026-05-07T18:45:55Z show
2026-05-07T18:45:55Z list
2026-05-07T18:45:55Z add
2026-05-07T18:45:55Z ready
2026-05-07T18:54:50Z show
2026-05-07T18:54:50Z list
2026-05-07T18:54:50Z add
2026-05-07T18:54:50Z show
2026-05-07T18:54:50Z list
2026-05-07T18:54:50Z add
2026-05-07T18:54:50Z show
2026-05-07T18:54:50Z list
2026-05-07T18:54:50Z add
2026-05-07T18:54:50Z ready
2026-05-07T19:03:41Z show
2026-05-07T19:03:41Z list
2026-05-07T19:03:41Z add
2026-05-07T19:03:41Z show
2026-05-07T19:03:41Z list
2026-05-07T19:03:41Z add
2026-05-07T19:03:42Z show
2026-05-07T19:03:42Z list
2026-05-07T19:03:42Z add
2026-05-07T19:03:42Z ready
2026-05-07T19:12:45Z show
2026-05-07T19:12:45Z list
2026-05-07T19:12:45Z add
2026-05-07T19:12:45Z show
2026-05-07T19:12:45Z list
2026-05-07T19:12:45Z add
2026-05-07T19:12:45Z show
2026-05-07T19:12:45Z list
2026-05-07T19:12:45Z add
2026-05-07T19:12:45Z ready
2026-05-07T19:21:34Z show
2026-05-07T19:21:34Z list
2026-05-07T19:21:34Z add
2026-05-07T19:21:34Z show
2026-05-07T19:21:34Z list
2026-05-07T19:21:34Z add
2026-05-07T19:21:34Z show
2026-05-07T19:21:34Z list
2026-05-07T19:21:34Z add
2026-05-07T19:21:34Z ready
2026-05-07T19:30:25Z show
2026-05-07T19:30:25Z list
2026-05-07T19:30:25Z add
2026-05-07T19:30:25Z show
2026-05-07T19:30:25Z list
2026-05-07T19:30:25Z add
2026-05-07T19:30:25Z show
2026-05-07T19:30:25Z list
2026-05-07T19:30:25Z add
2026-05-07T19:30:26Z ready
2026-05-07T19:39:17Z show
2026-05-07T19:39:17Z list
2026-05-07T19:39:17Z add
2026-05-07T19:39:17Z show
2026-05-07T19:39:17Z list
2026-05-07T19:39:17Z add
2026-05-07T19:39:17Z show
2026-05-07T19:39:17Z list
2026-05-07T19:39:17Z add
2026-05-07T19:39:17Z ready
2026-05-07T19:48:11Z show
2026-05-07T19:48:11Z list
2026-05-07T19:48:11Z add
2026-05-07T19:48:11Z show
2026-05-07T19:48:11Z list
2026-05-07T19:48:11Z add
2026-05-07T19:48:11Z show
2026-05-07T19:48:11Z list
2026-05-07T19:48:11Z add
2026-05-07T19:48:11Z ready
2026-05-07T19:57:02Z show
2026-05-07T19:57:02Z list
2026-05-07T19:57:02Z add
2026-05-07T19:57:02Z show
2026-05-07T19:57:02Z list
2026-05-07T19:57:02Z add
2026-05-07T19:57:02Z show
2026-05-07T19:57:02Z list
2026-05-07T19:57:02Z add
2026-05-07T19:57:02Z ready
2026-05-07T20:05:58Z show
2026-05-07T20:05:58Z list
2026-05-07T20:05:58Z add
2026-05-07T20:05:58Z show
2026-05-07T20:05:58Z list
2026-05-07T20:05:58Z add
2026-05-07T20:05:58Z show
2026-05-07T20:05:58Z list
2026-05-07T20:05:58Z add
2026-05-07T20:05:58Z ready
2026-05-07T20:14:55Z show
2026-05-07T20:14:55Z list
2026-05-07T20:14:55Z add
2026-05-07T20:14:55Z show
2026-05-07T20:14:55Z list
2026-05-07T20:14:55Z add
2026-05-07T20:14:55Z show
2026-05-07T20:14:55Z list
2026-05-07T20:14:55Z add
2026-05-07T20:14:55Z ready
2026-05-07T20:23:58Z show
2026-05-07T20:23:58Z list
2026-05-07T20:23:58Z add
2026-05-07T20:23:58Z show
2026-05-07T20:23:58Z list
2026-05-07T20:23:58Z add
2026-05-07T20:23:58Z show
2026-05-07T20:23:58Z list
2026-05-07T20:23:58Z add
2026-05-07T20:23:58Z ready
2026-05-07T20:33:30Z show
2026-05-07T20:33:30Z list
2026-05-07T20:33:30Z add
2026-05-07T20:33:30Z show
2026-05-07T20:33:30Z list
2026-05-07T20:33:31Z add
2026-05-07T20:33:31Z show
2026-05-07T20:33:31Z list
2026-05-07T20:33:31Z add
2026-05-07T20:33:31Z ready
2026-05-07T20:45:00Z show
2026-05-07T20:45:00Z list
2026-05-07T20:45:00Z add
2026-05-07T20:45:00Z show
2026-05-07T20:45:00Z list
2026-05-07T20:45:00Z add
2026-05-07T20:45:00Z show
2026-05-07T20:45:00Z list
2026-05-07T20:45:00Z add
2026-05-07T20:45:00Z ready
2026-05-07T20:55:57Z show
2026-05-07T20:55:57Z list
2026-05-07T20:55:57Z add
2026-05-07T20:55:57Z show
2026-05-07T20:55:57Z list
2026-05-07T20:55:57Z add
2026-05-07T20:55:57Z show
2026-05-07T20:55:57Z list
2026-05-07T20:55:57Z add
2026-05-07T20:55:58Z ready
2026-05-07T21:32:40Z list
2026-05-07T21:34:21Z list
2026-05-07T21:36:01Z list
2026-05-07T21:37:38Z list
2026-05-07T21:39:14Z list
2026-05-07T21:40:50Z list
2026-05-07T21:42:30Z list
2026-05-07T21:44:06Z list
2026-05-07T21:45:43Z list
2026-05-07T21:47:23Z list
2026-05-07T21:49:00Z list
2026-05-07T21:50:36Z list
2026-05-07T21:52:12Z list
2026-05-07T21:53:51Z list
2026-05-07T21:55:29Z list
2026-05-07T21:57:05Z list
2026-05-07T21:58:46Z list
2026-05-07T22:00:23Z list
2026-05-07T22:01:59Z list
2026-05-07T22:03:35Z list
2026-05-07T22:05:18Z list
2026-05-07T22:06:55Z list
2026-05-07T22:08:30Z list
2026-05-07T22:10:14Z list
2026-05-07T22:11:51Z list
2026-05-07T22:13:27Z list
2026-05-07T22:15:03Z list
2026-05-07T22:16:45Z list
2026-05-07T22:18:25Z list
2026-05-07T22:20:04Z list
2026-05-07T22:21:45Z list
2026-05-07T22:23:23Z list
2026-05-07T22:24:59Z list
2026-05-07T22:26:38Z list
2026-05-07T22:28:20Z list
2026-05-07T22:29:58Z list
2026-05-07T22:31:36Z list
2026-05-07T22:33:19Z list
2026-05-07T22:34:59Z list
2026-05-07T22:36:41Z list
2026-05-07T22:38:26Z list
2026-05-07T22:40:08Z list
2026-05-07T22:41:45Z list
2026-05-07T22:43:23Z list
2026-05-07T22:45:06Z list
2026-05-07T22:46:44Z list
2026-05-07T22:48:22Z list
2026-05-07T22:50:07Z list
2026-05-07T22:51:45Z list
2026-05-07T22:53:23Z list
2026-05-07T22:55:05Z list
2026-05-07T22:56:45Z list
2026-05-07T22:58:22Z list
2026-05-07T22:59:59Z list
2026-05-07T23:01:40Z list
2026-05-07T23:03:19Z list
2026-05-07T23:04:56Z list
2026-05-07T23:06:37Z list
2026-05-07T23:08:19Z list
2026-05-07T23:09:56Z list
2026-05-07T23:11:37Z list
2026-05-07T23:13:18Z list
2026-05-07T23:14:55Z list
2026-05-07T23:16:33Z list
2026-05-07T23:18:15Z list
2026-05-07T23:19:53Z list
2026-05-07T23:21:30Z list
2026-05-07T23:23:10Z list
2026-05-07T23:24:51Z list
2026-05-07T23:26:28Z list
2026-05-07T23:28:05Z list
2026-05-07T23:29:45Z list
2026-05-07T23:31:22Z list
2026-05-07T23:33:00Z list
2026-05-07T23:34:40Z list
2026-05-07T23:36:18Z list
2026-05-07T23:37:54Z list
2026-05-07T23:39:36Z list
2026-05-07T23:41:15Z list
2026-05-07T23:42:52Z list
2026-05-07T23:44:29Z list
2026-05-07T23:46:08Z list
2026-05-07T23:47:45Z list
2026-05-07T23:49:22Z list
2026-05-07T23:51:01Z list
2026-05-07T23:52:40Z list
2026-05-07T23:54:17Z list
2026-05-07T23:55:54Z list
2026-05-07T23:57:33Z list
2026-05-07T23:59:10Z list
2026-05-08T00:00:47Z list
2026-05-08T00:02:25Z list
2026-05-08T00:04:06Z list
2026-05-08T00:05:42Z list
2026-05-08T00:07:19Z list
2026-05-08T00:08:59Z list
2026-05-08T00:10:41Z list
2026-05-08T00:12:22Z list
2026-05-08T00:14:05Z list
2026-05-08T00:15:45Z list
2026-05-08T00:17:26Z list
2026-05-08T00:19:05Z list
2026-05-08T00:20:46Z list
2026-05-08T00:22:25Z list
2026-05-08T00:24:02Z list
2026-05-08T00:25:44Z list
2026-05-08T00:27:23Z list
2026-05-08T00:29:01Z list
2026-05-08T00:30:42Z list
2026-05-08T00:32:24Z list
2026-05-08T00:34:01Z list
2026-05-08T00:35:38Z list
2026-05-08T00:37:19Z list
2026-05-08T00:38:57Z list
2026-05-08T00:40:34Z list
2026-05-08T00:42:17Z list
2026-05-08T00:43:57Z list
2026-05-08T00:45:36Z list
2026-05-08T00:47:14Z list
2026-05-08T00:48:55Z list
2026-05-08T00:50:33Z list
2026-05-08T00:52:13Z list
2026-05-08T00:53:53Z list
2026-05-08T00:55:33Z list
2026-05-08T00:57:10Z list
2026-05-08T00:58:47Z list
2026-05-08T01:00:28Z list
2026-05-08T01:02:06Z list
2026-05-08T01:03:46Z list
2026-05-08T01:05:30Z list
2026-05-08T01:07:09Z list
2026-05-08T01:08:49Z list
2026-05-08T01:10:28Z list
2026-05-08T01:12:10Z list
2026-05-08T01:13:55Z list
2026-05-08T01:15:34Z list
2026-05-08T01:17:17Z list
2026-05-08T01:18:56Z list
2026-05-08T01:20:34Z list
2026-05-08T01:22:14Z list
2026-05-08T01:23:57Z list
2026-05-08T01:25:36Z list
2026-05-08T01:27:14Z list
2026-05-08T01:28:55Z list
2026-05-08T01:30:34Z list
2026-05-08T01:32:11Z list
2026-05-08T01:33:52Z list
2026-05-08T01:35:30Z list
2026-05-08T01:37:07Z list
2026-05-08T01:38:45Z list
2026-05-08T01:40:26Z list
2026-05-08T01:42:04Z list
2026-05-08T01:43:41Z list
2026-05-08T01:45:26Z list
2026-05-08T01:47:03Z list
2026-05-08T01:48:41Z list
2026-05-08T01:50:20Z list
2026-05-08T01:52:00Z list
2026-05-08T01:53:37Z list
2026-05-08T01:55:14Z list
2026-05-08T01:56:53Z list
2026-05-08T01:58:30Z list
2026-05-08T02:00:07Z list
2026-05-08T02:01:46Z list
2026-05-08T02:03:25Z list
2026-05-08T02:05:02Z list
2026-05-08T02:06:38Z list
2026-05-08T02:08:18Z list
2026-05-08T02:09:55Z list
2026-05-08T02:11:32Z list
2026-05-08T02:13:13Z list
2026-05-08T02:14:57Z list
2026-05-08T02:16:40Z list
2026-05-08T02:18:19Z list
2026-05-08T02:20:00Z list
2026-05-08T02:21:38Z list
2026-05-08T02:23:15Z list
2026-05-08T02:24:58Z list
2026-05-08T02:26:37Z list
2026-05-08T02:28:14Z list
2026-05-08T02:29:52Z list
2026-05-08T02:31:32Z list
2026-05-08T02:33:09Z list
2026-05-08T02:34:46Z list
2026-05-08T02:36:25Z list
2026-05-08T02:38:02Z list
2026-05-08T02:39:39Z list
2026-05-08T02:41:17Z list
2026-05-08T02:42:56Z list
2026-05-08T02:44:33Z list
2026-05-08T02:46:09Z list
2026-05-08T02:47:54Z list
2026-05-08T02:49:32Z list
2026-05-08T02:51:09Z list
2026-05-08T02:52:48Z list
2026-05-08T02:54:27Z list
2026-05-08T02:56:05Z list
2026-05-08T02:57:42Z list
2026-05-08T02:59:22Z list
2026-05-08T03:00:59Z list
2026-05-08T03:02:36Z list
2026-05-08T03:04:18Z list
2026-05-08T03:05:55Z list
2026-05-08T03:07:32Z list
2026-05-08T03:09:09Z list
2026-05-08T03:10:50Z list
2026-05-08T03:12:27Z list
2026-05-08T03:14:03Z list
2026-05-08T03:15:48Z list
2026-05-08T03:17:29Z list
2026-05-08T03:19:11Z list
2026-05-08T03:20:48Z list
2026-05-08T03:22:29Z list
2026-05-08T03:24:08Z list
2026-05-08T03:25:46Z list
2026-05-08T03:27:27Z list
2026-05-08T03:29:05Z list
2026-05-08T03:30:42Z list
2026-05-08T03:32:19Z list
2026-05-08T03:33:59Z list
2026-05-08T03:35:36Z list
2026-05-08T03:37:13Z list
2026-05-08T03:38:53Z list
2026-05-08T03:40:30Z list
2026-05-08T03:42:07Z list
2026-05-08T03:43:45Z list
2026-05-08T03:45:24Z list
2026-05-08T03:47:01Z list
2026-05-08T03:48:38Z list
2026-05-08T03:50:21Z list
2026-05-08T03:51:58Z list
2026-05-08T03:53:35Z list
2026-05-08T03:55:13Z list
2026-05-08T03:56:52Z list
2026-05-08T03:58:29Z list
2026-05-08T04:00:06Z list
2026-05-08T04:01:45Z list
2026-05-08T04:03:23Z list
2026-05-08T04:05:00Z list
2026-05-08T04:06:38Z list
2026-05-08T04:08:17Z list
2026-05-08T04:09:54Z list
2026-05-08T04:11:30Z list
2026-05-08T04:13:10Z list
2026-05-08T04:14:48Z list
2026-05-08T04:16:25Z list
2026-05-08T04:18:08Z list
2026-05-08T04:19:48Z list
2026-05-08T04:21:29Z list
2026-05-08T04:23:08Z list
2026-05-08T04:24:52Z list
2026-05-08T04:26:31Z list
2026-05-08T04:28:08Z list
2026-05-08T04:29:48Z list
2026-05-08T04:31:26Z list
2026-05-08T04:33:02Z list
2026-05-08T04:34:41Z list
2026-05-08T04:36:20Z list
2026-05-08T04:37:57Z list
2026-05-08T04:39:34Z list
2026-05-08T04:41:13Z list
2026-05-08T04:42:50Z list
2026-05-08T04:44:26Z list
2026-05-08T04:46:07Z list
2026-05-08T04:47:44Z list
2026-05-08T04:49:21Z list
2026-05-08T04:50:57Z list
2026-05-08T04:52:41Z list
2026-05-08T04:54:18Z list
2026-05-08T04:55:54Z list
2026-05-08T04:57:35Z list
2026-05-08T04:59:13Z list
2026-05-08T05:00:50Z list
2026-05-08T05:02:27Z list
2026-05-08T05:04:07Z list
2026-05-08T05:05:44Z list
2026-05-08T05:07:20Z list
2026-05-08T05:09:01Z list
2026-05-08T05:10:39Z list
2026-05-08T05:12:15Z list
2026-05-08T05:13:52Z list
2026-05-08T05:15:33Z list
2026-05-08T05:17:11Z list
2026-05-08T05:18:53Z list
2026-05-08T05:20:35Z list
2026-05-08T05:22:13Z list
2026-05-08T05:23:54Z list
2026-05-08T05:25:33Z list
2026-05-08T05:27:14Z list
2026-05-08T05:28:51Z list
2026-05-08T05:30:28Z list
2026-05-08T05:32:07Z list
2026-05-08T05:33:45Z list
2026-05-08T05:35:22Z list
2026-05-08T05:37:03Z list
2026-05-08T05:38:41Z list
2026-05-08T05:40:17Z list
2026-05-08T05:41:54Z list
2026-05-08T05:43:34Z list
2026-05-08T05:45:11Z list
2026-05-08T05:46:47Z list
2026-05-08T05:48:28Z list
2026-05-08T05:50:05Z list
2026-05-08T05:51:41Z list
2026-05-08T05:53:18Z list
2026-05-08T05:55:02Z list
2026-05-08T05:56:39Z list
2026-05-08T05:58:15Z list
2026-05-08T05:59:56Z list
2026-05-08T06:01:33Z list
2026-05-08T06:03:10Z list
2026-05-08T06:04:46Z list
2026-05-08T06:06:26Z list
2026-05-08T06:08:04Z list
2026-05-08T06:09:44Z list
2026-05-08T06:11:23Z list
2026-05-08T06:13:01Z list
2026-05-08T06:14:37Z list
2026-05-08T06:16:15Z list
2026-05-08T06:17:56Z list
2026-05-08T06:19:38Z list
2026-05-08T06:21:17Z list
2026-05-08T06:22:58Z list
2026-05-08T06:24:36Z list
2026-05-08T06:26:18Z list
2026-05-08T06:28:00Z list
2026-05-08T06:29:38Z list
2026-05-08T06:31:15Z list
2026-05-08T06:32:52Z list
2026-05-08T06:34:32Z list
2026-05-08T06:36:09Z list
2026-05-08T06:37:46Z list
2026-05-08T06:39:25Z list
2026-05-08T06:41:03Z list
2026-05-08T06:42:39Z list
2026-05-08T06:44:17Z list
2026-05-08T06:45:57Z list
2026-05-08T06:47:33Z list
2026-05-08T06:49:10Z list
2026-05-08T06:50:50Z list
2026-05-08T06:52:27Z list
2026-05-08T06:54:03Z list
2026-05-08T06:55:42Z list
2026-05-08T06:57:25Z list
2026-05-08T06:59:01Z list
2026-05-08T07:00:39Z list
2026-05-08T07:02:20Z list
2026-05-08T07:03:57Z list
2026-05-08T07:05:34Z list
2026-05-08T07:07:12Z list
2026-05-08T07:08:51Z list
2026-05-08T07:10:29Z list
2026-05-08T07:12:05Z list
2026-05-08T07:13:45Z list
2026-05-08T07:15:22Z list
2026-05-08T07:16:59Z list
2026-05-08T07:18:42Z list
2026-05-08T07:20:23Z list
2026-05-08T07:22:02Z list
2026-05-08T07:23:38Z list
2026-05-08T07:25:21Z list
2026-05-08T07:26:59Z list
2026-05-08T07:28:39Z list
2026-05-08T07:30:20Z list
2026-05-08T07:31:57Z list
2026-05-08T07:33:34Z list
2026-05-08T07:35:13Z list
2026-05-08T07:36:52Z list
2026-05-08T07:38:29Z list
2026-05-08T07:40:05Z list
2026-05-08T07:41:45Z list
2026-05-08T07:43:22Z list
2026-05-08T07:44:58Z list
2026-05-08T07:46:37Z list
2026-05-08T07:48:15Z list
2026-05-08T07:49:51Z list
2026-05-08T07:51:27Z list
2026-05-08T07:53:07Z list
2026-05-08T07:54:47Z list
2026-05-08T07:56:24Z list
2026-05-08T07:58:04Z list
2026-05-08T07:59:45Z list
2026-05-08T08:01:22Z list
2026-05-08T08:02:58Z list
2026-05-08T08:04:38Z list
2026-05-08T08:06:15Z list
2026-05-08T08:07:52Z list
2026-05-08T08:09:33Z list
2026-05-08T08:11:10Z list
2026-05-08T08:12:46Z list
2026-05-08T08:14:23Z list
2026-05-08T08:16:03Z list
2026-05-08T08:17:42Z list
2026-05-08T08:19:20Z list
2026-05-08T08:21:01Z list
2026-05-08T08:22:43Z list
2026-05-08T08:24:21Z list
2026-05-08T08:26:01Z list
2026-05-08T08:27:42Z list
2026-05-08T08:29:19Z list
2026-05-08T08:31:00Z list
2026-05-08T08:32:40Z list
2026-05-08T08:34:18Z list
2026-05-08T08:35:55Z list
2026-05-08T08:37:36Z list
2026-05-08T08:39:14Z list
2026-05-08T08:40:52Z list
2026-05-08T08:42:29Z list
2026-05-08T08:44:09Z list
2026-05-08T08:45:47Z list
2026-05-08T08:47:23Z list
2026-05-08T08:49:04Z list
2026-05-08T08:50:42Z list
2026-05-08T08:52:20Z list
2026-05-08T08:53:57Z list
2026-05-08T08:55:38Z list
2026-05-08T08:57:15Z list
2026-05-08T08:58:52Z list
2026-05-08T09:00:34Z list
2026-05-08T09:02:15Z list
2026-05-08T09:03:51Z list
2026-05-08T09:05:29Z list
2026-05-08T09:07:09Z list
2026-05-08T09:08:46Z list
2026-05-08T09:10:22Z list
2026-05-08T09:12:02Z list
2026-05-08T09:13:39Z list
2026-05-08T09:15:15Z list
2026-05-08T09:16:53Z list
2026-05-08T09:18:35Z list
2026-05-08T09:20:13Z list
2026-05-08T09:21:50Z list
2026-05-08T09:23:38Z list
2026-05-08T09:25:19Z list
2026-05-08T09:26:57Z list
2026-05-08T09:28:34Z list
2026-05-08T09:30:16Z list
2026-05-08T09:31:54Z list
2026-05-08T09:33:34Z list
2026-05-08T09:35:13Z list
2026-05-08T09:36:51Z list
2026-05-08T09:38:27Z list
2026-05-08T09:40:04Z list
2026-05-08T09:41:44Z list
2026-05-08T09:43:21Z list
2026-05-08T09:44:57Z list
2026-05-08T09:46:37Z list
2026-05-08T09:48:14Z list
2026-05-08T09:49:50Z list
2026-05-08T09:51:29Z list
2026-05-08T09:53:08Z list
2026-05-08T09:54:44Z list
2026-05-08T09:56:21Z list
2026-05-08T09:58:01Z list
2026-05-08T09:59:37Z list
2026-05-08T10:01:14Z list
2026-05-08T10:02:53Z list
2026-05-08T10:04:36Z list
2026-05-08T10:06:13Z list
2026-05-08T10:07:51Z list
2026-05-08T10:09:31Z list
2026-05-08T10:11:08Z list
2026-05-08T10:12:44Z list
2026-05-08T10:14:25Z list
2026-05-08T10:16:02Z list
2026-05-08T10:17:39Z list
2026-05-08T10:19:16Z list
2026-05-08T10:21:01Z list
2026-05-08T10:22:39Z list
2026-05-08T10:24:18Z list
2026-05-08T10:26:01Z list
2026-05-08T10:27:41Z list
2026-05-08T10:29:18Z list
2026-05-08T10:30:55Z list
2026-05-08T10:32:36Z list
2026-05-08T10:34:13Z list
2026-05-08T10:35:53Z list
2026-05-08T10:37:33Z list
2026-05-08T10:39:10Z list
2026-05-08T10:40:47Z list
2026-05-08T10:42:26Z list
2026-05-08T10:44:05Z list
2026-05-08T10:45:42Z list
2026-05-08T10:47:19Z list
2026-05-08T10:48:58Z list
2026-05-08T10:50:35Z list
2026-05-08T10:52:11Z list
2026-05-08T10:53:50Z list
2026-05-08T10:55:29Z list
2026-05-08T10:57:06Z list
2026-05-08T10:58:42Z list
2026-05-08T11:00:24Z list
2026-05-08T11:02:01Z list
2026-05-08T11:03:40Z list
2026-05-08T11:05:22Z list
2026-05-08T11:07:06Z list
2026-05-08T11:08:43Z list
2026-05-08T11:10:21Z list
2026-05-08T11:12:02Z list
2026-05-08T11:13:40Z list
2026-05-08T11:15:17Z list
2026-05-08T11:16:57Z list
2026-05-08T11:19:04Z list
2026-05-08T11:21:05Z list
2026-05-08T11:23:00Z list
2026-05-08T11:24:54Z list
2026-05-08T11:26:47Z list
2026-05-08T11:28:33Z list
2026-05-08T11:30:18Z list
2026-05-08T11:32:01Z list
2026-05-08T11:33:42Z list
2026-05-08T11:35:27Z list
2026-05-08T11:37:20Z list
2026-05-08T11:39:06Z list
2026-05-08T11:40:49Z list
2026-05-08T11:42:43Z list
2026-05-08T11:44:25Z list
2026-05-08T11:46:07Z list
2026-05-08T11:47:53Z list
2026-05-08T11:49:52Z list
2026-05-08T11:51:45Z list
2026-05-08T11:53:32Z list
2026-05-08T11:55:14Z list
2026-05-08T11:56:56Z list
2026-05-08T11:58:40Z list
2026-05-08T12:00:25Z list
2026-05-08T12:02:08Z list
2026-05-08T12:03:50Z list
2026-05-08T12:05:39Z list
2026-05-08T12:07:31Z list
2026-05-08T12:09:17Z list
2026-05-08T12:11:03Z list
2026-05-08T12:12:48Z list
2026-05-08T12:14:31Z list
2026-05-08T12:16:16Z list
2026-05-08T12:18:02Z list
2026-05-08T12:19:48Z list
2026-05-08T12:21:31Z list
2026-05-08T12:23:17Z list
2026-05-08T12:25:05Z list
2026-05-08T12:26:50Z list
2026-05-08T12:28:45Z list
2026-05-08T12:30:35Z list
2026-05-08T12:32:17Z list
2026-05-08T12:33:59Z list
2026-05-08T12:35:48Z list
2026-05-08T12:37:35Z list
2026-05-08T12:39:18Z list
2026-05-08T12:41:05Z list
2026-05-08T12:42:53Z list
2026-05-08T12:44:35Z list
2026-05-08T12:46:22Z list
2026-05-08T12:48:08Z list
2026-05-08T12:49:53Z list
2026-05-08T12:51:43Z list
2026-05-08T12:53:33Z list
2026-05-08T12:55:18Z list
2026-05-08T12:57:04Z list
2026-05-08T12:58:49Z list
2026-05-08T13:00:37Z list
2026-05-08T13:02:22Z list
2026-05-08T13:04:07Z list
2026-05-08T13:05:55Z list
2026-05-08T13:07:45Z list
2026-05-08T13:09:29Z list
2026-05-08T13:11:25Z list
2026-05-08T13:13:13Z list
2026-05-08T13:14:56Z list
2026-05-08T13:16:43Z list
2026-05-08T13:18:35Z list
2026-05-08T13:20:21Z list
2026-05-08T13:22:08Z list
2026-05-08T13:24:00Z list
2026-05-08T13:25:47Z list
2026-05-08T13:27:33Z list
2026-05-08T13:29:29Z list
2026-05-08T13:31:21Z list
2026-05-08T13:33:04Z list
2026-05-08T13:34:46Z list
2026-05-08T13:36:33Z list
2026-05-08T13:38:21Z list
2026-05-08T13:40:05Z list
2026-05-08T13:42:02Z list
2026-05-08T13:43:52Z list
2026-05-08T13:45:39Z list
2026-05-08T13:47:23Z list
2026-05-08T13:49:13Z list
2026-05-08T13:51:02Z list
2026-05-08T13:52:50Z list
2026-05-08T13:54:41Z list
2026-05-08T13:56:32Z list
2026-05-08T13:58:19Z list
2026-05-08T14:00:10Z list
2026-05-08T14:02:04Z list
2026-05-08T14:03:49Z list
2026-05-08T14:05:35Z list
2026-05-08T14:07:23Z list
2026-05-08T14:09:12Z list
2026-05-08T14:10:57Z list
2026-05-08T14:12:47Z list
2026-05-08T14:14:37Z list
2026-05-08T14:16:26Z list
2026-05-08T14:18:14Z list
2026-05-08T14:20:05Z list
2026-05-08T14:21:50Z list
2026-05-08T14:23:35Z list
2026-05-08T14:25:20Z list
2026-05-08T14:27:08Z list
2026-05-08T14:28:53Z list
2026-05-08T14:30:51Z list
2026-05-08T14:32:50Z list
2026-05-08T14:34:37Z list
2026-05-08T14:36:19Z list
2026-05-08T14:37:59Z list
2026-05-08T14:39:49Z list
2026-05-08T14:41:33Z list
2026-05-08T14:43:16Z list
2026-05-08T14:45:03Z list
2026-05-08T14:46:49Z list
2026-05-08T14:48:32Z list
2026-05-08T14:50:16Z list
2026-05-08T14:52:06Z list
2026-05-08T14:53:49Z list
2026-05-08T14:55:32Z list
2026-05-08T14:57:22Z list
2026-05-08T14:59:08Z list
2026-05-08T15:00:51Z list
2026-05-08T15:02:34Z list
2026-05-08T15:04:22Z list
2026-05-08T15:06:06Z list
2026-05-08T15:07:49Z list
2026-05-08T15:09:37Z list
2026-05-08T15:11:25Z list
2026-05-08T15:13:09Z list
2026-05-08T15:14:58Z list
2026-05-08T15:16:46Z list
2026-05-08T15:18:31Z list
2026-05-08T15:20:19Z list
2026-05-08T15:22:07Z list
2026-05-08T15:23:53Z list
2026-05-08T15:25:38Z list
2026-05-08T15:27:27Z list
2026-05-08T15:29:14Z list
2026-05-08T15:31:01Z list
2026-05-08T15:32:57Z list
2026-05-08T15:34:50Z list
2026-05-08T15:36:35Z list
2026-05-08T15:38:22Z list
2026-05-08T15:40:10Z list
2026-05-08T15:41:57Z list
2026-05-08T15:43:40Z list
2026-05-08T15:45:29Z list
2026-05-08T15:47:15Z list
2026-05-08T15:48:57Z list
2026-05-08T15:50:45Z list
2026-05-08T15:52:28Z list
2026-05-08T15:54:10Z list
2026-05-08T15:55:57Z list
2026-05-08T15:57:40Z list
2026-05-08T15:59:21Z list
2026-05-08T16:01:04Z list
2026-05-08T16:02:56Z list
2026-05-08T16:04:42Z list
2026-05-08T16:06:27Z list
2026-05-08T16:08:14Z list
2026-05-08T16:09:59Z list
2026-05-08T16:11:47Z list
2026-05-08T16:13:38Z list
2026-05-08T16:15:22Z list
2026-05-08T16:17:05Z list
2026-05-08T16:18:48Z list
2026-05-08T16:20:38Z list
2026-05-08T16:22:25Z list
2026-05-08T16:24:12Z list
2026-05-08T16:26:01Z list
2026-05-08T16:27:47Z list
2026-05-08T16:29:33Z list
2026-05-08T16:31:21Z list
2026-05-08T16:33:08Z list
2026-05-08T16:34:56Z list
2026-05-08T16:36:50Z list
2026-05-08T16:38:41Z list
2026-05-08T16:40:25Z list
2026-05-08T16:42:08Z list
2026-05-08T16:44:08Z list
2026-05-08T16:45:54Z list
2026-05-08T16:47:37Z list
2026-05-08T16:49:26Z list
2026-05-08T16:51:10Z list
2026-05-08T16:52:53Z list
2026-05-08T16:54:37Z list
2026-05-08T16:56:26Z list
2026-05-08T16:58:10Z list
2026-05-08T16:59:55Z list
2026-05-08T17:01:42Z list
2026-05-08T17:03:26Z list
2026-05-08T17:05:11Z list
2026-05-08T17:06:59Z list
2026-05-08T17:08:46Z list
2026-05-08T17:10:30Z list
2026-05-08T17:12:18Z list
2026-05-08T17:14:08Z list
2026-05-08T17:15:57Z list
2026-05-08T17:17:48Z list
2026-05-08T17:19:37Z list
2026-05-08T17:21:24Z list
2026-05-08T17:23:08Z list
2026-05-08T17:24:55Z list
2026-05-08T17:26:40Z list
2026-05-08T17:28:27Z list
2026-05-08T17:30:16Z list
2026-05-08T17:32:04Z list
2026-05-08T17:33:47Z list
2026-05-08T17:35:32Z list
2026-05-08T17:37:28Z list
2026-05-08T17:39:18Z list
2026-05-08T17:41:01Z list
2026-05-08T17:42:45Z list
2026-05-08T17:44:36Z list
2026-05-08T17:46:22Z list
2026-05-08T17:48:05Z list
2026-05-08T17:49:53Z list
2026-05-08T17:51:43Z list
2026-05-08T17:53:25Z list
2026-05-08T17:55:11Z list
2026-05-08T17:56:54Z list
2026-05-08T17:58:37Z list
2026-05-08T18:00:23Z list
2026-05-08T18:02:11Z list
2026-05-08T18:03:55Z list
2026-05-08T18:05:39Z list
2026-05-08T18:07:25Z list
2026-05-08T18:09:09Z list
2026-05-08T18:10:52Z list
2026-05-08T18:12:39Z list
2026-05-08T18:14:25Z list
2026-05-08T18:16:11Z list
2026-05-08T18:17:55Z list
2026-05-08T18:19:43Z list
2026-05-08T18:21:29Z list
2026-05-08T18:23:14Z list
2026-05-08T18:25:02Z list
2026-05-08T18:26:48Z list
2026-05-08T18:28:34Z list
2026-05-08T18:30:24Z list
2026-05-08T18:32:11Z list
2026-05-08T18:33:55Z list
2026-05-08T18:35:40Z list
2026-05-08T18:37:29Z list
2026-05-08T18:39:25Z list
2026-05-08T18:41:12Z list
2026-05-08T18:43:00Z list
2026-05-08T18:44:44Z list
2026-05-08T18:46:32Z list
2026-05-08T18:48:20Z list
2026-05-08T18:50:06Z list
2026-05-08T18:51:49Z list
2026-05-08T18:53:34Z list
2026-05-08T18:55:23Z list
2026-05-08T18:57:07Z list
2026-05-08T18:58:52Z list
2026-05-08T19:00:42Z list
2026-05-08T19:02:28Z list
2026-05-08T19:04:12Z list
2026-05-08T19:06:02Z list
2026-05-08T19:07:47Z list
2026-05-08T19:09:36Z list
2026-05-08T19:11:21Z list
2026-05-08T19:13:10Z list
2026-05-08T19:14:55Z list
2026-05-08T19:16:45Z list
2026-05-08T19:18:36Z list
2026-05-08T19:20:16Z list
2026-05-08T19:21:56Z list
2026-05-08T19:23:37Z list
2026-05-08T19:25:21Z list
2026-05-08T19:26:59Z list
2026-05-08T19:28:37Z list
2026-05-08T19:30:18Z list
2026-05-08T19:31:57Z list
2026-05-08T19:33:38Z list
2026-05-08T19:35:20Z list
2026-05-08T19:36:59Z list
2026-05-08T19:38:36Z list
2026-05-08T19:40:16Z list
2026-05-08T19:42:11Z list
2026-05-08T19:43:53Z list
2026-05-08T19:45:32Z list
2026-05-08T19:47:19Z list
2026-05-08T19:48:57Z list
2026-05-08T19:50:35Z list
2026-05-08T19:52:13Z list
2026-05-08T19:53:53Z list
2026-05-08T19:55:32Z list
2026-05-08T19:57:09Z list
2026-05-08T19:58:50Z list
2026-05-08T20:00:28Z list
2026-05-08T20:02:05Z list
2026-05-08T20:03:44Z list
2026-05-08T20:05:24Z list
2026-05-08T20:07:02Z list
2026-05-08T20:08:39Z list
2026-05-08T20:10:20Z list
2026-05-08T20:11:57Z list
2026-05-08T20:13:34Z list
2026-05-08T20:15:15Z list
2026-05-08T20:16:52Z list
2026-05-08T20:18:33Z list
2026-05-08T20:20:13Z list
2026-05-08T20:21:55Z list
2026-05-08T20:23:34Z list
2026-05-08T20:25:12Z list
2026-05-08T20:26:52Z list
2026-05-08T20:28:31Z list
2026-05-08T20:30:09Z list
2026-05-08T20:31:51Z list
2026-05-08T20:33:31Z list
2026-05-08T20:35:10Z list
2026-05-08T20:36:50Z list
2026-05-08T20:38:53Z list
2026-05-08T20:40:34Z list
2026-05-08T20:42:13Z list
2026-05-08T20:44:01Z list
2026-05-08T20:45:41Z list
2026-05-08T20:47:20Z list
2026-05-08T20:49:05Z list
2026-05-08T20:50:46Z list
2026-05-08T20:52:24Z list
2026-05-08T20:54:01Z list
2026-05-08T20:55:41Z list
2026-05-08T20:57:19Z list
2026-05-08T20:58:56Z list
2026-05-08T21:00:37Z list
2026-05-08T21:02:15Z list
2026-05-08T21:03:52Z list
2026-05-08T21:05:31Z list
2026-05-08T21:07:12Z list
2026-05-08T21:08:53Z list
2026-05-08T21:10:31Z list
2026-05-08T21:12:12Z list
2026-05-08T21:13:50Z list
2026-05-08T21:15:28Z list
2026-05-08T21:17:09Z list
2026-05-08T21:18:47Z list
2026-05-08T21:20:31Z list
2026-05-08T21:22:12Z list
2026-05-08T21:23:54Z list
2026-05-08T21:25:32Z list
2026-05-08T21:27:10Z list
2026-05-08T21:28:54Z list
2026-05-08T21:30:36Z list
2026-05-08T21:32:14Z list
2026-05-08T21:33:56Z list
2026-05-08T21:35:33Z list
2026-05-08T21:37:11Z list
2026-05-08T21:38:51Z list
2026-05-08T21:40:31Z list
2026-05-08T21:42:08Z list
2026-05-08T21:43:46Z list
2026-05-08T21:45:31Z list
2026-05-08T21:47:09Z list
2026-05-08T21:48:46Z list
2026-05-08T21:50:25Z list
2026-05-08T21:52:09Z list
2026-05-08T21:53:47Z list
2026-05-08T21:55:24Z list
2026-05-08T21:57:04Z list
2026-05-08T21:58:42Z list
2026-05-08T22:00:19Z list
2026-05-08T22:02:00Z list
2026-05-08T22:03:38Z list
2026-05-08T22:05:15Z list
2026-05-08T22:06:54Z list
2026-05-08T22:08:35Z list
2026-05-08T22:10:13Z list
2026-05-08T22:11:50Z list
2026-05-08T22:13:31Z list
2026-05-08T22:15:08Z list
2026-05-08T22:16:46Z list
2026-05-08T22:18:27Z list
2026-05-08T22:20:06Z list
2026-05-08T22:21:44Z list
2026-05-08T22:23:26Z list
2026-05-08T22:25:08Z list
2026-05-08T22:26:46Z list
2026-05-08T22:28:25Z list
2026-05-08T22:30:06Z list
2026-05-08T22:31:45Z list
2026-05-08T22:33:23Z list
2026-05-08T22:35:05Z list
2026-05-08T22:36:43Z list
2026-05-08T22:38:20Z list
2026-05-08T22:39:59Z list
2026-05-08T22:41:41Z list
2026-05-08T22:43:19Z list
2026-05-08T22:44:57Z list
2026-05-08T22:46:42Z list
2026-05-08T22:48:20Z list
2026-05-08T22:49:57Z list
2026-05-08T22:51:36Z list
2026-05-08T22:53:18Z list
2026-05-08T22:55:00Z list
2026-05-08T22:56:37Z list
2026-05-08T22:58:18Z list
2026-05-08T22:59:56Z list
2026-05-08T23:01:33Z list
2026-05-08T23:03:14Z list
2026-05-08T23:04:53Z list
2026-05-08T23:06:30Z list
2026-05-08T23:08:11Z list
2026-05-08T23:09:53Z list
2026-05-08T23:11:31Z list
2026-05-08T23:13:09Z list
2026-05-08T23:14:50Z list
2026-05-08T23:16:29Z list
2026-05-08T23:18:06Z list
2026-05-08T23:19:48Z list
2026-05-08T23:21:28Z list
2026-05-08T23:23:07Z list
2026-05-08T23:24:44Z list
2026-05-08T23:26:29Z list
2026-05-08T23:28:07Z list
2026-05-08T23:29:46Z list
2026-05-08T23:31:31Z list
2026-05-08T23:33:14Z list
2026-05-08T23:34:52Z list
2026-05-08T23:36:35Z list
2026-05-08T23:38:13Z list
2026-05-08T23:39:50Z list
2026-05-08T23:41:28Z list
2026-05-08T23:43:08Z list
2026-05-08T23:44:46Z list
2026-05-08T23:46:23Z list
2026-05-08T23:48:20Z list
2026-05-08T23:49:58Z list
2026-05-08T23:51:35Z list
2026-05-08T23:53:13Z list
2026-05-08T23:54:53Z list
2026-05-08T23:56:34Z list
2026-05-08T23:58:11Z list
2026-05-08T23:59:51Z list
2026-05-09T00:01:29Z list
2026-05-09T00:03:06Z list
2026-05-09T00:04:47Z list
2026-05-09T00:06:25Z list
2026-05-09T00:08:01Z list
2026-05-09T00:09:40Z list
2026-05-09T00:11:20Z list
2026-05-09T00:12:58Z list
2026-05-09T00:14:35Z list
2026-05-09T00:16:15Z list
2026-05-09T00:17:53Z list
2026-05-09T00:19:30Z list
2026-05-09T00:21:14Z list
2026-05-09T00:22:56Z list
2026-05-09T00:24:34Z list
2026-05-09T00:26:11Z list
2026-05-09T00:27:58Z list
2026-05-09T00:29:37Z list
2026-05-09T00:31:16Z list
2026-05-09T00:33:01Z list
2026-05-09T00:34:42Z list
2026-05-09T00:36:20Z list
2026-05-09T00:38:02Z list
2026-05-09T00:39:40Z list
2026-05-09T00:41:18Z list
2026-05-09T00:42:56Z list
2026-05-09T00:44:37Z list
2026-05-09T00:46:15Z list
2026-05-09T00:47:53Z list
2026-05-09T00:49:37Z list
2026-05-09T00:51:15Z list
2026-05-09T00:52:53Z list
2026-05-09T00:54:31Z list
2026-05-09T00:56:12Z list
2026-05-09T00:57:53Z list
2026-05-09T00:59:31Z list
2026-05-09T01:01:11Z list
2026-05-09T01:02:50Z list
2026-05-09T01:04:27Z list
2026-05-09T01:06:09Z list
2026-05-09T01:07:47Z list
2026-05-09T01:09:25Z list
2026-05-09T01:11:03Z list
2026-05-09T01:12:44Z list
2026-05-09T01:14:22Z list
2026-05-09T01:15:59Z list
2026-05-09T01:17:40Z list
2026-05-09T01:19:18Z list
2026-05-09T01:20:58Z list
2026-05-09T01:22:42Z list
2026-05-09T01:24:23Z list
2026-05-09T01:26:02Z list
2026-05-09T01:27:40Z list
2026-05-09T01:29:25Z list
2026-05-09T01:31:05Z list
2026-05-09T01:32:44Z list
2026-05-09T01:34:26Z list
2026-05-09T01:36:05Z list
2026-05-09T01:37:43Z list
2026-05-09T01:39:25Z list
2026-05-09T01:41:04Z list
2026-05-09T01:42:41Z list
2026-05-09T01:44:19Z list
2026-05-09T01:46:01Z list
2026-05-09T01:47:39Z list
2026-05-09T01:49:19Z list
2026-05-09T01:51:06Z list
2026-05-09T01:52:45Z list
2026-05-09T01:54:23Z list
2026-05-09T01:56:01Z list
2026-05-09T01:57:42Z list
2026-05-09T01:59:23Z list
2026-05-09T02:01:00Z list
2026-05-09T02:02:40Z list
2026-05-09T02:04:18Z list
2026-05-09T02:05:56Z list
2026-05-09T02:07:37Z list
2026-05-09T02:09:15Z list
2026-05-09T02:10:53Z list
2026-05-09T02:12:30Z list
2026-05-09T02:14:11Z list
2026-05-09T02:15:49Z list
2026-05-09T02:17:27Z list
2026-05-09T02:19:07Z list
2026-05-09T02:20:46Z list
2026-05-09T02:22:26Z list
2026-05-09T02:24:09Z list
2026-05-09T02:25:49Z list
2026-05-09T02:27:31Z list
2026-05-09T02:29:10Z list
2026-05-09T02:31:00Z list
2026-05-09T02:32:40Z list
2026-05-09T02:34:17Z list
2026-05-09T02:35:58Z list
2026-05-09T02:37:36Z list
2026-05-09T02:39:13Z list
2026-05-09T02:40:54Z list
2026-05-09T02:42:32Z list
2026-05-09T02:44:09Z list
2026-05-09T02:45:48Z list
2026-05-09T02:47:29Z list
2026-05-09T02:49:06Z list
2026-05-09T02:50:47Z list
2026-05-09T02:52:32Z list
2026-05-09T02:54:11Z list
2026-05-09T02:55:48Z list
2026-05-09T02:57:30Z list
2026-05-09T02:59:10Z list
2026-05-09T03:00:47Z list
2026-05-09T03:02:28Z list
2026-05-09T03:04:09Z list
2026-05-09T03:05:47Z list
2026-05-09T03:07:24Z list
2026-05-09T03:09:05Z list
2026-05-09T03:10:43Z list
2026-05-09T03:12:20Z list
2026-05-09T03:14:00Z list
2026-05-09T03:15:39Z list
2026-05-09T03:17:17Z list
2026-05-09T03:18:54Z list
2026-05-09T03:20:36Z list
2026-05-09T03:22:14Z list
2026-05-09T03:23:53Z list
2026-05-09T03:25:34Z list
2026-05-09T03:27:13Z list
2026-05-09T03:28:50Z list
2026-05-09T03:30:30Z list
2026-05-09T03:32:19Z list
2026-05-09T03:34:01Z list
2026-05-09T03:35:39Z list
2026-05-09T03:37:21Z list
2026-05-09T03:38:58Z list
2026-05-09T03:40:36Z list
2026-05-09T03:42:16Z list
2026-05-09T03:43:55Z list
2026-05-09T03:45:32Z list
2026-05-09T03:47:13Z list
2026-05-09T03:48:51Z list
2026-05-09T03:50:29Z list
2026-05-09T03:52:10Z list
2026-05-09T03:53:52Z list
2026-05-09T03:55:31Z list
2026-05-09T03:57:13Z list
2026-05-09T03:58:54Z list
2026-05-09T04:00:32Z list
2026-05-09T04:02:10Z list
2026-05-09T04:03:49Z list
2026-05-09T04:05:33Z list
2026-05-09T04:07:10Z list
2026-05-09T04:08:48Z list
2026-05-09T04:10:28Z list
2026-05-09T04:12:06Z list
2026-05-09T04:13:45Z list
2026-05-09T04:15:26Z list
2026-05-09T04:17:04Z list
2026-05-09T04:18:41Z list
2026-05-09T04:20:20Z list
2026-05-09T04:22:01Z list
2026-05-09T04:23:42Z list
2026-05-09T04:25:19Z list
2026-05-09T04:27:01Z list
2026-05-09T04:28:39Z list
2026-05-09T04:30:19Z list
2026-05-09T04:32:02Z list
2026-05-09T04:33:41Z list
2026-05-09T04:35:18Z list
2026-05-09T04:37:02Z list
2026-05-09T04:38:43Z list
2026-05-09T04:40:21Z list
2026-05-09T04:41:59Z list
2026-05-09T04:43:39Z list
2026-05-09T04:45:17Z list
2026-05-09T04:46:54Z list
2026-05-09T04:48:35Z list
2026-05-09T04:50:13Z list
2026-05-09T04:51:50Z list
2026-05-09T04:53:33Z list
2026-05-09T04:55:15Z list
2026-05-09T04:56:54Z list
2026-05-09T04:58:31Z list
2026-05-09T05:00:13Z list
2026-05-09T05:01:51Z list
2026-05-09T05:03:29Z list
2026-05-09T05:05:08Z list
2026-05-09T05:06:48Z list
2026-05-09T05:08:29Z list
2026-05-09T05:10:06Z list
2026-05-09T05:11:47Z list
2026-05-09T05:13:25Z list
2026-05-09T05:15:02Z list
2026-05-09T05:16:43Z list
2026-05-09T05:18:21Z list
2026-05-09T05:19:58Z list
2026-05-09T05:21:37Z list
2026-05-09T05:23:19Z list
2026-05-09T05:24:58Z list
2026-05-09T05:26:36Z list
2026-05-09T05:28:17Z list
2026-05-09T05:29:56Z list
2026-05-09T05:31:35Z list
2026-05-09T05:33:15Z list
2026-05-09T05:34:53Z list
2026-05-09T05:36:31Z list
2026-05-09T05:38:11Z list
2026-05-09T05:39:54Z list
2026-05-09T05:41:32Z list
2026-05-09T05:43:10Z list
2026-05-09T05:44:51Z list
2026-05-09T05:46:29Z list
2026-05-09T05:48:06Z list
2026-05-09T05:49:46Z list
2026-05-09T05:51:24Z list
2026-05-09T05:53:02Z list
2026-05-09T05:54:42Z list
2026-05-09T05:56:24Z list
2026-05-09T05:58:03Z list
2026-05-09T05:59:40Z list
2026-05-09T06:01:20Z list
2026-05-09T06:02:59Z list
2026-05-09T06:04:36Z list
2026-05-09T06:06:16Z list
2026-05-09T06:07:58Z list
2026-05-09T06:09:35Z list
2026-05-09T06:11:16Z list
2026-05-09T06:12:57Z list
2026-05-09T06:14:36Z list
2026-05-09T06:16:13Z list
2026-05-09T06:17:55Z list
2026-05-09T06:19:32Z list
2026-05-09T06:21:10Z list
2026-05-09T06:22:49Z list
2026-05-09T06:24:33Z list
2026-05-09T06:26:11Z list
2026-05-09T06:27:50Z list
2026-05-09T06:29:32Z list
2026-05-09T06:31:13Z list
2026-05-09T06:32:50Z list
2026-05-09T06:34:35Z list
2026-05-09T06:36:13Z list
2026-05-09T06:37:51Z list
2026-05-09T06:39:29Z list
2026-05-09T06:41:10Z list
2026-05-09T06:42:52Z list
2026-05-09T06:44:29Z list
2026-05-09T06:46:09Z list
2026-05-09T06:47:48Z list
2026-05-09T06:49:25Z list
2026-05-09T06:51:10Z list
2026-05-09T06:52:48Z list
2026-05-09T06:54:25Z list
2026-05-09T06:56:05Z list
2026-05-09T06:57:50Z list
2026-05-09T06:59:28Z list
2026-05-09T07:01:09Z list
2026-05-09T07:02:48Z list
2026-05-09T07:04:29Z list
2026-05-09T07:06:07Z list
2026-05-09T07:07:44Z list
2026-05-09T07:09:25Z list
2026-05-09T07:11:03Z list
2026-05-09T07:12:40Z list
2026-05-09T07:14:26Z list
2026-05-09T07:16:04Z list
2026-05-09T07:17:41Z list
2026-05-09T07:19:19Z list
2026-05-09T07:21:00Z list
2026-05-09T07:22:41Z list
2026-05-09T07:24:21Z list
2026-05-09T07:26:03Z list
2026-05-09T07:27:41Z list
2026-05-09T07:29:20Z list
2026-05-09T07:31:03Z list
2026-05-09T07:32:46Z list
2026-05-09T07:34:23Z list
2026-05-09T07:36:01Z list
2026-05-09T07:37:42Z list
2026-05-09T07:39:21Z list
2026-05-09T07:40:58Z list
2026-05-09T07:42:39Z list
2026-05-09T07:44:17Z list
2026-05-09T07:45:58Z list
2026-05-09T07:47:38Z list
2026-05-09T07:49:16Z list
2026-05-09T07:50:54Z list
2026-05-09T07:52:32Z list
2026-05-09T07:54:17Z list
2026-05-09T07:55:56Z list
2026-05-09T07:57:35Z list
2026-05-09T07:59:20Z list
2026-05-09T08:00:58Z list
2026-05-09T08:02:37Z list
2026-05-09T08:04:15Z list
2026-05-09T08:05:57Z list
2026-05-09T08:07:34Z list
2026-05-09T08:09:13Z list
2026-05-09T08:10:53Z list
2026-05-09T08:12:31Z list
2026-05-09T08:14:09Z list
2026-05-09T08:15:48Z list
2026-05-09T08:17:30Z list
2026-05-09T08:19:09Z list
2026-05-09T08:20:46Z list
2026-05-09T08:22:28Z list
2026-05-09T08:24:08Z list
2026-05-09T08:25:47Z list
2026-05-09T08:27:29Z list
2026-05-09T08:29:09Z list
2026-05-09T08:30:48Z list
2026-05-09T08:32:28Z list
2026-05-09T08:34:09Z list
2026-05-09T08:35:47Z list
2026-05-09T08:37:25Z list
2026-05-09T08:39:05Z list
2026-05-09T08:40:44Z list
2026-05-09T08:42:21Z list
2026-05-09T08:44:02Z list
2026-05-09T08:45:41Z list
2026-05-09T08:47:18Z list
2026-05-09T08:49:01Z list
2026-05-09T08:50:42Z list
2026-05-09T08:52:20Z list
2026-05-09T08:53:58Z list
2026-05-09T08:55:39Z list
2026-05-09T08:57:17Z list
2026-05-09T08:58:55Z list
2026-05-09T09:00:40Z list
2026-05-09T09:02:23Z list
2026-05-09T09:04:01Z list
2026-05-09T09:05:38Z list
2026-05-09T09:07:18Z list
2026-05-09T09:08:56Z list
2026-05-09T09:10:34Z list
2026-05-09T09:12:13Z list
2026-05-09T09:13:52Z list
2026-05-09T09:15:30Z list
2026-05-09T09:17:07Z list
2026-05-09T09:18:48Z list
2026-05-09T09:20:30Z list
2026-05-09T09:22:07Z list
2026-05-09T09:23:50Z list
2026-05-09T09:25:30Z list
2026-05-09T09:27:08Z list
2026-05-09T09:28:48Z list
2026-05-09T09:30:33Z list
2026-05-09T09:32:12Z list
2026-05-09T09:33:51Z list
2026-05-09T09:35:33Z list
2026-05-09T09:37:11Z list
2026-05-09T09:38:48Z list
2026-05-09T09:40:29Z list
2026-05-09T09:42:08Z list
2026-05-09T09:43:45Z list
2026-05-09T09:45:24Z list
2026-05-09T09:47:04Z list
2026-05-09T09:48:41Z list
2026-05-09T09:50:18Z list
2026-05-09T09:52:03Z list
2026-05-09T09:53:41Z list
2026-05-09T09:55:18Z list
2026-05-09T09:56:59Z list
2026-05-09T09:58:37Z list
2026-05-09T10:00:15Z list
2026-05-09T10:02:02Z list
2026-05-09T10:03:44Z list
2026-05-09T10:05:22Z list
2026-05-09T10:07:00Z list
2026-05-09T10:08:41Z list
2026-05-09T10:10:19Z list
2026-05-09T10:11:56Z list
2026-05-09T10:13:35Z list
2026-05-09T10:15:16Z list
2026-05-09T10:16:54Z list
2026-05-09T10:18:31Z list
2026-05-09T10:20:12Z list
2026-05-09T10:21:50Z list
2026-05-09T10:23:31Z list
2026-05-09T10:25:18Z list
2026-05-09T10:26:58Z list
2026-05-09T10:28:36Z list
2026-05-09T10:30:14Z list
2026-05-09T10:32:00Z list
2026-05-09T10:33:39Z list
2026-05-09T10:35:18Z list
2026-05-09T10:36:58Z list
2026-05-09T10:38:36Z list
2026-05-09T10:40:14Z list
2026-05-09T10:41:55Z list
2026-05-09T10:43:35Z list
2026-05-09T10:45:12Z list
2026-05-09T10:46:50Z list
2026-05-09T10:48:30Z list
2026-05-09T10:50:08Z list
2026-05-09T10:51:45Z list
2026-05-09T10:53:28Z list
2026-05-09T10:55:13Z list
2026-05-09T10:56:50Z list
2026-05-09T10:58:28Z list
2026-05-09T11:00:09Z list
2026-05-09T11:01:48Z list
2026-05-09T11:03:28Z list
2026-05-09T11:05:09Z list
2026-05-09T11:06:48Z list
2026-05-09T11:08:26Z list
2026-05-09T11:10:06Z list
2026-05-09T11:11:46Z list
2026-05-09T11:13:24Z list
2026-05-09T11:15:01Z list
2026-05-09T11:16:42Z list
2026-05-09T11:18:20Z list
2026-05-09T11:19:57Z list
2026-05-09T11:21:38Z list
2026-05-09T11:23:17Z list
2026-05-09T11:24:56Z list
2026-05-09T11:26:38Z list
2026-05-09T11:28:21Z list
2026-05-09T11:30:00Z list
2026-05-09T11:31:40Z list
2026-05-09T11:33:26Z list
2026-05-09T11:35:06Z list
2026-05-09T11:36:44Z list
2026-05-09T11:38:26Z list
2026-05-09T11:40:05Z list
2026-05-09T11:41:44Z list
2026-05-09T11:43:23Z list
2026-05-09T11:45:04Z list
2026-05-09T11:46:43Z list
2026-05-09T11:48:21Z list
2026-05-09T11:50:01Z list
2026-05-09T11:51:40Z list
2026-05-09T11:53:17Z list
2026-05-09T11:54:57Z list
2026-05-09T11:56:41Z list
2026-05-09T11:58:19Z list
2026-05-09T11:59:56Z list
2026-05-09T12:01:36Z list
2026-05-09T12:03:18Z list
2026-05-09T12:05:00Z list
2026-05-09T12:06:42Z list
2026-05-09T12:08:20Z list
2026-05-09T12:09:58Z list
2026-05-09T12:11:38Z list
2026-05-09T12:13:20Z list
2026-05-09T12:15:04Z list
2026-05-09T12:16:44Z list
2026-05-09T12:18:26Z list
2026-05-09T12:20:09Z list
2026-05-09T12:21:48Z list
2026-05-09T12:23:32Z list
2026-05-09T12:25:16Z list
2026-05-09T12:27:00Z list
2026-05-09T12:28:41Z list
2026-05-09T12:30:25Z list
2026-05-09T12:32:05Z list
2026-05-09T12:33:44Z list
2026-05-09T12:35:28Z list
2026-05-09T12:37:09Z list
2026-05-09T12:38:49Z list
2026-05-09T12:40:33Z list
2026-05-09T12:42:15Z list
2026-05-09T12:43:54Z list
2026-05-09T12:45:33Z list
2026-05-09T12:47:14Z list
2026-05-09T12:48:53Z list
2026-05-09T12:50:32Z list
2026-05-09T12:52:17Z list
2026-05-09T12:53:57Z list
2026-05-09T12:55:36Z list
2026-05-09T12:57:23Z list
2026-05-09T12:59:04Z list
2026-05-09T13:00:43Z list
2026-05-09T13:02:22Z list
2026-05-09T13:04:03Z list
2026-05-09T13:05:48Z list
2026-05-09T13:07:28Z list
2026-05-09T13:09:09Z list
2026-05-09T13:10:47Z list
2026-05-09T13:12:26Z list
2026-05-09T13:14:05Z list
2026-05-09T13:15:48Z list
2026-05-09T13:17:28Z list
2026-05-09T13:19:09Z list
2026-05-09T13:20:52Z list
2026-05-09T13:22:33Z list
2026-05-09T13:24:13Z list
2026-05-09T13:25:59Z list
2026-05-09T13:27:48Z list
2026-05-09T13:29:29Z list
2026-05-09T13:31:11Z list
2026-05-09T13:32:55Z list
2026-05-09T13:34:37Z list
2026-05-09T13:36:18Z list
2026-05-09T13:38:06Z list
2026-05-09T13:39:47Z list
2026-05-09T13:41:28Z list
2026-05-09T13:43:12Z list
2026-05-09T13:44:53Z list
2026-05-09T13:46:32Z list
2026-05-09T13:48:15Z list
2026-05-09T13:49:57Z list
2026-05-09T13:51:37Z list
2026-05-09T13:53:16Z list
2026-05-09T13:55:00Z list
2026-05-09T13:56:40Z list
2026-05-09T13:58:22Z list
2026-05-09T14:00:04Z list
2026-05-09T14:01:45Z list
2026-05-09T14:03:24Z list
2026-05-09T14:05:08Z list
2026-05-09T14:06:53Z list
2026-05-09T14:08:36Z list
2026-05-09T14:10:19Z list
2026-05-09T14:12:04Z list
2026-05-09T14:13:43Z list
2026-05-09T14:15:22Z list
2026-05-09T14:17:04Z list
2026-05-09T14:18:43Z list
2026-05-09T14:20:22Z list
2026-05-09T14:22:05Z list
2026-05-09T14:23:44Z list
2026-05-09T14:25:24Z list
2026-05-09T14:27:06Z list
2026-05-09T14:28:54Z list
2026-05-09T14:30:34Z list
2026-05-09T14:32:13Z list
2026-05-09T14:33:58Z list
2026-05-09T14:35:40Z list
2026-05-09T14:37:20Z list
2026-05-09T14:39:03Z list
2026-05-09T14:40:44Z list
2026-05-09T14:42:24Z list
2026-05-09T14:44:09Z list
2026-05-09T14:45:51Z list
2026-05-09T14:47:31Z list
2026-05-09T14:49:11Z list
2026-05-09T14:50:54Z list
2026-05-09T14:52:35Z list
2026-05-09T14:54:16Z list
2026-05-09T14:55:59Z list
2026-05-09T14:57:43Z list
2026-05-09T14:59:28Z list
2026-05-09T15:01:13Z list
2026-05-09T15:02:57Z list
2026-05-09T15:04:38Z list
2026-05-09T15:06:19Z list
2026-05-09T15:08:10Z list
2026-05-09T15:09:53Z list
2026-05-09T15:11:35Z list
2026-05-09T15:13:19Z list
2026-05-09T15:15:01Z list
2026-05-09T15:16:42Z list
2026-05-09T15:18:25Z list
2026-05-09T15:20:04Z list
2026-05-09T15:21:42Z list
2026-05-09T15:23:28Z list
2026-05-09T15:25:17Z list
2026-05-09T15:26:57Z list
2026-05-09T15:28:39Z list
2026-05-09T15:30:27Z list
2026-05-09T15:32:08Z list
2026-05-09T15:33:49Z list
2026-05-09T15:35:36Z list
2026-05-09T15:37:16Z list
2026-05-09T15:38:56Z list
2026-05-09T15:40:40Z list
2026-05-09T15:42:19Z list
2026-05-09T15:43:57Z list
2026-05-09T15:45:36Z list
2026-05-09T15:47:18Z list
2026-05-09T15:48:56Z list
2026-05-09T15:50:34Z list
2026-05-09T15:52:16Z list
2026-05-09T15:53:55Z list
2026-05-09T15:55:33Z list
2026-05-09T15:57:13Z list
2026-05-09T15:58:53Z list
2026-05-09T16:00:35Z list
2026-05-09T16:02:13Z list
2026-05-09T16:03:55Z list
2026-05-09T16:05:34Z list
2026-05-09T16:07:12Z list
2026-05-09T16:08:57Z list
2026-05-09T16:10:39Z list
2026-05-09T16:12:18Z list
2026-05-09T16:13:56Z list
2026-05-09T16:15:37Z list
2026-05-09T16:17:16Z list
2026-05-09T16:18:53Z list
2026-05-09T16:20:35Z list
2026-05-09T16:22:15Z list
2026-05-09T16:23:54Z list
2026-05-09T16:25:31Z list
2026-05-09T16:27:14Z list
2026-05-09T16:28:55Z list
2026-05-09T16:30:37Z list
2026-05-09T16:32:20Z list
2026-05-09T16:34:01Z list
2026-05-09T16:35:39Z list
2026-05-09T16:37:20Z list
2026-05-09T16:39:02Z list
2026-05-09T16:40:41Z list
2026-05-09T16:42:20Z list
2026-05-09T16:44:02Z list
2026-05-09T16:45:41Z list
2026-05-09T16:47:19Z list
2026-05-09T16:49:00Z list
2026-05-09T16:50:39Z list
2026-05-09T16:52:20Z list
2026-05-09T16:54:01Z list
2026-05-09T16:55:42Z list
2026-05-09T16:57:21Z list
2026-05-09T16:58:58Z list
2026-05-09T17:00:43Z list
2026-05-09T17:02:22Z list
2026-05-09T17:04:00Z list
2026-05-09T17:05:41Z list
2026-05-09T17:07:19Z list
2026-05-09T17:08:56Z list
2026-05-09T17:10:38Z list
2026-05-09T17:12:21Z list
2026-05-09T17:13:59Z list
2026-05-09T17:15:36Z list
2026-05-09T17:17:18Z list
2026-05-09T17:18:56Z list
2026-05-09T17:20:34Z list
2026-05-09T17:22:12Z list
2026-05-09T17:23:53Z list
2026-05-09T17:25:31Z list
2026-05-09T17:27:10Z list
2026-05-09T17:28:53Z list
2026-05-09T17:30:32Z list
2026-05-09T17:32:14Z list
2026-05-09T17:33:55Z list
2026-05-09T17:35:38Z list
2026-05-09T17:37:17Z list
2026-05-09T17:38:55Z list
2026-05-09T17:40:37Z list
2026-05-09T17:42:17Z list
2026-05-09T17:43:55Z list
2026-05-09T17:45:37Z list
2026-05-09T17:47:16Z list
2026-05-09T17:48:54Z list
2026-05-09T17:50:35Z list
2026-05-09T17:52:17Z list
2026-05-09T17:53:55Z list
2026-05-09T17:55:32Z list
2026-05-09T17:57:14Z list
2026-05-09T17:58:53Z list
2026-05-09T18:00:31Z list
2026-05-09T18:02:13Z list
2026-05-09T18:03:55Z list
2026-05-09T18:05:33Z list
2026-05-09T18:07:12Z list
2026-05-09T18:08:55Z list
2026-05-09T18:10:33Z list
2026-05-09T18:12:17Z list
2026-05-09T18:14:00Z list
2026-05-09T18:15:38Z list
2026-05-09T18:17:15Z list
2026-05-09T18:18:58Z list
2026-05-09T18:20:37Z list
2026-05-09T18:22:14Z list
2026-05-09T18:23:52Z list
2026-05-09T18:25:34Z list
2026-05-09T18:27:13Z list
2026-05-09T18:28:52Z list
2026-05-09T18:30:34Z list
2026-05-09T18:32:13Z list
2026-05-09T18:33:52Z list
2026-05-09T18:35:37Z list
2026-05-09T18:37:18Z list
2026-05-09T18:38:56Z list
2026-05-09T18:40:34Z list
2026-05-09T18:42:15Z list
2026-05-09T18:43:53Z list
2026-05-09T18:45:30Z list
2026-05-09T18:47:12Z list
2026-05-09T18:48:50Z list
2026-05-09T18:50:27Z list
2026-05-09T18:52:07Z list
2026-05-09T18:53:48Z list
2026-05-09T18:55:26Z list
2026-05-09T18:57:04Z list
2026-05-09T18:58:44Z list
2026-05-09T19:00:23Z list
2026-05-09T19:02:00Z list
2026-05-09T19:03:40Z list
2026-05-09T19:05:19Z list
2026-05-09T19:07:00Z list
2026-05-09T19:08:37Z list
2026-05-09T19:10:18Z list
2026-05-09T19:11:56Z list
2026-05-09T19:13:40Z list
2026-05-09T19:15:23Z list
2026-05-09T19:17:01Z list
2026-05-09T19:18:38Z list
2026-05-09T19:20:18Z list
2026-05-09T19:21:59Z list
2026-05-09T19:23:36Z list
2026-05-09T19:25:14Z list
2026-05-09T19:26:57Z list
2026-05-09T19:28:40Z list
2026-05-09T19:30:19Z list
2026-05-09T19:32:03Z list
2026-05-09T19:33:46Z list
2026-05-09T19:35:25Z list
2026-05-09T19:37:08Z list
2026-05-09T19:38:50Z list
2026-05-09T19:40:29Z list
2026-05-09T19:42:07Z list
2026-05-09T19:43:48Z list
2026-05-09T19:45:27Z list
2026-05-09T19:47:05Z list
2026-05-09T19:48:47Z list
2026-05-09T19:50:27Z list
2026-05-09T19:52:12Z list
2026-05-09T19:53:55Z list
2026-05-09T19:55:42Z list
2026-05-09T19:57:25Z list
2026-05-09T19:59:12Z list
2026-05-09T20:00:57Z list
2026-05-09T20:02:40Z list
2026-05-09T20:04:19Z list
2026-05-09T20:05:58Z list
2026-05-09T20:07:42Z list
2026-05-09T20:09:20Z list
2026-05-09T20:10:58Z list
2026-05-09T20:12:38Z list
2026-05-09T20:14:19Z list
2026-05-09T20:16:00Z list
2026-05-09T20:17:42Z list
2026-05-09T20:19:20Z list
2026-05-09T20:20:58Z list
2026-05-09T20:22:37Z list
2026-05-09T20:24:18Z list
2026-05-09T20:25:56Z list
2026-05-09T20:27:35Z list
2026-05-09T20:29:19Z list
2026-05-09T20:30:58Z list
2026-05-09T20:32:36Z list
2026-05-09T20:34:16Z list
2026-05-09T20:35:58Z list
2026-05-09T20:37:45Z list
2026-05-09T20:39:23Z list
2026-05-09T20:41:04Z list
2026-05-09T20:42:41Z list
2026-05-09T20:44:18Z list
2026-05-09T20:46:00Z list
2026-05-09T20:47:38Z list
2026-05-09T20:49:15Z list
2026-05-09T20:50:53Z list
2026-05-09T20:52:37Z list
2026-05-09T20:54:16Z list
2026-05-09T20:55:54Z list
2026-05-09T20:57:35Z list
2026-05-09T20:59:13Z list
2026-05-09T21:00:51Z list
2026-05-09T21:02:32Z list
2026-05-09T21:04:13Z list
2026-05-09T21:05:50Z list
2026-05-09T21:07:28Z list
2026-05-09T21:09:12Z list
2026-05-09T21:10:50Z list
2026-05-09T21:12:27Z list
2026-05-09T21:14:09Z list
2026-05-09T21:15:50Z list
2026-05-09T21:17:32Z list
2026-05-09T21:19:11Z list
2026-05-09T21:20:51Z list
2026-05-09T21:22:30Z list
2026-05-09T21:24:07Z list
2026-05-09T21:25:47Z list
2026-05-09T21:27:26Z list
2026-05-09T21:29:05Z list
2026-05-09T21:30:49Z list
2026-05-09T21:32:30Z list
2026-05-09T21:34:08Z list
2026-05-09T21:35:47Z list
2026-05-09T21:37:28Z list
2026-05-09T21:39:10Z list
2026-05-09T21:40:47Z list
2026-05-09T21:42:28Z list
2026-05-09T21:44:06Z list
2026-05-09T21:45:44Z list
2026-05-09T21:47:23Z list
2026-05-09T21:49:03Z list
2026-05-09T21:50:41Z list
2026-05-09T21:52:19Z list
2026-05-09T21:54:00Z list
2026-05-09T21:55:39Z list
2026-05-09T21:57:17Z list
2026-05-09T21:58:59Z list
2026-05-09T22:00:37Z list
2026-05-09T22:02:15Z list
2026-05-09T22:03:53Z list
2026-05-09T22:05:42Z list
2026-05-09T22:07:23Z list
2026-05-09T22:09:02Z list
2026-05-09T22:10:47Z list
2026-05-09T22:12:26Z list
2026-05-09T22:14:04Z list
2026-05-09T22:15:46Z list
2026-05-09T22:17:37Z list
2026-05-09T22:19:20Z list
2026-05-09T22:21:02Z list
2026-05-09T22:22:45Z list
2026-05-09T22:24:24Z list
2026-05-09T22:26:02Z list
2026-05-09T22:27:45Z list
2026-05-09T22:29:25Z list
2026-05-09T22:31:03Z list
2026-05-09T22:32:45Z list
2026-05-09T22:34:29Z list
2026-05-09T22:36:09Z list
2026-05-09T22:37:48Z list
2026-05-09T22:39:31Z list
2026-05-09T22:41:15Z list
2026-05-09T22:42:53Z list
2026-05-09T22:44:34Z list
2026-05-09T22:46:13Z list
2026-05-09T22:47:51Z list
2026-05-09T22:49:34Z list
2026-05-09T22:51:15Z list
2026-05-09T22:52:53Z list
2026-05-09T22:54:33Z list
2026-05-09T22:56:15Z list
2026-05-09T22:57:54Z list
2026-05-09T22:59:33Z list
2026-05-09T23:01:15Z list
2026-05-09T23:02:55Z list
2026-05-09T23:04:33Z list
2026-05-09T23:06:10Z list
2026-05-09T23:07:51Z list
2026-05-09T23:09:30Z list
2026-05-09T23:11:09Z list
2026-05-09T23:12:54Z list
2026-05-09T23:14:32Z list
2026-05-09T23:16:09Z list
2026-05-09T23:17:48Z list
2026-05-09T23:19:32Z list
2026-05-09T23:21:10Z list
2026-05-09T23:22:47Z list
2026-05-09T23:24:28Z list
2026-05-09T23:26:06Z list
2026-05-09T23:27:44Z list
2026-05-09T23:29:27Z list
2026-05-09T23:31:08Z list
2026-05-09T23:32:46Z list
2026-05-09T23:34:23Z list
2026-05-09T23:36:07Z list
2026-05-09T23:37:46Z list
2026-05-09T23:39:25Z list
2026-05-09T23:41:06Z list
2026-05-09T23:42:46Z list
2026-05-09T23:44:28Z list
2026-05-09T23:46:09Z list
2026-05-09T23:47:49Z list
2026-05-09T23:49:27Z list
2026-05-09T23:51:05Z list
2026-05-09T23:52:45Z list
2026-05-09T23:54:24Z list
2026-05-09T23:56:02Z list
2026-05-09T23:57:44Z list
2026-05-09T23:59:22Z list
2026-05-10T00:00:59Z list
2026-05-10T00:02:37Z list
2026-05-10T00:04:18Z list
2026-05-10T00:05:56Z list
2026-05-10T00:07:34Z list
2026-05-10T00:09:16Z list
2026-05-10T00:10:54Z list
2026-05-10T00:12:32Z list
2026-05-10T00:14:11Z list
2026-05-10T00:15:54Z list
2026-05-10T00:17:32Z list
2026-05-10T00:19:09Z list
2026-05-10T00:20:53Z list
2026-05-10T00:22:31Z list
2026-05-10T00:24:08Z list
2026-05-10T00:25:49Z list
2026-05-10T00:27:31Z list
2026-05-10T00:29:08Z list
2026-05-10T00:30:47Z list
2026-05-10T00:32:28Z list
2026-05-10T00:34:06Z list
2026-05-10T00:35:45Z list
2026-05-10T00:37:27Z list
2026-05-10T00:39:07Z list
2026-05-10T00:40:45Z list
2026-05-10T00:42:24Z list
2026-05-10T00:44:06Z list
2026-05-10T00:45:44Z list
2026-05-10T00:47:25Z list
2026-05-10T00:49:06Z list
2026-05-10T00:50:44Z list
2026-05-10T00:52:23Z list
2026-05-10T00:54:04Z list
2026-05-10T00:55:43Z list
2026-05-10T00:57:21Z list
2026-05-10T00:58:58Z list
2026-05-10T01:00:40Z list
2026-05-10T01:02:18Z list
2026-05-10T01:03:55Z list
2026-05-10T01:05:36Z list
2026-05-10T01:07:14Z list
2026-05-10T01:08:51Z list
2026-05-10T01:10:29Z list
2026-05-10T01:12:10Z list
2026-05-10T01:13:48Z list
2026-05-10T01:15:25Z list
2026-05-10T01:17:06Z list
2026-05-10T01:18:51Z list
2026-05-10T01:20:29Z list
2026-05-10T01:22:13Z list
2026-05-10T01:23:54Z list
2026-05-10T01:25:32Z list
2026-05-10T01:27:10Z list
2026-05-10T01:28:52Z list
2026-05-10T01:30:31Z list
2026-05-10T01:32:09Z list
2026-05-10T01:33:51Z list
2026-05-10T01:35:30Z list
2026-05-10T01:37:08Z list
2026-05-10T01:38:48Z list
2026-05-10T01:40:31Z list
2026-05-10T01:42:10Z list
2026-05-10T01:43:48Z list
2026-05-10T01:45:28Z list
2026-05-10T01:47:06Z list
2026-05-10T01:48:47Z list
2026-05-10T01:50:28Z list
2026-05-10T01:52:07Z list
2026-05-10T01:53:44Z list
2026-05-10T01:55:24Z list
2026-05-10T01:57:06Z list
2026-05-10T01:58:43Z list
2026-05-10T02:00:21Z list
2026-05-10T02:02:01Z list
2026-05-10T02:03:39Z list
2026-05-10T02:05:16Z list
2026-05-10T02:06:58Z list
2026-05-10T02:08:38Z list
2026-05-10T02:10:16Z list
2026-05-10T02:11:53Z list
2026-05-10T02:13:33Z list
2026-05-10T02:15:11Z list
2026-05-10T02:16:48Z list
2026-05-10T02:18:29Z list
2026-05-10T02:20:10Z list
2026-05-10T02:21:48Z list
2026-05-10T02:23:27Z list
2026-05-10T02:25:08Z list
2026-05-10T02:26:46Z list
2026-05-10T02:28:23Z list
2026-05-10T02:30:05Z list
2026-05-10T02:31:44Z list
2026-05-10T02:33:22Z list
2026-05-10T02:35:05Z list
2026-05-10T02:36:43Z list
2026-05-10T02:38:23Z list
2026-05-10T02:40:02Z list
2026-05-10T02:41:48Z list
2026-05-10T02:43:28Z list
2026-05-10T02:45:07Z list
2026-05-10T02:46:48Z list
2026-05-10T02:48:27Z list
2026-05-10T02:50:05Z list
2026-05-10T02:51:51Z list
2026-05-10T02:53:32Z list
2026-05-10T02:55:09Z list
2026-05-10T02:56:48Z list
2026-05-10T02:58:29Z list
2026-05-10T03:00:08Z list
2026-05-10T03:01:45Z list
2026-05-10T03:03:27Z list
2026-05-10T03:05:05Z list
2026-05-10T03:06:42Z list
2026-05-10T03:08:21Z list
2026-05-10T03:10:02Z list
2026-05-10T03:11:39Z list
2026-05-10T03:13:18Z list
2026-05-10T03:14:59Z list
2026-05-10T03:16:37Z list
2026-05-10T03:18:14Z list
2026-05-10T03:19:53Z list
2026-05-10T03:21:34Z list
2026-05-10T03:23:17Z list
2026-05-10T03:24:55Z list
2026-05-10T03:26:36Z list
2026-05-10T03:28:16Z list
2026-05-10T03:29:54Z list
2026-05-10T03:31:38Z list
2026-05-10T03:33:16Z list
2026-05-10T03:34:54Z list
2026-05-10T03:36:34Z list
2026-05-10T03:38:19Z list
2026-05-10T03:40:00Z list
2026-05-10T03:41:38Z list
2026-05-10T03:43:19Z list
2026-05-10T03:44:57Z list
2026-05-10T03:46:35Z list
2026-05-10T03:48:17Z list
2026-05-10T03:49:55Z list
2026-05-10T03:51:34Z list
2026-05-10T03:53:15Z list
2026-05-10T03:54:56Z list
2026-05-10T03:56:34Z list
2026-05-10T03:58:12Z list
2026-05-10T03:59:53Z list
2026-05-10T04:01:31Z list
2026-05-10T04:03:08Z list
2026-05-10T04:04:47Z list
2026-05-10T04:06:28Z list
2026-05-10T04:08:06Z list
2026-05-10T04:09:44Z list
2026-05-10T04:11:24Z list
2026-05-10T04:13:02Z list
2026-05-10T04:14:39Z list
2026-05-10T04:16:18Z list
2026-05-10T04:17:58Z list
2026-05-10T04:19:35Z list
2026-05-10T04:21:12Z list
2026-05-10T04:22:53Z list
2026-05-10T04:24:37Z list
2026-05-10T04:26:16Z list
2026-05-10T04:27:57Z list
2026-05-10T04:29:37Z list
2026-05-10T04:31:16Z list
2026-05-10T04:32:56Z list
2026-05-10T04:34:37Z list
2026-05-10T04:36:15Z list
2026-05-10T04:37:54Z list
2026-05-10T04:39:37Z list
2026-05-10T04:41:16Z list
2026-05-10T04:42:55Z list
2026-05-10T04:44:36Z list
2026-05-10T04:46:15Z list
2026-05-10T04:47:53Z list
2026-05-10T04:49:31Z list
2026-05-10T04:51:12Z list
2026-05-10T04:52:50Z list
2026-05-10T04:54:27Z list
2026-05-10T04:56:11Z list
2026-05-10T04:57:52Z list
2026-05-10T04:59:30Z list
2026-05-10T05:01:12Z list
2026-05-10T05:02:51Z list
2026-05-10T05:04:28Z list
2026-05-10T05:06:06Z list
2026-05-10T05:07:49Z list
2026-05-10T05:09:27Z list
2026-05-10T05:11:04Z list
2026-05-10T05:12:44Z list
2026-05-10T05:14:22Z list
2026-05-10T05:15:59Z list
2026-05-10T05:17:39Z list
2026-05-10T05:19:19Z list
2026-05-10T05:20:57Z list
2026-05-10T05:22:34Z list
2026-05-10T05:24:15Z list
2026-05-10T05:25:56Z list
2026-05-10T05:27:41Z list
2026-05-10T05:29:24Z list
2026-05-10T05:31:04Z list
2026-05-10T05:32:43Z list
2026-05-10T05:34:20Z list
2026-05-10T05:36:02Z list
2026-05-10T05:37:41Z list
2026-05-10T05:39:19Z list
2026-05-10T05:41:00Z list
2026-05-10T05:42:39Z list
2026-05-10T05:44:16Z list
2026-05-10T05:45:56Z list
2026-05-10T05:47:36Z list
2026-05-10T05:49:13Z list
2026-05-10T05:50:51Z list
2026-05-10T05:52:31Z list
2026-05-10T05:54:09Z list
2026-05-10T05:55:47Z list
2026-05-10T05:57:29Z list
2026-05-10T05:59:10Z list
2026-05-10T06:00:48Z list
2026-05-10T06:02:26Z list
2026-05-10T06:04:07Z list
2026-05-10T06:05:45Z list
2026-05-10T06:07:23Z list
2026-05-10T06:09:04Z list
2026-05-10T06:10:42Z list
2026-05-10T06:12:19Z list
2026-05-10T06:13:59Z list
2026-05-10T06:15:39Z list
2026-05-10T06:17:17Z list
2026-05-10T06:18:54Z list
2026-05-10T06:20:35Z list
2026-05-10T06:22:13Z list
2026-05-10T06:23:50Z list
2026-05-10T06:25:31Z list
2026-05-10T06:27:11Z list
2026-05-10T06:28:52Z list
2026-05-10T06:30:37Z list
2026-05-10T06:32:19Z list
2026-05-10T06:33:58Z list
2026-05-10T06:35:36Z list
2026-05-10T06:37:17Z list
2026-05-10T06:38:56Z list
2026-05-10T06:40:34Z list
2026-05-10T06:42:15Z list
2026-05-10T06:43:54Z list
2026-05-10T06:45:31Z list
2026-05-10T06:47:09Z list
2026-05-10T06:48:51Z list
2026-05-10T06:50:29Z list
2026-05-10T06:52:06Z list
2026-05-10T06:53:47Z list
2026-05-10T06:55:25Z list
2026-05-10T06:57:02Z list
2026-05-10T06:58:41Z list
2026-05-10T07:00:25Z list
2026-05-10T07:02:09Z list
2026-05-10T07:03:46Z list
2026-05-10T07:05:27Z list
2026-05-10T07:07:05Z list
2026-05-10T07:08:42Z list
2026-05-10T07:10:23Z list
2026-05-10T07:12:02Z list
2026-05-10T07:13:39Z list
2026-05-10T07:15:18Z list
2026-05-10T07:16:59Z list
2026-05-10T07:18:37Z list
2026-05-10T07:20:14Z list
2026-05-10T07:21:55Z list
2026-05-10T07:23:33Z list
2026-05-10T07:25:10Z list
2026-05-10T07:26:49Z list
2026-05-10T07:28:32Z list
2026-05-10T07:30:12Z list
2026-05-10T07:31:52Z list
2026-05-10T07:33:41Z list
2026-05-10T07:35:19Z list
2026-05-10T07:36:57Z list
2026-05-10T07:38:39Z list
2026-05-10T07:40:17Z list
2026-05-10T07:41:55Z list
2026-05-10T07:43:33Z list
2026-05-10T07:45:15Z list
2026-05-10T07:46:52Z list
2026-05-10T07:48:31Z list
2026-05-10T07:50:11Z list
2026-05-10T07:51:50Z list
2026-05-10T07:53:28Z list
2026-05-10T07:55:10Z list
2026-05-10T07:56:48Z list
2026-05-10T07:58:25Z list
2026-05-10T08:00:04Z list
2026-05-10T08:01:46Z list
2026-05-10T08:03:24Z list
2026-05-10T08:05:05Z list
2026-05-10T08:06:45Z list
2026-05-10T08:08:23Z list
2026-05-10T08:10:01Z list
2026-05-10T08:11:39Z list
2026-05-10T08:13:20Z list
2026-05-10T08:14:57Z list
2026-05-10T08:16:34Z list
2026-05-10T08:18:14Z list
2026-05-10T08:19:52Z list
2026-05-10T08:21:30Z list
2026-05-10T08:23:09Z list
2026-05-10T08:24:49Z list
2026-05-10T08:26:26Z list
2026-05-10T08:28:03Z list
2026-05-10T08:29:47Z list
2026-05-10T08:31:29Z list
2026-05-10T08:33:08Z list
2026-05-10T08:34:50Z list
2026-05-10T08:36:31Z list
2026-05-10T08:38:10Z list
2026-05-10T08:39:50Z list
2026-05-10T08:41:31Z list
2026-05-10T08:43:11Z list
2026-05-10T08:44:49Z list
2026-05-10T08:46:29Z list
2026-05-10T08:48:07Z list
2026-05-10T08:49:44Z list
2026-05-10T08:51:25Z list
2026-05-10T08:53:03Z list
2026-05-10T08:54:40Z list
2026-05-10T08:56:19Z list
2026-05-10T08:58:00Z list
2026-05-10T08:59:37Z list
2026-05-10T09:01:15Z list
2026-05-10T09:02:57Z list
2026-05-10T09:04:35Z list
2026-05-10T09:06:12Z list
2026-05-10T09:07:57Z list
2026-05-10T09:09:35Z list
2026-05-10T09:11:14Z list
2026-05-10T09:12:51Z list
2026-05-10T09:14:33Z list
2026-05-10T09:16:10Z list
2026-05-10T09:17:48Z list
2026-05-10T09:19:29Z list
2026-05-10T09:21:07Z list
2026-05-10T09:22:44Z list
2026-05-10T09:24:22Z list
2026-05-10T09:26:03Z list
2026-05-10T09:27:41Z list
2026-05-10T09:29:19Z list
2026-05-10T09:31:02Z list
2026-05-10T09:32:44Z list
2026-05-10T09:34:23Z list
2026-05-10T09:36:04Z list
2026-05-10T09:37:44Z list
2026-05-10T09:39:27Z list
2026-05-10T09:41:05Z list
2026-05-10T09:42:46Z list
2026-05-10T09:44:24Z list
2026-05-10T09:46:02Z list
2026-05-10T09:47:42Z list
2026-05-10T09:49:21Z list
2026-05-10T09:50:58Z list
2026-05-10T09:52:38Z list
2026-05-10T09:54:17Z list
2026-05-10T09:55:55Z list
2026-05-10T09:57:32Z list
2026-05-10T09:59:13Z list
2026-05-10T10:00:51Z list
2026-05-10T10:02:29Z list
2026-05-10T10:04:11Z list
2026-05-10T10:05:49Z list
2026-05-10T10:07:26Z list
2026-05-10T10:09:03Z list
2026-05-10T10:10:48Z list
2026-05-10T10:12:26Z list
2026-05-10T10:14:03Z list
2026-05-10T10:15:43Z list
2026-05-10T10:17:22Z list
2026-05-10T10:18:59Z list
2026-05-10T10:20:38Z list
2026-05-10T10:22:18Z list
2026-05-10T10:23:55Z list
2026-05-10T10:25:32Z list
2026-05-10T10:27:13Z list
2026-05-10T10:28:50Z list
2026-05-10T10:30:28Z list
2026-05-10T10:32:14Z list
2026-05-10T10:33:57Z list
2026-05-10T10:35:35Z list
2026-05-10T10:37:13Z list
2026-05-10T10:38:57Z list
2026-05-10T10:40:38Z list
2026-05-10T10:42:20Z list
2026-05-10T10:44:01Z list
2026-05-10T10:45:39Z list
2026-05-10T10:47:16Z list
2026-05-10T10:48:57Z list
2026-05-10T10:50:36Z list
2026-05-10T10:52:13Z list
2026-05-10T10:53:56Z list
2026-05-10T10:55:38Z list
2026-05-10T10:57:16Z list
2026-05-10T10:58:53Z list
2026-05-10T11:00:34Z list
2026-05-10T11:02:12Z list
2026-05-10T11:03:49Z list
2026-05-10T11:05:29Z list
2026-05-10T11:07:09Z list
2026-05-10T11:08:47Z list
2026-05-10T11:10:24Z list
2026-05-10T11:12:04Z list
2026-05-10T11:13:46Z list
2026-05-10T11:15:25Z list
2026-05-10T11:17:07Z list
2026-05-10T11:18:45Z list
2026-05-10T11:20:22Z list
2026-05-10T11:22:00Z list
2026-05-10T11:23:41Z list
2026-05-10T11:25:19Z list
2026-05-10T11:26:56Z list
2026-05-10T11:28:36Z list
2026-05-10T11:30:15Z list
2026-05-10T11:31:55Z list
2026-05-10T11:33:36Z list
2026-05-10T11:35:21Z list
2026-05-10T11:36:59Z list
2026-05-10T11:38:38Z list
2026-05-10T11:40:22Z list
2026-05-10T11:42:09Z list
2026-05-10T11:43:52Z list
2026-05-10T11:45:36Z list
2026-05-10T11:47:16Z list
2026-05-10T11:48:52Z list
2026-05-10T11:50:29Z list
2026-05-10T11:52:10Z list
2026-05-10T11:53:47Z list
2026-05-10T11:55:24Z list
2026-05-10T11:57:04Z list
2026-05-10T11:58:43Z list
2026-05-10T12:00:21Z list
2026-05-10T12:01:58Z list
2026-05-10T12:03:40Z list
2026-05-10T12:05:22Z list
2026-05-10T12:07:02Z list
2026-05-10T12:08:45Z list
2026-05-10T12:10:26Z list
2026-05-10T12:12:06Z list
2026-05-10T12:13:50Z list
2026-05-10T12:15:38Z list
2026-05-10T12:17:18Z list
2026-05-10T12:18:58Z list
2026-05-10T12:20:42Z list
2026-05-10T12:22:23Z list
2026-05-10T12:24:03Z list
2026-05-10T12:25:46Z list
2026-05-10T12:27:27Z list
2026-05-10T12:29:06Z list
2026-05-10T12:30:50Z list
2026-05-10T12:32:35Z list
2026-05-10T12:34:16Z list
2026-05-10T12:36:00Z list
2026-05-10T12:37:42Z list
2026-05-10T12:39:21Z list
2026-05-10T12:40:59Z list
2026-05-10T12:42:53Z list
2026-05-10T12:44:35Z list
2026-05-10T12:46:17Z list
2026-05-10T12:47:56Z list
2026-05-10T12:49:41Z list
2026-05-10T12:51:19Z list
2026-05-10T12:52:58Z list
2026-05-10T12:54:38Z list
2026-05-10T12:56:17Z list
2026-05-10T12:57:56Z list
2026-05-10T12:59:35Z list
2026-05-10T13:01:17Z list
2026-05-10T13:02:55Z list
2026-05-10T13:04:33Z list
2026-05-10T13:06:15Z list
2026-05-10T13:07:53Z list
2026-05-10T13:09:32Z list
2026-05-10T13:11:14Z list
2026-05-10T13:12:52Z list
2026-05-10T13:14:30Z list
2026-05-10T13:16:09Z list
2026-05-10T13:17:53Z list
2026-05-10T13:19:31Z list
2026-05-10T13:21:08Z list
2026-05-10T13:22:49Z list
2026-05-10T13:24:28Z list
2026-05-10T13:26:05Z list
2026-05-10T13:27:47Z list
2026-05-10T13:29:25Z list
2026-05-10T13:31:03Z list
2026-05-10T13:32:45Z list
2026-05-10T13:34:29Z list
2026-05-10T13:36:09Z list
2026-05-10T13:37:48Z list
2026-05-10T13:39:30Z list
2026-05-10T13:41:09Z list
2026-05-10T13:42:47Z list
2026-05-10T13:44:28Z list
2026-05-10T13:46:09Z list
2026-05-10T13:47:47Z list
2026-05-10T13:49:29Z list
2026-05-10T13:51:10Z list
2026-05-10T13:52:48Z list
2026-05-10T13:54:26Z list
2026-05-10T13:56:07Z list
2026-05-10T13:57:46Z list
2026-05-10T13:59:25Z list
2026-05-10T14:01:05Z list
2026-05-10T14:02:46Z list
2026-05-10T14:04:24Z list
2026-05-10T14:06:02Z list
2026-05-10T14:07:43Z list
2026-05-10T14:09:21Z list
2026-05-10T14:10:59Z list
2026-05-10T14:12:41Z list
2026-05-10T14:14:18Z list
2026-05-10T14:15:56Z list
2026-05-10T14:17:34Z list
2026-05-10T14:19:15Z list
2026-05-10T14:20:57Z list
2026-05-10T14:22:34Z list
2026-05-10T14:24:14Z list
2026-05-10T14:25:52Z list
2026-05-10T14:27:30Z list
2026-05-10T14:29:09Z list
2026-05-10T14:30:50Z list
2026-05-10T14:32:28Z list
2026-05-10T14:34:07Z list
2026-05-10T14:35:51Z list
2026-05-10T14:37:31Z list
2026-05-10T14:39:10Z list
2026-05-10T14:40:52Z list
2026-05-10T14:42:31Z list
2026-05-10T14:44:09Z list
2026-05-10T14:45:48Z list
2026-05-10T14:47:31Z list
2026-05-10T14:49:08Z list
2026-05-10T14:50:46Z list
2026-05-10T14:52:29Z list
2026-05-10T14:54:07Z list
2026-05-10T14:55:44Z list
2026-05-10T14:57:26Z list
2026-05-10T14:59:04Z list
2026-05-10T15:00:42Z list
2026-05-10T15:02:19Z list
2026-05-10T15:04:00Z list
2026-05-10T15:05:38Z list
2026-05-10T15:07:15Z list
2026-05-10T15:08:56Z list
2026-05-10T15:10:34Z list
2026-05-10T15:12:10Z list
2026-05-10T15:13:50Z list
2026-05-10T15:15:31Z list
2026-05-10T15:17:08Z list
2026-05-10T15:18:45Z list
2026-05-10T15:20:26Z list
2026-05-10T15:22:03Z list
2026-05-10T15:23:44Z list
2026-05-10T15:25:25Z list
2026-05-10T15:27:02Z list
2026-05-10T15:28:40Z list
2026-05-10T15:30:17Z list
2026-05-10T15:31:58Z list
2026-05-10T15:33:37Z list
2026-05-10T15:35:15Z list
2026-05-10T15:36:58Z list
2026-05-10T15:38:37Z list
2026-05-10T15:40:18Z list
2026-05-10T15:41:59Z list
2026-05-10T15:43:41Z list
2026-05-10T15:45:20Z list
2026-05-10T15:46:59Z list
2026-05-10T15:48:41Z list
2026-05-10T15:50:19Z list
2026-05-10T15:51:56Z list
2026-05-10T15:53:36Z list
2026-05-10T15:55:18Z list
2026-05-10T15:56:55Z list
2026-05-10T15:58:39Z list
2026-05-10T16:00:21Z list
2026-05-10T16:01:58Z list
2026-05-10T16:03:35Z list
2026-05-10T16:05:15Z list
2026-05-10T16:06:53Z list
2026-05-10T16:08:33Z list
2026-05-10T16:10:12Z list
2026-05-10T16:11:51Z list
2026-05-10T16:13:28Z list
2026-05-10T16:15:05Z list
2026-05-10T16:16:45Z list
2026-05-10T16:18:23Z list
2026-05-10T16:20:00Z list
2026-05-10T16:21:41Z list
2026-05-10T16:23:19Z list
2026-05-10T16:24:56Z list
2026-05-10T16:26:38Z list
2026-05-10T16:28:19Z list
2026-05-10T16:29:57Z list
2026-05-10T16:31:34Z list
2026-05-10T16:33:14Z list
2026-05-10T16:34:53Z list
2026-05-10T16:36:32Z list
2026-05-10T16:38:12Z list
2026-05-10T16:39:52Z list
2026-05-10T16:41:33Z list
2026-05-10T16:43:13Z list
2026-05-10T16:44:54Z list
2026-05-10T16:46:32Z list
2026-05-10T16:48:09Z list
2026-05-10T16:49:50Z list
2026-05-10T16:51:27Z list
2026-05-10T16:53:04Z list
2026-05-10T16:54:44Z list
2026-05-10T16:56:24Z list
2026-05-10T16:58:06Z list
2026-05-10T16:59:43Z list
2026-05-10T17:01:23Z list
2026-05-10T17:03:01Z list
2026-05-10T17:04:38Z list
2026-05-10T17:06:19Z list
2026-05-10T17:07:59Z list
2026-05-10T17:09:36Z list
2026-05-10T17:11:14Z list
2026-05-10T17:12:55Z list
2026-05-10T17:14:32Z list
2026-05-10T17:16:09Z list
2026-05-10T17:17:49Z list
2026-05-10T17:19:27Z list
2026-05-10T17:21:04Z list
2026-05-10T17:22:42Z list
2026-05-10T17:24:23Z list
2026-05-10T17:26:00Z list
2026-05-10T17:27:37Z list
2026-05-10T17:29:20Z list
2026-05-10T17:30:59Z list
2026-05-10T17:32:35Z list
2026-05-10T17:34:18Z list
2026-05-10T17:36:01Z list
2026-05-10T17:37:39Z list
2026-05-10T17:39:17Z list
2026-05-10T17:41:02Z list
2026-05-10T17:42:45Z list
2026-05-10T17:44:23Z list
2026-05-10T17:46:04Z list
2026-05-10T17:47:41Z list
2026-05-10T17:49:18Z list
2026-05-10T17:51:00Z list
2026-05-10T17:52:40Z list
2026-05-10T17:54:17Z list
2026-05-10T17:55:54Z list
2026-05-10T17:57:34Z list
2026-05-10T17:59:12Z list
2026-05-10T18:00:52Z list
2026-05-10T18:02:33Z list
2026-05-10T18:04:10Z list
2026-05-10T18:05:47Z list
2026-05-10T18:07:25Z list
2026-05-10T18:09:07Z list
2026-05-10T18:10:44Z list
2026-05-10T18:12:21Z list
2026-05-10T18:14:01Z list
2026-05-10T18:15:39Z list
2026-05-10T18:17:15Z list
2026-05-10T18:18:54Z list
2026-05-10T18:20:34Z list
2026-05-10T18:22:11Z list
2026-05-10T18:23:48Z list
2026-05-10T18:25:29Z list
2026-05-10T18:27:07Z list
2026-05-10T18:28:45Z list
2026-05-10T18:30:26Z list
2026-05-10T18:32:08Z list
2026-05-10T18:33:46Z list
2026-05-10T18:35:26Z list
2026-05-10T18:37:08Z list
2026-05-10T18:38:47Z list
2026-05-10T18:40:26Z list
2026-05-10T18:42:07Z list
2026-05-10T18:43:52Z list
2026-05-10T18:45:31Z list
2026-05-10T18:47:13Z list
2026-05-10T18:48:52Z list
2026-05-10T18:50:31Z list
2026-05-10T18:52:09Z list
2026-05-10T18:53:51Z list
2026-05-10T18:55:29Z list
2026-05-10T18:57:06Z list
2026-05-10T18:58:47Z list
2026-05-10T19:00:25Z list
2026-05-10T19:02:02Z list
2026-05-10T19:03:45Z list
2026-05-10T19:05:25Z list
2026-05-10T19:07:03Z list
2026-05-10T19:08:40Z list
2026-05-10T19:10:20Z list
2026-05-10T19:11:58Z list
2026-05-10T19:13:35Z list
2026-05-10T19:15:17Z list
2026-05-10T19:16:55Z list
2026-05-10T19:18:32Z list
2026-05-10T19:20:10Z list
2026-05-10T19:21:51Z list
2026-05-10T19:23:29Z list
2026-05-10T19:25:09Z list
2026-05-10T19:26:50Z list
2026-05-10T19:28:28Z list
2026-05-10T19:30:05Z list
2026-05-10T19:31:45Z list
2026-05-10T19:33:25Z list
2026-05-10T19:35:09Z list
2026-05-10T19:36:48Z list
2026-05-10T19:38:28Z list
2026-05-10T19:40:08Z list
2026-05-10T19:41:45Z list
2026-05-10T19:43:27Z list
2026-05-10T19:45:12Z list
2026-05-10T19:46:50Z list
2026-05-10T19:48:30Z list
2026-05-10T19:50:10Z list
2026-05-10T19:51:48Z list
2026-05-10T19:53:26Z list
2026-05-10T19:55:06Z list
2026-05-10T19:56:44Z list
2026-05-10T19:58:22Z list
2026-05-10T20:00:03Z list
2026-05-10T20:01:41Z list
2026-05-10T20:03:18Z list
2026-05-10T20:04:56Z list
2026-05-10T20:06:41Z list
2026-05-10T20:08:18Z list
2026-05-10T20:09:56Z list
2026-05-10T20:11:38Z list
2026-05-10T20:13:15Z list
2026-05-10T20:14:52Z list
2026-05-10T20:16:32Z list
2026-05-10T20:18:12Z list
2026-05-10T20:19:50Z list
2026-05-10T20:21:29Z list
2026-05-10T20:23:11Z list
2026-05-10T20:24:50Z list
2026-05-10T20:26:29Z list
2026-05-10T20:28:12Z list
2026-05-10T20:29:55Z list
2026-05-10T20:31:34Z list
2026-05-10T20:33:12Z list
2026-05-10T20:34:54Z list
2026-05-10T20:36:33Z list
2026-05-10T20:38:16Z list
2026-05-10T20:39:59Z list
2026-05-10T20:41:39Z list
2026-05-10T20:43:19Z list
2026-05-10T20:45:00Z list
2026-05-10T20:46:48Z list
2026-05-10T20:48:25Z list
2026-05-10T20:50:03Z list
2026-05-10T20:51:44Z list
2026-05-10T20:53:22Z list
2026-05-10T20:54:59Z list
2026-05-10T20:56:40Z list
2026-05-10T20:58:18Z list
2026-05-10T20:59:55Z list
2026-05-10T21:01:34Z list
2026-05-10T21:03:15Z list
2026-05-10T21:04:53Z list
2026-05-10T21:06:30Z list
2026-05-10T21:08:10Z list
2026-05-10T21:09:52Z list
2026-05-10T21:11:32Z list
2026-05-10T21:13:17Z list
2026-05-10T21:14:54Z list
2026-05-10T21:16:31Z list
2026-05-10T21:18:08Z list
2026-05-10T21:19:49Z list
2026-05-10T21:21:27Z list
2026-05-10T21:23:04Z list
2026-05-10T21:24:44Z list
2026-05-10T21:26:22Z list
2026-05-10T21:27:59Z list
2026-05-10T21:29:38Z list
2026-05-10T21:31:18Z list
2026-05-10T21:32:55Z list
2026-05-10T21:34:32Z list
2026-05-10T21:36:14Z list
2026-05-10T21:37:54Z list
2026-05-10T21:39:32Z list
2026-05-10T21:41:17Z list
2026-05-10T21:42:56Z list
2026-05-10T21:44:41Z list
2026-05-10T21:46:24Z list
2026-05-10T21:48:08Z list
2026-05-10T21:49:45Z list
2026-05-10T21:51:21Z list
2026-05-10T21:53:00Z list
2026-05-10T21:54:38Z list
2026-05-10T21:56:15Z list
2026-05-10T21:57:56Z list
2026-05-10T21:59:35Z list
2026-05-10T22:01:12Z list
2026-05-10T22:02:50Z list
2026-05-10T22:04:31Z list
2026-05-10T22:06:09Z list
2026-05-10T22:07:46Z list
2026-05-10T22:09:26Z list
2026-05-10T22:11:03Z list
2026-05-10T22:12:44Z list
2026-05-10T22:14:24Z list
2026-05-10T22:16:04Z list
2026-05-10T22:17:48Z list
2026-05-10T22:19:27Z list
2026-05-10T22:21:07Z list
2026-05-10T22:22:44Z list
2026-05-10T22:24:20Z list
2026-05-10T22:26:01Z list
2026-05-10T22:27:39Z list
2026-05-10T22:29:15Z list
2026-05-10T22:30:52Z list
2026-05-10T22:32:33Z list
2026-05-10T22:34:10Z list
2026-05-10T22:35:48Z list
2026-05-10T22:37:31Z list
2026-05-10T22:39:09Z list
2026-05-10T22:40:47Z list
2026-05-10T22:42:26Z list
2026-05-10T22:44:12Z list
2026-05-10T22:45:51Z list
2026-05-10T22:47:29Z list
2026-05-10T22:49:16Z list
2026-05-10T22:51:01Z list
2026-05-10T22:52:40Z list
2026-05-10T22:54:22Z list
2026-05-10T22:55:59Z list
2026-05-10T22:57:35Z list
2026-05-10T22:59:13Z list
2026-05-10T23:00:54Z list
2026-05-10T23:02:32Z list
2026-05-10T23:04:09Z list
2026-05-10T23:05:50Z list
2026-05-10T23:07:28Z list
2026-05-10T23:09:04Z list
2026-05-10T23:10:42Z list
2026-05-10T23:12:23Z list
2026-05-10T23:14:00Z list
2026-05-10T23:15:41Z list
2026-05-10T23:17:22Z list
2026-05-10T23:18:59Z list
2026-05-10T23:20:37Z list
2026-05-10T23:22:17Z list
2026-05-10T23:24:03Z list
2026-05-10T23:25:43Z list
2026-05-10T23:27:20Z list
2026-05-10T23:28:59Z list
2026-05-10T23:30:37Z list
2026-05-10T23:32:15Z list
2026-05-10T23:33:57Z list
2026-05-10T23:35:37Z list
2026-05-10T23:37:15Z list
2026-05-10T23:38:54Z list
2026-05-10T23:40:36Z list
2026-05-10T23:42:14Z list
2026-05-10T23:43:51Z list
2026-05-10T23:45:32Z list
2026-05-10T23:47:16Z list
2026-05-10T23:48:53Z list
2026-05-10T23:50:40Z list
2026-05-10T23:52:20Z list
2026-05-10T23:53:58Z list
2026-05-10T23:55:36Z list
2026-05-10T23:57:22Z list
2026-05-10T23:59:03Z list
2026-05-11T00:00:40Z list
2026-05-11T00:02:20Z list
2026-05-11T00:03:57Z list
2026-05-11T00:05:34Z list
2026-05-11T00:07:12Z list
2026-05-11T00:08:52Z list
2026-05-11T00:10:30Z list
2026-05-11T00:12:07Z list
2026-05-11T00:13:47Z list
2026-05-11T00:15:25Z list
2026-05-11T00:17:02Z list
2026-05-11T00:18:47Z list
2026-05-11T00:20:25Z list
2026-05-11T00:22:02Z list
2026-05-11T00:23:40Z list
2026-05-11T00:25:21Z list
2026-05-11T00:27:04Z list
2026-05-11T00:28:42Z list
2026-05-11T00:30:30Z list
2026-05-11T00:32:12Z list
2026-05-11T00:33:49Z list
2026-05-11T00:35:31Z list
2026-05-11T00:37:12Z list
2026-05-11T00:38:50Z list
2026-05-11T00:40:28Z list
2026-05-11T00:42:08Z list
2026-05-11T00:43:47Z list
2026-05-11T00:45:26Z list
2026-05-11T00:47:09Z list
2026-05-11T00:48:52Z list
2026-05-11T00:50:30Z list
2026-05-11T00:52:10Z list
2026-05-11T00:53:52Z list
2026-05-11T00:55:30Z list
2026-05-11T00:57:08Z list
2026-05-11T00:58:48Z list
2026-05-11T01:00:26Z list
2026-05-11T01:02:04Z list
2026-05-11T01:03:51Z list
2026-05-11T01:05:32Z list
2026-05-11T01:07:09Z list
2026-05-11T01:08:46Z list
2026-05-11T01:10:27Z list
2026-05-11T01:12:04Z list
2026-05-11T01:13:41Z list
2026-05-11T01:15:21Z list
2026-05-11T01:16:58Z list
2026-05-11T01:18:36Z list
2026-05-11T01:20:19Z list
2026-05-11T01:21:58Z list
2026-05-11T01:23:35Z list
2026-05-11T01:25:12Z list
2026-05-11T01:26:52Z list
2026-05-11T01:28:30Z list
2026-05-11T01:30:07Z list
2026-05-11T01:31:48Z list
2026-05-11T01:33:26Z list
2026-05-11T01:35:05Z list
2026-05-11T01:36:47Z list
2026-05-11T01:38:32Z list
2026-05-11T01:40:12Z list
2026-05-11T01:41:51Z list
2026-05-11T01:43:34Z list
2026-05-11T01:45:13Z list
2026-05-11T01:46:53Z list
2026-05-11T01:48:35Z list
2026-05-11T01:50:19Z list
2026-05-11T01:51:56Z list
2026-05-11T01:53:34Z list
2026-05-11T01:55:15Z list
2026-05-11T01:56:53Z list
2026-05-11T01:58:30Z list
2026-05-11T02:00:11Z list
2026-05-11T02:01:49Z list
2026-05-11T02:03:26Z list
2026-05-11T02:05:05Z list
2026-05-11T02:06:45Z list
2026-05-11T02:08:22Z list
2026-05-11T02:10:04Z list
2026-05-11T02:11:48Z list
2026-05-11T02:13:27Z list
2026-05-11T02:15:04Z list
2026-05-11T02:16:44Z list
2026-05-11T02:18:22Z list
2026-05-11T02:19:59Z list
2026-05-11T02:21:41Z list
2026-05-11T02:23:22Z list
2026-05-11T02:24:59Z list
2026-05-11T02:26:36Z list
2026-05-11T02:28:16Z list
2026-05-11T02:29:54Z list
2026-05-11T02:31:31Z list
2026-05-11T02:33:10Z list
2026-05-11T02:34:49Z list
2026-05-11T02:36:28Z list
2026-05-11T02:38:06Z list
2026-05-11T02:39:47Z list
2026-05-11T02:41:25Z list
2026-05-11T02:43:06Z list
2026-05-11T02:44:57Z list
2026-05-11T02:46:39Z list
2026-05-11T02:48:16Z list
2026-05-11T02:49:57Z list
2026-05-11T02:51:34Z list
2026-05-11T02:53:16Z list
2026-05-11T02:54:54Z list
2026-05-11T02:56:35Z list
2026-05-11T02:58:12Z list
2026-05-11T02:59:49Z list
2026-05-11T03:01:29Z list
2026-05-11T03:03:07Z list
2026-05-11T03:04:45Z list
2026-05-11T03:06:24Z list
2026-05-11T03:08:04Z list
2026-05-11T03:09:42Z list
2026-05-11T03:11:19Z list
2026-05-11T03:12:59Z list
2026-05-11T03:14:36Z list
2026-05-11T03:16:14Z list
2026-05-11T03:18:01Z list
2026-05-11T03:19:43Z list
2026-05-11T03:21:20Z list
2026-05-11T03:22:57Z list
2026-05-11T03:24:41Z list
2026-05-11T03:26:18Z list
2026-05-11T03:27:55Z list
2026-05-11T03:29:34Z list
2026-05-11T03:31:12Z list
2026-05-11T03:32:49Z list
2026-05-11T03:34:28Z list
2026-05-11T03:36:08Z list
2026-05-11T03:37:46Z list
2026-05-11T03:39:23Z list
2026-05-11T03:41:05Z list
2026-05-11T03:42:42Z list
2026-05-11T03:44:21Z list
2026-05-11T03:46:02Z list
2026-05-11T03:47:41Z list
2026-05-11T03:49:18Z list
2026-05-11T03:51:01Z list
2026-05-11T03:52:45Z list
2026-05-11T03:54:24Z list
2026-05-11T03:56:05Z list
2026-05-11T03:57:46Z list
2026-05-11T03:59:23Z list
2026-05-11T04:01:01Z list
2026-05-11T04:02:41Z list
2026-05-11T04:04:19Z list
2026-05-11T04:05:56Z list
2026-05-11T04:07:36Z list
2026-05-11T04:09:17Z list
2026-05-11T04:10:54Z list
2026-05-11T04:12:31Z list
2026-05-11T04:14:11Z list
2026-05-11T04:15:49Z list
2026-05-11T04:17:27Z list
2026-05-11T04:19:06Z list
2026-05-11T04:20:46Z list
2026-05-11T04:22:23Z list
2026-05-11T04:24:00Z list
2026-05-11T04:25:47Z list
2026-05-11T04:27:32Z list
2026-05-11T04:29:10Z list
2026-05-11T04:30:50Z list
2026-05-11T04:32:27Z list
2026-05-11T04:34:03Z list
2026-05-11T04:35:42Z list
2026-05-11T04:37:24Z list
2026-05-11T04:39:01Z list
2026-05-11T04:40:39Z list
2026-05-11T04:42:21Z list
2026-05-11T04:43:59Z list
2026-05-11T04:45:36Z list
2026-05-11T04:47:17Z list
2026-05-11T04:48:55Z list
2026-05-11T04:50:32Z list
2026-05-11T04:52:14Z list
2026-05-11T04:53:54Z list
2026-05-11T04:55:31Z list
2026-05-11T04:57:08Z list
2026-05-11T04:58:54Z list
2026-05-11T05:00:38Z list
2026-05-11T05:02:19Z list
2026-05-11T05:04:01Z list
2026-05-11T05:05:39Z list
2026-05-11T05:07:14Z list
2026-05-11T05:08:51Z list
2026-05-11T05:10:33Z list
2026-05-11T05:12:10Z list
2026-05-11T05:13:46Z list
2026-05-11T05:15:27Z list
2026-05-11T05:17:04Z list
2026-05-11T05:18:41Z list
2026-05-11T05:20:21Z list
2026-05-11T05:22:00Z list
2026-05-11T05:23:37Z list
2026-05-11T05:25:14Z list
2026-05-11T05:26:55Z list
2026-05-11T05:28:32Z list
2026-05-11T05:30:13Z list
2026-05-11T05:31:54Z list
2026-05-11T05:33:34Z list
2026-05-11T05:35:18Z list
2026-05-11T05:37:01Z list
2026-05-11T05:38:43Z list
2026-05-11T05:40:19Z list
2026-05-11T05:41:56Z list
2026-05-11T05:43:37Z list
2026-05-11T05:45:17Z list
2026-05-11T05:46:54Z list
2026-05-11T05:48:34Z list
2026-05-11T05:50:14Z list
2026-05-11T05:51:51Z list
2026-05-11T05:53:28Z list
2026-05-11T05:55:08Z list
2026-05-11T05:56:46Z list
2026-05-11T05:58:24Z list
2026-05-11T06:00:04Z list
2026-05-11T06:01:46Z list
2026-05-11T06:03:24Z list
2026-05-11T06:05:02Z list
2026-05-11T06:06:43Z list
2026-05-11T06:08:24Z list
2026-05-11T06:10:07Z list
2026-05-11T06:11:52Z list
2026-05-11T06:13:31Z list
2026-05-11T06:15:07Z list
2026-05-11T06:16:47Z list
2026-05-11T06:18:24Z list
2026-05-11T06:20:01Z list
2026-05-11T06:21:39Z list
2026-05-11T06:23:20Z list
2026-05-11T06:24:57Z list
2026-05-11T06:26:35Z list
2026-05-11T06:28:15Z list
2026-05-11T06:29:53Z list
2026-05-11T06:31:30Z list
2026-05-11T06:33:12Z list
2026-05-11T06:34:52Z list
2026-05-11T06:36:30Z list
2026-05-11T06:38:07Z list
2026-05-11T06:39:49Z list
2026-05-11T06:41:27Z list
2026-05-11T06:43:08Z list
2026-05-11T06:45:00Z list
2026-05-11T06:46:42Z list
2026-05-11T06:48:20Z list
2026-05-11T06:49:58Z list
2026-05-11T06:51:38Z list
2026-05-11T06:53:14Z list
2026-05-11T06:54:51Z list
2026-05-11T06:56:31Z list
2026-05-11T06:58:09Z list
2026-05-11T06:59:46Z list
2026-05-11T07:01:27Z list
2026-05-11T07:03:05Z list
2026-05-11T07:04:45Z list
2026-05-11T07:06:23Z list
2026-05-11T07:08:05Z list
2026-05-11T07:09:42Z list
2026-05-11T07:11:19Z list
2026-05-11T07:12:59Z list
2026-05-11T07:14:37Z list
2026-05-11T07:16:14Z list
2026-05-11T07:17:56Z list
2026-05-11T07:19:39Z list
2026-05-11T07:21:22Z list
2026-05-11T07:22:59Z list
2026-05-11T07:24:39Z list
2026-05-11T07:26:16Z list
2026-05-11T07:27:53Z list
2026-05-11T07:29:34Z list
2026-05-11T07:31:11Z list
2026-05-11T07:32:48Z list
2026-05-11T07:34:25Z list
2026-05-11T07:36:10Z list
2026-05-11T07:37:48Z list
2026-05-11T07:39:26Z list
2026-05-11T07:41:08Z list
2026-05-11T07:42:47Z list
2026-05-11T07:44:25Z list
2026-05-11T07:46:05Z list
2026-05-11T07:47:46Z list
2026-05-11T07:49:24Z list
2026-05-11T07:51:01Z list
2026-05-11T07:52:47Z list
2026-05-11T07:54:29Z list
2026-05-11T07:56:08Z list
2026-05-11T07:57:48Z list
2026-05-11T07:59:25Z list
2026-05-11T08:01:01Z list
2026-05-11T08:02:40Z list
2026-05-11T08:04:19Z list
2026-05-11T08:05:56Z list
2026-05-11T08:07:37Z list
2026-05-11T08:09:17Z list
2026-05-11T08:10:55Z list
2026-05-11T08:12:32Z list
2026-05-11T08:14:12Z list
2026-05-11T08:15:50Z list
2026-05-11T08:17:27Z list
2026-05-11T08:19:06Z list
2026-05-11T08:20:47Z list
2026-05-11T08:22:24Z list
2026-05-11T08:24:01Z list
2026-05-11T08:25:41Z list
2026-05-11T08:27:25Z list
2026-05-11T08:29:06Z list
2026-05-11T08:30:48Z list
2026-05-11T08:32:26Z list
2026-05-11T08:34:04Z list
2026-05-11T08:35:41Z list
2026-05-11T08:37:24Z list
2026-05-11T08:39:06Z list
2026-05-11T08:40:44Z list
2026-05-11T08:42:26Z list
2026-05-11T08:44:04Z list
2026-05-11T08:45:42Z list
2026-05-11T08:47:22Z list
2026-05-11T08:49:02Z list
2026-05-11T08:50:40Z list
2026-05-11T08:52:19Z list
2026-05-11T08:54:00Z list
2026-05-11T08:55:38Z list
2026-05-11T08:57:15Z list
2026-05-11T08:58:56Z list
2026-05-11T09:00:35Z list
2026-05-11T09:02:18Z list
2026-05-11T09:04:02Z list
2026-05-11T09:05:43Z list
2026-05-11T09:07:19Z list
2026-05-11T09:08:56Z list
2026-05-11T09:10:39Z list
2026-05-11T09:12:16Z list
2026-05-11T09:13:53Z list
2026-05-11T09:15:34Z list
2026-05-11T09:17:11Z list
2026-05-11T09:18:48Z list
2026-05-11T09:20:27Z list
2026-05-11T09:22:07Z list
2026-05-11T09:23:45Z list
2026-05-11T09:25:22Z list
2026-05-11T09:27:01Z list
2026-05-11T09:28:39Z list
2026-05-11T09:30:16Z list
2026-05-11T09:31:55Z list
2026-05-11T09:33:34Z list
2026-05-11T09:35:11Z list
2026-05-11T09:36:55Z list
2026-05-11T09:38:40Z list
2026-05-11T09:40:20Z list
2026-05-11T09:42:01Z list
2026-05-11T09:43:43Z list
2026-05-11T09:45:21Z list
2026-05-11T09:47:01Z list
2026-05-11T09:48:40Z list
2026-05-11T09:50:19Z list
2026-05-11T09:51:56Z list
2026-05-11T09:53:33Z list
2026-05-11T09:55:13Z list
2026-05-11T09:56:51Z list
2026-05-11T09:58:28Z list
2026-05-11T10:00:09Z list
2026-05-11T10:01:47Z list
2026-05-11T10:03:24Z list
2026-05-11T10:05:02Z list
2026-05-11T10:06:43Z list
2026-05-11T10:08:20Z list
2026-05-11T10:09:58Z list
2026-05-11T10:11:44Z list
2026-05-11T10:13:29Z list
2026-05-11T10:15:07Z list
2026-05-11T10:16:48Z list
2026-05-11T10:18:25Z list
2026-05-11T10:20:01Z list
2026-05-11T10:21:38Z list
2026-05-11T10:23:18Z list
2026-05-11T10:24:56Z list
2026-05-11T10:26:33Z list
2026-05-11T10:28:14Z list
2026-05-11T10:29:52Z list
2026-05-11T10:31:29Z list
2026-05-11T10:33:06Z list
2026-05-11T10:34:48Z list
2026-05-11T10:36:25Z list
2026-05-11T10:38:04Z list
2026-05-11T10:39:46Z list
2026-05-11T10:41:24Z list
2026-05-11T10:43:03Z list
2026-05-11T10:44:51Z list
2026-05-11T10:46:35Z list
2026-05-11T10:48:18Z list
2026-05-11T10:49:58Z list
2026-05-11T10:51:39Z list
2026-05-11T10:53:16Z list
2026-05-11T10:54:53Z list
2026-05-11T10:56:35Z list
2026-05-11T10:58:13Z list
2026-05-11T10:59:50Z list
2026-05-11T11:01:30Z list
2026-05-11T11:03:11Z list
2026-05-11T11:04:49Z list
2026-05-11T11:06:28Z list
2026-05-11T11:08:09Z list
2026-05-11T11:09:48Z list
2026-05-11T11:11:26Z list
2026-05-11T11:13:07Z list
2026-05-11T11:14:49Z list
2026-05-11T11:16:26Z list
2026-05-11T11:18:04Z list
2026-05-11T11:19:49Z list
2026-05-11T11:21:32Z list
2026-05-11T11:23:12Z list
2026-05-11T11:24:54Z list
2026-05-11T11:26:31Z list
2026-05-11T11:28:07Z list
2026-05-11T11:29:45Z list
2026-05-11T11:31:24Z list
2026-05-11T11:33:01Z list
2026-05-11T11:34:39Z list
2026-05-11T11:36:20Z list
2026-05-11T11:37:59Z list
2026-05-11T11:39:38Z list
2026-05-11T11:41:21Z list
2026-05-11T11:43:00Z list
2026-05-11T11:44:40Z list
2026-05-11T11:46:24Z list
2026-05-11T11:48:05Z list
2026-05-11T11:49:46Z list
2026-05-11T11:51:23Z list
2026-05-11T11:53:04Z list
2026-05-11T11:54:45Z list
2026-05-11T11:56:27Z list
2026-05-11T11:58:14Z list
2026-05-11T11:59:54Z list
2026-05-11T12:01:32Z list
2026-05-11T12:03:13Z list
2026-05-11T12:04:54Z list
2026-05-11T12:06:32Z list
2026-05-11T12:08:10Z list
2026-05-11T12:09:52Z list
2026-05-11T12:11:31Z list
2026-05-11T12:13:08Z list
2026-05-11T12:14:50Z list
2026-05-11T12:16:32Z list
2026-05-11T12:18:09Z list
2026-05-11T12:19:49Z list
2026-05-11T12:21:31Z list
2026-05-11T12:23:09Z list
2026-05-11T12:24:46Z list
2026-05-11T12:26:26Z list
2026-05-11T12:28:03Z list
2026-05-11T12:29:45Z list
2026-05-11T12:31:30Z list
2026-05-11T12:33:12Z list
2026-05-11T12:34:49Z list
2026-05-11T12:36:28Z list
2026-05-11T12:38:09Z list
2026-05-11T12:39:47Z list
2026-05-11T12:41:25Z list
2026-05-11T12:43:06Z list
2026-05-11T12:44:46Z list
2026-05-11T12:46:25Z list
2026-05-11T12:48:11Z list
2026-05-11T12:49:50Z list
2026-05-11T12:51:28Z list
2026-05-11T12:53:06Z list
2026-05-11T12:54:48Z list
2026-05-11T12:56:26Z list
2026-05-11T12:58:03Z list
2026-05-11T12:59:43Z list
2026-05-11T13:01:22Z list
2026-05-11T13:03:00Z list
2026-05-11T13:04:46Z list
2026-05-11T13:06:30Z list
2026-05-11T13:08:10Z list
2026-05-11T13:09:47Z list
2026-05-11T13:11:29Z list
2026-05-11T13:13:06Z list
2026-05-11T13:14:42Z list
2026-05-11T13:16:22Z list
2026-05-11T13:18:01Z list
2026-05-11T13:19:41Z list
2026-05-11T13:21:21Z list
2026-05-11T13:23:01Z list
2026-05-11T13:24:38Z list
2026-05-11T13:26:15Z list
2026-05-11T13:27:56Z list
2026-05-11T13:29:33Z list
2026-05-11T13:31:12Z list
2026-05-11T13:32:54Z list
2026-05-11T13:34:34Z list
2026-05-11T13:36:12Z list
2026-05-11T13:37:49Z list
2026-05-11T13:39:38Z list
2026-05-11T13:41:20Z list
2026-05-11T13:42:59Z list
2026-05-11T13:44:41Z list
2026-05-11T13:46:21Z list
2026-05-11T13:48:00Z list
2026-05-11T13:49:41Z list
2026-05-11T13:51:25Z list
2026-05-11T13:53:02Z list
2026-05-11T13:54:40Z list
2026-05-11T13:56:20Z list
2026-05-11T13:57:58Z list
2026-05-11T13:59:35Z list
2026-05-11T14:01:16Z list
2026-05-11T14:02:54Z list
2026-05-11T14:04:31Z list
2026-05-11T14:06:10Z list
2026-05-11T14:07:50Z list
2026-05-11T14:09:28Z list
2026-05-11T14:11:06Z list
2026-05-11T14:12:48Z list
2026-05-11T14:14:32Z list
2026-05-11T14:16:13Z list
2026-05-11T14:17:55Z list
2026-05-11T14:19:32Z list
2026-05-11T14:21:11Z list
2026-05-11T14:22:57Z list
2026-05-11T14:24:39Z list
2026-05-11T14:26:16Z list
2026-05-11T14:27:53Z list
2026-05-11T14:29:32Z list
2026-05-11T14:31:10Z list
2026-05-11T14:32:47Z list
2026-05-11T14:34:28Z list
2026-05-11T14:36:05Z list
2026-05-11T14:37:42Z list
2026-05-11T14:39:21Z list
2026-05-11T14:41:06Z list
2026-05-11T14:42:45Z list
2026-05-11T14:44:23Z list
2026-05-11T14:46:11Z list
2026-05-11T14:47:56Z list
2026-05-11T14:49:38Z list
2026-05-11T14:51:25Z list
2026-05-11T14:53:10Z list
2026-05-11T14:54:47Z list
2026-05-11T14:56:29Z list
2026-05-11T14:58:09Z list
2026-05-11T14:59:47Z list
2026-05-11T15:01:24Z list
2026-05-11T15:03:05Z list
2026-05-11T15:04:43Z list
2026-05-11T15:06:20Z list
2026-05-11T15:08:02Z list
2026-05-11T15:09:39Z list
2026-05-11T15:11:17Z list
2026-05-11T15:12:55Z list
2026-05-11T15:14:36Z list
2026-05-11T15:16:14Z list
2026-05-11T15:17:51Z list
2026-05-11T15:19:31Z list
2026-05-11T15:21:09Z list
2026-05-11T15:22:50Z list
2026-05-11T15:24:37Z list
2026-05-11T15:26:31Z list
2026-05-11T15:28:09Z list
2026-05-11T15:29:47Z list
2026-05-11T15:31:27Z list
2026-05-11T15:33:05Z list
2026-05-11T15:34:42Z list
2026-05-11T15:36:25Z list
2026-05-11T15:38:05Z list
2026-05-11T15:39:44Z list
2026-05-11T15:41:24Z list
2026-05-11T15:43:05Z list
2026-05-11T15:44:43Z list
2026-05-11T15:46:21Z list
2026-05-11T15:48:05Z list
2026-05-11T15:49:47Z list
2026-05-11T15:51:26Z list
2026-05-11T15:53:07Z list
2026-05-11T15:54:50Z list
2026-05-11T15:56:27Z list
2026-05-11T15:58:13Z list
2026-05-11T15:59:57Z list
2026-05-11T16:01:35Z list
2026-05-11T16:03:13Z list
2026-05-11T16:04:53Z list
2026-05-11T16:06:29Z list
2026-05-11T16:08:06Z list
2026-05-11T16:09:46Z list
2026-05-11T16:11:23Z list
2026-05-11T16:13:00Z list
2026-05-11T16:14:39Z list
2026-05-11T16:16:19Z list
2026-05-11T16:17:56Z list
2026-05-11T16:19:33Z list
2026-05-11T16:21:13Z list
2026-05-11T16:22:51Z list
2026-05-11T16:24:28Z list
2026-05-11T16:26:13Z list
2026-05-11T16:27:51Z list
2026-05-11T16:29:28Z list
2026-05-11T16:31:05Z list
2026-05-11T16:32:52Z list
2026-05-11T16:34:34Z list
2026-05-11T16:36:12Z list
2026-05-11T16:37:52Z list
2026-05-11T16:39:31Z list
2026-05-11T16:41:08Z list
2026-05-11T16:42:47Z list
2026-05-11T16:44:27Z list
2026-05-11T16:46:06Z list
2026-05-11T16:47:44Z list
2026-05-11T16:49:26Z list
2026-05-11T16:51:06Z list
2026-05-11T16:52:44Z list
2026-05-11T16:54:25Z list
2026-05-11T16:56:03Z list
2026-05-11T16:57:44Z list
2026-05-11T16:59:24Z list
2026-05-11T17:01:03Z list
2026-05-11T17:02:41Z list
2026-05-11T17:04:19Z list
2026-05-11T17:06:01Z list
2026-05-11T17:07:46Z list
2026-05-11T17:09:27Z list
2026-05-11T17:11:08Z list
2026-05-11T17:12:46Z list
2026-05-11T17:14:23Z list
2026-05-11T17:16:01Z list
2026-05-11T17:17:41Z list
2026-05-11T17:19:18Z list
2026-05-11T17:20:55Z list
2026-05-11T17:22:35Z list
2026-05-11T17:24:13Z list
2026-05-11T17:25:50Z list
2026-05-11T17:27:29Z list
2026-05-11T17:29:11Z list
2026-05-11T17:30:48Z list
2026-05-11T17:32:26Z list
2026-05-11T17:34:06Z list
2026-05-11T17:35:45Z list
2026-05-11T17:37:22Z list
2026-05-11T17:39:02Z list
2026-05-11T17:40:42Z list
2026-05-11T17:42:26Z list
2026-05-11T17:44:10Z list
2026-05-11T17:45:55Z list
2026-05-11T17:47:33Z list
2026-05-11T17:49:10Z list
2026-05-11T17:50:50Z list
2026-05-11T17:52:28Z list
2026-05-11T17:54:05Z list
2026-05-11T17:55:46Z list
2026-05-11T17:57:24Z list
2026-05-11T17:59:02Z list
2026-05-11T18:00:45Z list
2026-05-11T18:02:25Z list
2026-05-11T18:04:02Z list
2026-05-11T18:05:39Z list
2026-05-11T18:07:19Z list
2026-05-11T18:08:57Z list
2026-05-11T18:10:34Z list
2026-05-11T18:12:16Z list
2026-05-11T18:13:56Z list
2026-05-11T18:15:36Z list
2026-05-11T18:17:19Z list
2026-05-11T18:19:04Z list
2026-05-11T18:20:43Z list
2026-05-11T18:22:20Z list
2026-05-11T18:23:59Z list
2026-05-11T18:25:36Z list
2026-05-11T18:27:13Z list
2026-05-11T18:28:52Z list
2026-05-11T18:30:33Z list
2026-05-11T18:32:14Z list
2026-05-11T18:33:51Z list
2026-05-11T18:35:31Z list
2026-05-11T18:37:09Z list
2026-05-11T18:38:47Z list
2026-05-11T18:40:29Z list
2026-05-11T18:42:08Z list
2026-05-11T18:43:46Z list
2026-05-11T18:45:26Z list
2026-05-11T18:47:10Z list
2026-05-11T18:48:49Z list
2026-05-11T18:50:30Z list
2026-05-11T18:52:14Z list
2026-05-11T18:53:56Z list
2026-05-11T18:55:35Z list
2026-05-11T18:57:15Z list
2026-05-11T18:58:52Z list
2026-05-11T19:00:30Z list
2026-05-11T19:02:08Z list
2026-05-11T19:03:53Z list
2026-05-11T19:05:30Z list
2026-05-11T19:07:07Z list
2026-05-11T19:08:48Z list
2026-05-11T19:10:25Z list
2026-05-11T19:12:03Z list
2026-05-11T19:13:45Z list
2026-05-11T19:15:25Z list
2026-05-11T19:17:04Z list
2026-05-11T19:18:42Z list
2026-05-11T19:20:23Z list
2026-05-11T19:22:01Z list
2026-05-11T19:23:38Z list
2026-05-11T19:25:22Z list
2026-05-11T19:27:04Z list
2026-05-11T19:28:48Z list
2026-05-11T19:30:29Z list
2026-05-11T19:32:08Z list
2026-05-11T19:33:45Z list
2026-05-11T19:35:26Z list
2026-05-11T19:37:07Z list
2026-05-11T19:38:45Z list
2026-05-11T19:40:25Z list
2026-05-11T19:42:06Z list
2026-05-11T19:43:44Z list
2026-05-11T19:45:22Z list
2026-05-11T19:47:02Z list
2026-05-11T19:48:44Z list
2026-05-11T19:50:23Z list
2026-05-11T19:52:01Z list
2026-05-11T19:53:42Z list
2026-05-11T19:55:20Z list
2026-05-11T19:56:58Z list
2026-05-11T19:58:39Z list
2026-05-11T20:00:22Z list
2026-05-11T20:02:03Z list
2026-05-11T20:03:48Z list
2026-05-11T20:05:32Z list
2026-05-11T20:07:09Z list
2026-05-11T20:08:45Z list
2026-05-11T20:10:25Z list
2026-05-11T20:12:04Z list
2026-05-11T20:13:41Z list
2026-05-11T20:15:23Z list
2026-05-11T20:17:01Z list
2026-05-11T20:18:38Z list
2026-05-11T20:20:16Z list
2026-05-11T20:21:57Z list
2026-05-11T20:23:35Z list
2026-05-11T20:25:13Z list
2026-05-11T20:26:53Z list
2026-05-11T20:28:34Z list
2026-05-11T20:30:12Z list
2026-05-11T20:31:52Z list
2026-05-11T20:33:35Z list
2026-05-11T20:35:18Z list
2026-05-11T20:37:04Z list
2026-05-11T20:38:48Z list
2026-05-11T20:40:27Z list
2026-05-11T20:42:05Z list
2026-05-11T20:43:46Z list
2026-05-11T20:45:24Z list
2026-05-11T20:47:02Z list
2026-05-11T20:48:45Z list
2026-05-11T20:50:34Z list
2026-05-11T20:52:14Z list
2026-05-11T20:53:53Z list
2026-05-11T20:55:36Z list
2026-05-11T20:57:16Z list
2026-05-11T20:58:54Z list
2026-05-11T21:00:35Z list
2026-05-11T21:02:13Z list
2026-05-11T21:03:51Z list
2026-05-11T21:05:31Z list
2026-05-11T21:07:16Z list
2026-05-11T21:08:58Z list
2026-05-11T21:10:42Z list
2026-05-11T21:12:28Z list
2026-05-11T21:14:07Z list
2026-05-11T21:15:53Z list
2026-05-11T21:17:33Z list
2026-05-11T21:19:11Z list
2026-05-11T21:20:48Z list
2026-05-11T21:22:30Z list
2026-05-11T21:24:08Z list
2026-05-11T21:25:47Z list
2026-05-11T21:27:26Z list
2026-05-11T21:29:07Z list
2026-05-11T21:30:45Z list
2026-05-11T21:32:23Z list
2026-05-11T21:34:03Z list
2026-05-11T21:35:41Z list
2026-05-11T21:37:22Z list
2026-05-11T21:39:01Z list
2026-05-11T21:40:43Z list
2026-05-11T21:42:22Z list
2026-05-11T21:44:02Z list
2026-05-11T21:45:48Z list
2026-05-11T21:47:32Z list
2026-05-11T21:49:11Z list
2026-05-11T21:50:52Z list
2026-05-11T21:52:30Z list
2026-05-11T21:54:07Z list
2026-05-11T21:55:47Z list
2026-05-11T21:57:30Z list
2026-05-11T21:59:08Z list
2026-05-11T22:00:50Z list
2026-05-11T22:02:32Z list
2026-05-11T22:04:10Z list
2026-05-11T22:05:48Z list
2026-05-11T22:07:33Z list
2026-05-11T22:09:20Z list
2026-05-11T22:11:00Z list
2026-05-11T22:12:40Z list
2026-05-11T22:14:22Z list
2026-05-11T22:16:01Z list
2026-05-11T22:17:43Z list
2026-05-11T22:19:30Z list
2026-05-11T22:21:15Z list
2026-05-11T22:23:01Z list
2026-05-11T22:24:44Z list
2026-05-11T22:26:23Z list
2026-05-11T22:28:01Z list
2026-05-11T22:29:46Z list
2026-05-11T22:31:28Z list
2026-05-11T22:33:06Z list
2026-05-11T22:34:49Z list
2026-05-11T22:36:31Z list
2026-05-11T22:38:14Z list
2026-05-11T22:39:51Z list
2026-05-11T22:41:34Z list
2026-05-11T22:43:14Z list
2026-05-11T22:44:52Z list
2026-05-11T22:46:36Z list
2026-05-11T22:48:18Z list
2026-05-11T22:49:57Z list
2026-05-11T22:51:37Z list
2026-05-11T22:53:27Z list
2026-05-11T22:55:12Z list
2026-05-11T22:56:55Z list
2026-05-11T22:58:39Z list
2026-05-11T23:00:24Z list
2026-05-11T23:02:07Z list
2026-05-11T23:03:49Z list
2026-05-11T23:05:29Z list
2026-05-11T23:07:08Z list
2026-05-11T23:08:56Z list
2026-05-11T23:10:36Z list
2026-05-11T23:12:15Z list
2026-05-11T23:13:56Z list
2026-05-11T23:15:42Z list
2026-05-11T23:17:25Z list
2026-05-11T23:19:03Z list
2026-05-11T23:20:44Z list
2026-05-11T23:22:23Z list
2026-05-11T23:24:00Z list
2026-05-11T23:25:42Z list
2026-05-11T23:27:20Z list
2026-05-11T23:29:04Z list
2026-05-11T23:30:46Z list
2026-05-11T23:32:28Z list
2026-05-11T23:34:05Z list
2026-05-11T23:35:41Z list
2026-05-11T23:37:21Z list
2026-05-11T23:39:02Z list
2026-05-11T23:40:41Z list
2026-05-11T23:42:23Z list
2026-05-11T23:44:02Z list
2026-05-11T23:45:40Z list
2026-05-11T23:47:19Z list
2026-05-11T23:49:02Z list
2026-05-11T23:50:44Z list
2026-05-11T23:52:25Z list
2026-05-11T23:54:07Z list
2026-05-11T23:55:45Z list
2026-05-11T23:57:23Z list
2026-05-11T23:59:05Z list
2026-05-12T00:00:43Z list
2026-05-12T00:02:23Z list
2026-05-12T00:04:09Z list
2026-05-12T00:05:54Z list
2026-05-12T00:07:33Z list
2026-05-12T00:09:14Z list
2026-05-12T00:10:54Z list
2026-05-12T00:12:31Z list
2026-05-12T00:14:08Z list
2026-05-12T00:15:50Z list
2026-05-12T00:17:28Z list
2026-05-12T00:19:07Z list
2026-05-12T00:20:44Z list
2026-05-12T00:22:26Z list
2026-05-12T00:24:05Z list
2026-05-12T00:25:48Z list
2026-05-12T00:27:31Z list
2026-05-12T00:29:11Z list
2026-05-12T00:30:48Z list
2026-05-12T00:32:26Z list
2026-05-12T00:34:05Z list
2026-05-12T00:35:42Z list
2026-05-12T00:37:22Z list
2026-05-12T00:39:10Z list
2026-05-12T00:40:55Z list
2026-05-12T00:42:36Z list
2026-05-12T00:44:17Z list
2026-05-12T00:45:55Z list
2026-05-12T00:47:32Z list
2026-05-12T00:49:14Z list
2026-05-12T00:50:55Z list
2026-05-12T00:52:35Z list
2026-05-12T00:54:13Z list
2026-05-12T00:55:55Z list
2026-05-12T00:57:33Z list
2026-05-12T00:59:12Z list
2026-05-12T01:00:52Z list
2026-05-12T01:02:30Z list
2026-05-12T01:04:08Z list
2026-05-12T01:05:50Z list
2026-05-12T01:07:28Z list
2026-05-12T01:09:08Z list
2026-05-12T01:10:45Z list
2026-05-12T01:12:35Z list
2026-05-12T01:14:17Z list
2026-05-12T01:15:57Z list
2026-05-12T01:17:37Z list
2026-05-12T01:19:14Z list
2026-05-12T01:20:51Z list
2026-05-12T01:22:32Z list
2026-05-12T01:24:10Z list
2026-05-12T01:25:47Z list
2026-05-12T01:27:24Z list
2026-05-12T01:29:06Z list
2026-05-12T01:30:43Z list
2026-05-12T01:32:21Z list
2026-05-12T01:34:01Z list
2026-05-12T01:35:39Z list
2026-05-12T01:37:16Z list
2026-05-12T01:38:55Z list
2026-05-12T01:40:36Z list
2026-05-12T01:42:14Z list
2026-05-12T01:43:56Z list
2026-05-12T01:45:37Z list
2026-05-12T01:47:20Z list
2026-05-12T01:49:01Z list
2026-05-12T01:50:44Z list
2026-05-12T01:52:24Z list
2026-05-12T01:54:00Z list
2026-05-12T01:55:40Z list
2026-05-12T01:57:22Z list
2026-05-12T01:59:00Z list
2026-05-12T02:00:38Z list
2026-05-12T02:02:19Z list
2026-05-12T02:03:56Z list
2026-05-12T02:05:34Z list
2026-05-12T02:07:15Z list
2026-05-12T02:08:53Z list
2026-05-12T02:10:31Z list
2026-05-12T02:12:10Z list
2026-05-12T02:13:50Z list
2026-05-12T02:15:32Z list
2026-05-12T02:17:09Z list
2026-05-12T02:18:50Z list
2026-05-12T02:20:28Z list
2026-05-12T02:22:12Z list
2026-05-12T02:23:56Z list
2026-05-12T02:25:36Z list
2026-05-12T02:27:12Z list
2026-05-12T02:28:51Z list
2026-05-12T02:30:30Z list
2026-05-12T02:32:08Z list
2026-05-12T02:33:44Z list
2026-05-12T02:35:24Z list
2026-05-12T02:37:02Z list
2026-05-12T02:38:39Z list
2026-05-12T02:40:21Z list
2026-05-12T02:41:59Z list
2026-05-12T02:43:38Z list
2026-05-12T02:45:16Z list
2026-05-12T02:47:01Z list
2026-05-12T02:48:40Z list
2026-05-12T02:50:19Z list
2026-05-12T02:52:04Z list
2026-05-12T02:53:43Z list
2026-05-12T02:55:23Z list
2026-05-12T02:57:10Z list
2026-05-12T02:58:52Z list
2026-05-12T03:00:31Z list
2026-05-12T03:02:09Z list
2026-05-12T03:03:50Z list
2026-05-12T03:05:27Z list
2026-05-12T03:07:04Z list
2026-05-12T03:08:44Z list
2026-05-12T03:10:22Z list
2026-05-12T03:11:59Z list
2026-05-12T03:13:40Z list
2026-05-12T03:15:18Z list
2026-05-12T03:16:59Z list
2026-05-12T03:18:37Z list
2026-05-12T03:20:17Z list
2026-05-12T03:21:55Z list
2026-05-12T03:23:32Z list
2026-05-12T03:25:13Z list
2026-05-12T03:26:50Z list
2026-05-12T03:28:28Z list
2026-05-12T03:30:09Z list
2026-05-12T03:31:54Z list
2026-05-12T03:33:35Z list
2026-05-12T03:35:14Z list
2026-05-12T03:36:54Z list
2026-05-12T03:38:31Z list
2026-05-12T03:40:07Z list
2026-05-12T03:41:48Z list
2026-05-12T03:43:27Z list
2026-05-12T03:45:04Z list
2026-05-12T03:46:43Z list
2026-05-12T03:48:28Z list
2026-05-12T03:50:06Z list
2026-05-12T03:51:44Z list
2026-05-12T03:53:25Z list
2026-05-12T03:55:03Z list
2026-05-12T03:56:41Z list
2026-05-12T03:58:22Z list
2026-05-12T04:00:01Z list
2026-05-12T04:01:40Z list
2026-05-12T04:03:18Z list
2026-05-12T04:05:02Z list
2026-05-12T04:06:46Z list
2026-05-12T04:08:27Z list
2026-05-12T04:10:08Z list
2026-05-12T04:11:46Z list
2026-05-12T04:13:23Z list
2026-05-12T04:15:05Z list
2026-05-12T04:16:43Z list
2026-05-12T04:18:20Z list
2026-05-12T04:20:02Z list
2026-05-12T04:21:44Z list
2026-05-12T04:23:22Z list
2026-05-12T04:24:59Z list
2026-05-12T04:26:39Z list
2026-05-12T04:28:17Z list
2026-05-12T04:29:55Z list
2026-05-12T04:31:34Z list
2026-05-12T04:33:14Z list
2026-05-12T04:34:51Z list
2026-05-12T04:36:29Z list
2026-05-12T04:38:10Z list
2026-05-12T04:39:50Z list
2026-05-12T04:41:33Z list
2026-05-12T04:43:17Z list
2026-05-12T04:44:57Z list
2026-05-12T04:46:34Z list
2026-05-12T04:48:13Z list
2026-05-12T04:49:53Z list
2026-05-12T04:51:35Z list
2026-05-12T04:53:14Z list
2026-05-12T04:54:57Z list
2026-05-12T04:56:36Z list
2026-05-12T04:58:13Z list
2026-05-12T04:59:54Z list
2026-05-12T05:01:32Z list
2026-05-12T05:03:09Z list
2026-05-12T05:04:49Z list
2026-05-12T05:06:29Z list
2026-05-12T05:08:06Z list
2026-05-12T05:09:44Z list
2026-05-12T05:11:24Z list
2026-05-12T05:13:02Z list
2026-05-12T05:14:43Z list
2026-05-12T05:16:27Z list
2026-05-12T05:18:12Z list
2026-05-12T05:19:50Z list
2026-05-12T05:21:29Z list
2026-05-12T05:23:13Z list
2026-05-12T05:24:50Z list
2026-05-12T05:26:27Z list
2026-05-12T05:28:08Z list
2026-05-12T05:29:45Z list
2026-05-12T05:31:22Z list
2026-05-12T05:33:04Z list
2026-05-12T05:34:41Z list
2026-05-12T05:36:19Z list
2026-05-12T05:37:57Z list
2026-05-12T05:39:38Z list
2026-05-12T05:41:15Z list
2026-05-12T05:42:53Z list
2026-05-12T05:44:35Z list
2026-05-12T05:46:14Z list
2026-05-12T05:47:51Z list
2026-05-12T05:49:38Z list
2026-05-12T05:51:22Z list
2026-05-12T05:53:03Z list
2026-05-12T05:54:47Z list
2026-05-12T05:56:28Z list
2026-05-12T05:58:06Z list
2026-05-12T05:59:43Z list
2026-05-12T06:01:24Z list
2026-05-12T06:03:02Z list
2026-05-12T06:04:40Z list
2026-05-12T06:06:21Z list
2026-05-12T06:07:59Z list
2026-05-12T06:09:36Z list
2026-05-12T06:11:15Z list
2026-05-12T06:12:57Z list
2026-05-12T06:14:35Z list
2026-05-12T06:16:12Z list
2026-05-12T06:17:53Z list
2026-05-12T06:19:31Z list
2026-05-12T06:21:08Z list
2026-05-12T06:22:48Z list
2026-05-12T06:24:33Z list
2026-05-12T06:26:18Z list
2026-05-12T06:27:58Z list
2026-05-12T06:29:39Z list
2026-05-12T06:31:15Z list
2026-05-12T06:32:52Z list
2026-05-12T06:34:32Z list
2026-05-12T06:36:09Z list
2026-05-12T06:37:46Z list
2026-05-12T06:39:25Z list
2026-05-12T06:41:05Z list
2026-05-12T06:42:43Z list
2026-05-12T06:44:21Z list
2026-05-12T06:46:03Z list
2026-05-12T06:47:41Z list
2026-05-12T06:49:18Z list
2026-05-12T06:51:01Z list
2026-05-12T06:52:40Z list
2026-05-12T06:54:18Z list
2026-05-12T06:55:56Z list
2026-05-12T06:57:42Z list
2026-05-12T06:59:26Z list
2026-05-12T07:01:11Z list
2026-05-12T07:02:53Z list
2026-05-12T07:04:31Z list
2026-05-12T07:06:07Z list
2026-05-12T07:07:47Z list
2026-05-12T07:09:25Z list
2026-05-12T07:11:02Z list
2026-05-12T07:12:40Z list
2026-05-12T07:14:21Z list
2026-05-12T07:15:58Z list
2026-05-12T07:17:35Z list
2026-05-12T07:19:16Z list
2026-05-12T07:20:54Z list
2026-05-12T07:22:31Z list
2026-05-12T07:24:10Z list
2026-05-12T07:25:50Z list
2026-05-12T07:27:27Z list
2026-05-12T07:29:09Z list
2026-05-12T07:30:50Z list
2026-05-12T07:32:30Z list
2026-05-12T07:34:14Z list
2026-05-12T07:35:58Z list
2026-05-12T07:37:37Z list
2026-05-12T07:39:13Z list
2026-05-12T07:40:55Z list
2026-05-12T07:42:32Z list
2026-05-12T07:44:11Z list
2026-05-12T07:45:49Z list
2026-05-12T07:47:31Z list
2026-05-12T07:49:10Z list
2026-05-12T07:50:48Z list
2026-05-12T07:52:35Z list
2026-05-12T07:54:14Z list
2026-05-12T07:55:51Z list
2026-05-12T07:57:29Z list
2026-05-12T07:59:15Z list
2026-05-12T08:00:52Z list
2026-05-12T08:02:29Z list
2026-05-12T08:04:10Z list
2026-05-12T08:05:47Z list
2026-05-12T08:07:27Z list
2026-05-12T08:09:14Z list
2026-05-12T08:10:55Z list
2026-05-12T08:12:34Z list
2026-05-12T08:14:10Z list
2026-05-12T08:15:50Z list
2026-05-12T08:17:27Z list
2026-05-12T08:19:04Z list
2026-05-12T08:20:44Z list
2026-05-12T08:22:22Z list
2026-05-12T08:24:00Z list
2026-05-12T08:25:39Z list
2026-05-12T08:27:20Z list
2026-05-12T08:28:57Z list
2026-05-12T08:30:39Z list
2026-05-12T08:32:19Z list
2026-05-12T08:33:57Z list
2026-05-12T08:35:34Z list
2026-05-12T08:37:15Z list
2026-05-12T08:38:53Z list
2026-05-12T08:40:31Z list
2026-05-12T08:42:11Z list
2026-05-12T08:43:57Z list
2026-05-12T08:45:40Z list
2026-05-12T08:47:18Z list
2026-05-12T08:49:01Z list
2026-05-12T08:50:39Z list
2026-05-12T08:52:19Z list
2026-05-12T08:54:00Z list
2026-05-12T08:55:38Z list
2026-05-12T08:57:15Z list
2026-05-12T08:58:53Z list
2026-05-12T09:00:35Z list
2026-05-12T09:02:17Z list
2026-05-12T09:03:55Z list
2026-05-12T09:05:36Z list
2026-05-12T09:07:15Z list
2026-05-12T09:08:53Z list
2026-05-12T09:10:34Z list
2026-05-12T09:12:12Z list
2026-05-12T09:13:50Z list
2026-05-12T09:15:27Z list
2026-05-12T09:17:11Z list
2026-05-12T09:18:53Z list
2026-05-12T09:20:37Z list
2026-05-12T09:22:20Z list
2026-05-12T09:23:58Z list
2026-05-12T09:25:35Z list
2026-05-12T09:27:14Z list
2026-05-12T09:28:53Z list
2026-05-12T09:30:30Z list
2026-05-12T09:32:08Z list
2026-05-12T09:33:53Z list
2026-05-12T09:35:31Z list
2026-05-12T09:37:08Z list
2026-05-12T09:38:49Z list
2026-05-12T09:40:28Z list
2026-05-12T09:42:05Z list
2026-05-12T09:43:43Z list
2026-05-12T09:45:25Z list
2026-05-12T09:47:04Z list
2026-05-12T09:48:41Z list
2026-05-12T09:50:23Z list
2026-05-12T09:52:06Z list
2026-05-12T09:53:48Z list
2026-05-12T09:55:34Z list
2026-05-12T09:57:13Z list
2026-05-12T09:58:50Z list
2026-05-12T10:00:29Z list
2026-05-12T10:02:10Z list
2026-05-12T10:03:51Z list
2026-05-12T10:05:29Z list
2026-05-12T10:07:09Z list
2026-05-12T10:08:46Z list
2026-05-12T10:10:24Z list
2026-05-12T10:12:05Z list
2026-05-12T10:13:43Z list
2026-05-12T10:15:20Z list
2026-05-12T10:16:58Z list
2026-05-12T10:18:39Z list
2026-05-12T10:20:17Z list
2026-05-12T10:21:54Z list
2026-05-12T10:23:35Z list
2026-05-12T10:25:13Z list
2026-05-12T10:26:54Z list
2026-05-12T10:28:37Z list
2026-05-12T10:30:21Z list
2026-05-12T10:31:58Z list
2026-05-12T10:33:35Z list
2026-05-12T10:35:19Z list
2026-05-12T10:36:57Z list
2026-05-12T10:38:34Z list
2026-05-12T10:40:14Z list
2026-05-12T10:41:52Z list
2026-05-12T10:43:29Z list
2026-05-12T10:45:10Z list
2026-05-12T10:46:52Z list
2026-05-12T10:48:30Z list
2026-05-12T10:50:09Z list
2026-05-12T10:51:51Z list
2026-05-12T10:53:30Z list
2026-05-12T10:55:10Z list
2026-05-12T10:56:53Z list
2026-05-12T10:58:32Z list
2026-05-12T11:00:10Z list
2026-05-12T11:01:55Z list
2026-05-12T11:03:39Z list
2026-05-12T11:05:22Z list
2026-05-12T11:06:59Z list
2026-05-12T11:08:39Z list
2026-05-12T11:10:16Z list
2026-05-12T11:11:53Z list
2026-05-12T11:13:34Z list
2026-05-12T11:15:11Z list
2026-05-12T11:16:49Z list
2026-05-12T11:18:26Z list
2026-05-12T11:20:08Z list
2026-05-12T11:21:45Z list
2026-05-12T11:23:23Z list
2026-05-12T11:25:03Z list
2026-05-12T11:26:41Z list
2026-05-12T11:28:18Z list
2026-05-12T11:29:57Z list
2026-05-12T11:31:37Z list
2026-05-12T11:33:14Z list
2026-05-12T11:34:53Z list
2026-05-12T11:36:45Z list
2026-05-12T11:38:27Z list
2026-05-12T11:40:06Z list
2026-05-12T11:41:45Z list
2026-05-12T11:43:23Z list
2026-05-12T11:44:59Z list
2026-05-12T11:46:39Z list
2026-05-12T11:48:19Z list
2026-05-12T11:49:58Z list
2026-05-12T11:51:36Z list
2026-05-12T11:53:18Z list
2026-05-12T11:54:57Z list
2026-05-12T11:56:37Z list
2026-05-12T11:58:19Z list
2026-05-12T11:59:57Z list
2026-05-12T12:01:35Z list
2026-05-12T12:03:17Z list
2026-05-12T12:04:57Z list
2026-05-12T12:06:39Z list
2026-05-12T12:08:18Z list
2026-05-12T12:10:01Z list
2026-05-12T12:11:45Z list
2026-05-12T12:13:27Z list
2026-05-12T12:15:08Z list
2026-05-12T12:16:46Z list
2026-05-12T12:18:22Z list
2026-05-12T12:20:01Z list
2026-05-12T12:21:41Z list
2026-05-12T12:23:18Z list
2026-05-12T12:24:56Z list
2026-05-12T12:26:36Z list
2026-05-12T12:28:14Z list
2026-05-12T12:29:52Z list
2026-05-12T12:31:33Z list
2026-05-12T12:33:10Z list
2026-05-12T12:34:47Z list
2026-05-12T12:36:25Z list
2026-05-12T12:38:11Z list
2026-05-12T12:39:49Z list
2026-05-12T12:41:26Z list
2026-05-12T12:43:06Z list
2026-05-12T12:44:47Z list
2026-05-12T12:46:31Z list
2026-05-12T12:48:18Z list
2026-05-12T12:49:58Z list
2026-05-12T12:51:38Z list
2026-05-12T12:53:16Z list
2026-05-12T12:55:00Z list
2026-05-12T12:56:39Z list
2026-05-12T12:58:17Z list
2026-05-12T12:59:57Z list
2026-05-12T13:01:36Z list
2026-05-12T13:03:14Z list
2026-05-12T13:04:56Z list
2026-05-12T13:06:34Z list
2026-05-12T13:08:16Z list
2026-05-12T13:09:56Z list
2026-05-12T13:11:38Z list
2026-05-12T13:13:17Z list
2026-05-12T13:14:54Z list
2026-05-12T13:16:34Z list
2026-05-12T13:18:12Z list
2026-05-12T13:19:53Z list
2026-05-12T13:21:36Z list
2026-05-12T13:23:22Z list
2026-05-12T13:25:00Z list
2026-05-12T13:26:38Z list
2026-05-12T13:28:19Z list
2026-05-12T13:29:57Z list
2026-05-12T13:31:35Z list
2026-05-12T13:33:15Z list
2026-05-12T13:34:54Z list
2026-05-12T13:36:31Z list
2026-05-12T13:38:10Z list
2026-05-12T13:39:58Z list
2026-05-12T13:41:35Z list
2026-05-12T13:43:13Z list
2026-05-12T13:44:53Z list
2026-05-12T13:46:32Z list
2026-05-12T13:48:10Z list
2026-05-12T13:49:51Z list
2026-05-12T13:51:29Z list
2026-05-12T13:53:07Z list
2026-05-12T13:54:55Z list
2026-05-12T13:56:42Z list
2026-05-12T13:58:21Z list
2026-05-12T13:59:58Z list
2026-05-12T14:01:39Z list
2026-05-12T14:03:17Z list
2026-05-12T14:04:54Z list
2026-05-12T14:06:34Z list
2026-05-12T14:08:12Z list
2026-05-12T14:09:54Z list
2026-05-12T14:11:36Z list
2026-05-12T14:13:14Z list
2026-05-12T14:14:52Z list
2026-05-12T14:16:29Z list
2026-05-12T14:18:10Z list
2026-05-12T14:19:48Z list
2026-05-12T14:21:25Z list
2026-05-12T14:23:06Z list
2026-05-12T14:24:44Z list
2026-05-12T14:26:22Z list
2026-05-12T14:28:02Z list
2026-05-12T14:29:50Z list
2026-05-12T14:31:32Z list
2026-05-12T14:33:13Z list
2026-05-12T14:34:56Z list
2026-05-12T14:36:33Z list
2026-05-12T14:38:10Z list
2026-05-12T14:39:50Z list
2026-05-12T14:41:32Z list
2026-05-12T14:43:09Z list
2026-05-12T14:44:48Z list
2026-05-12T14:46:30Z list
2026-05-12T14:48:09Z list
2026-05-12T14:49:47Z list
2026-05-12T14:51:30Z list
2026-05-12T14:53:11Z list
2026-05-12T14:54:51Z list
2026-05-12T14:56:35Z list
2026-05-12T14:58:14Z list
2026-05-12T14:59:52Z list
2026-05-12T15:01:32Z list
2026-05-12T15:03:12Z list
2026-05-12T15:04:52Z list
2026-05-12T15:06:37Z list
2026-05-12T15:08:23Z list
2026-05-12T15:10:03Z list
2026-05-12T15:11:44Z list
2026-05-12T15:13:24Z list
2026-05-12T15:15:06Z list
2026-05-12T15:16:43Z list
2026-05-12T15:18:27Z list
2026-05-12T15:20:10Z list
2026-05-12T15:21:50Z list
2026-05-12T15:23:34Z list
2026-05-12T15:25:17Z list
2026-05-12T15:26:56Z list
2026-05-12T15:28:41Z list
2026-05-12T15:30:30Z list
2026-05-12T15:32:18Z list
2026-05-12T15:34:04Z list
2026-05-12T15:35:49Z list
2026-05-12T15:37:32Z list
2026-05-12T15:39:11Z list
2026-05-12T15:41:01Z list
2026-05-12T15:42:54Z list
2026-05-12T15:44:38Z list
2026-05-12T15:46:18Z list
2026-05-12T15:48:00Z list
2026-05-12T15:49:39Z list
2026-05-12T15:51:18Z list
2026-05-12T15:52:59Z list
2026-05-12T15:54:40Z list
2026-05-12T15:56:24Z list
2026-05-12T15:58:11Z list
2026-05-12T15:59:56Z list
2026-05-12T16:01:42Z list
2026-05-12T16:03:27Z list
2026-05-12T16:05:09Z list
2026-05-12T16:06:49Z list
2026-05-12T16:08:28Z list
2026-05-12T16:10:08Z list
2026-05-12T16:11:48Z list
2026-05-12T16:13:30Z list
2026-05-12T16:15:16Z list
2026-05-12T16:16:58Z list
2026-05-12T16:18:38Z list
2026-05-12T16:20:18Z list
2026-05-12T16:21:56Z list
2026-05-12T16:23:33Z list
2026-05-12T16:25:11Z list
2026-05-12T16:26:55Z list
2026-05-12T16:28:34Z list
2026-05-12T16:30:11Z list
2026-05-12T16:31:52Z list
2026-05-12T16:33:30Z list
2026-05-12T16:35:08Z list
2026-05-12T16:36:48Z list
2026-05-12T16:38:28Z list
2026-05-12T16:40:06Z list
2026-05-12T16:41:43Z list
2026-05-12T16:43:24Z list
2026-05-12T16:45:06Z list
2026-05-12T16:46:45Z list
2026-05-12T16:48:27Z list
2026-05-12T16:50:12Z list
2026-05-12T16:51:54Z list
2026-05-12T16:53:37Z list
2026-05-12T16:55:19Z list
2026-05-12T16:56:59Z list
2026-05-12T16:58:38Z list
2026-05-12T17:00:23Z list
2026-05-12T17:02:02Z list
2026-05-12T17:03:40Z list
2026-05-12T17:05:22Z list
2026-05-12T17:07:03Z list
2026-05-12T17:08:41Z list
2026-05-12T17:10:25Z list
2026-05-12T17:12:06Z list
2026-05-12T17:13:44Z list
2026-05-12T17:15:26Z list
2026-05-12T17:17:13Z list
2026-05-12T17:19:01Z list
2026-05-12T17:20:44Z list
2026-05-12T17:22:24Z list
2026-05-12T17:24:05Z list
2026-05-12T17:25:51Z list
2026-05-12T17:27:34Z list
2026-05-12T17:29:13Z list
2026-05-12T17:30:55Z list
2026-05-12T17:32:34Z list
2026-05-12T17:34:11Z list
2026-05-12T17:35:52Z list
2026-05-12T17:37:35Z list
2026-05-12T17:39:13Z list
2026-05-12T17:40:52Z list
2026-05-12T17:42:34Z list
2026-05-12T17:44:13Z list
2026-05-12T17:45:56Z list
2026-05-12T17:47:41Z list
2026-05-12T17:49:23Z list
2026-05-12T17:51:03Z list
2026-05-12T17:52:42Z list
2026-05-12T17:54:25Z list
2026-05-12T17:56:06Z list
2026-05-12T17:57:46Z list
2026-05-12T17:59:35Z list
2026-05-12T18:01:18Z list
2026-05-12T18:02:59Z list
2026-05-12T18:04:42Z list
2026-05-12T18:06:20Z list
2026-05-12T18:08:00Z list
2026-05-12T18:09:39Z list
2026-05-12T18:11:21Z list
2026-05-12T18:13:00Z list
2026-05-12T18:14:37Z list
2026-05-12T18:16:23Z list
2026-05-12T18:18:02Z list
2026-05-12T18:19:41Z list
2026-05-12T18:21:23Z list
2026-05-12T18:23:02Z list
2026-05-12T18:24:40Z list
2026-05-12T18:26:19Z list
2026-05-12T18:28:02Z list
2026-05-12T18:29:41Z list
2026-05-12T18:31:19Z list
2026-05-12T18:33:03Z list
2026-05-12T18:34:48Z list
2026-05-12T18:36:31Z list
2026-05-12T18:38:14Z list
2026-05-12T18:39:53Z list
2026-05-12T18:41:31Z list
2026-05-12T18:43:09Z list
2026-05-12T18:44:50Z list
2026-05-12T18:46:32Z list
2026-05-12T18:48:12Z list
2026-05-12T18:49:54Z list
2026-05-12T18:51:35Z list
2026-05-12T18:53:14Z list
2026-05-12T18:55:00Z list
2026-05-12T18:56:40Z list
2026-05-12T18:58:23Z list
2026-05-12T19:00:05Z list
2026-05-12T19:01:48Z list
2026-05-12T19:03:28Z list
2026-05-12T19:05:08Z list
2026-05-12T19:06:52Z list
2026-05-12T19:08:40Z list
2026-05-12T19:10:24Z list
2026-05-12T19:12:09Z list
2026-05-12T19:13:49Z list
2026-05-12T19:15:29Z list
2026-05-12T19:17:15Z list
2026-05-12T19:18:54Z list
2026-05-12T19:20:33Z list
2026-05-12T19:22:14Z list
2026-05-12T19:23:57Z list
2026-05-12T19:25:37Z list
2026-05-12T19:27:16Z list
2026-05-12T19:28:59Z list
2026-05-12T19:30:40Z list
2026-05-12T19:32:19Z list
2026-05-12T19:34:01Z list
2026-05-12T19:35:42Z list
2026-05-12T19:37:21Z list
2026-05-12T19:39:01Z list
2026-05-12T19:40:44Z list
2026-05-12T19:42:25Z list
2026-05-12T19:44:09Z list
2026-05-12T19:45:56Z list
2026-05-12T19:47:42Z list
2026-05-12T19:49:21Z list
2026-05-12T19:51:04Z list
2026-05-12T19:52:44Z list
2026-05-12T19:54:25Z list
2026-05-12T19:56:11Z list
2026-05-12T19:57:51Z list
2026-05-12T19:59:33Z list
2026-05-12T20:01:17Z list
2026-05-12T20:02:58Z list
2026-05-12T20:04:38Z list
2026-05-12T20:06:18Z list
2026-05-12T20:08:01Z list
2026-05-12T20:09:42Z list
2026-05-12T20:11:22Z list
2026-05-12T20:13:03Z list
2026-05-12T20:14:43Z list
2026-05-12T20:16:22Z list
2026-05-12T20:18:14Z list
2026-05-12T20:19:59Z list
2026-05-12T20:21:39Z list
2026-05-12T20:23:21Z list
2026-05-12T20:25:00Z list
2026-05-12T20:26:39Z list
2026-05-12T20:28:20Z list
2026-05-12T20:30:03Z list
2026-05-12T20:31:41Z list
2026-05-12T20:33:19Z list
2026-05-12T20:35:00Z list
2026-05-12T20:36:40Z list
2026-05-12T20:38:18Z list
2026-05-12T20:40:00Z list
2026-05-12T20:41:39Z list
2026-05-12T20:43:18Z list
2026-05-12T20:44:57Z list
2026-05-12T20:46:40Z list
2026-05-12T20:48:25Z list
2026-05-12T20:50:06Z list
2026-05-12T20:51:51Z list
2026-05-12T20:53:37Z list
2026-05-12T20:55:21Z list
2026-05-12T20:57:06Z list
2026-05-12T20:58:47Z list
2026-05-12T21:00:28Z list
2026-05-12T21:02:12Z list
2026-05-12T21:03:54Z list
2026-05-12T21:05:34Z list
2026-05-12T21:07:18Z list
2026-05-12T21:09:01Z list
2026-05-12T21:10:41Z list
2026-05-12T21:12:20Z list
2026-05-12T21:14:02Z list
2026-05-12T21:15:44Z list
2026-05-12T21:17:24Z list
2026-05-12T21:19:10Z list
2026-05-12T21:20:51Z list
2026-05-12T21:22:31Z list
2026-05-12T21:24:15Z list
2026-05-12T21:25:56Z list
2026-05-12T21:27:43Z list
2026-05-12T21:29:29Z list
2026-05-12T21:31:13Z list
2026-05-12T21:32:50Z list
2026-05-12T21:34:28Z list
2026-05-12T21:36:08Z list
2026-05-12T21:37:46Z list
2026-05-12T21:39:24Z list
2026-05-12T21:41:05Z list
2026-05-12T21:42:44Z list
2026-05-12T21:44:22Z list
2026-05-12T21:46:03Z list
2026-05-12T21:47:49Z list
2026-05-12T21:49:34Z list
2026-05-12T21:51:14Z list
2026-05-12T21:52:58Z list
2026-05-12T21:54:39Z list
2026-05-12T21:56:21Z list
2026-05-12T21:58:05Z list
2026-05-12T21:59:47Z list
2026-05-12T22:01:30Z list
2026-05-12T22:03:18Z list
2026-05-12T22:05:01Z list
2026-05-12T22:06:41Z list
2026-05-12T22:08:20Z list
2026-05-12T22:10:02Z list
2026-05-12T22:11:42Z list
2026-05-12T22:13:20Z list
2026-05-12T22:15:02Z list
2026-05-12T22:16:42Z list
2026-05-12T22:18:21Z list
2026-05-12T22:20:07Z list
2026-05-12T22:21:46Z list
2026-05-12T22:23:24Z list
2026-05-12T22:25:04Z list
2026-05-12T22:26:45Z list
2026-05-12T22:28:24Z list
2026-05-12T22:30:02Z list
2026-05-12T22:31:48Z list
2026-05-12T22:33:30Z list
2026-05-12T22:35:10Z list
2026-05-12T22:36:54Z list
2026-05-12T22:38:37Z list
2026-05-12T22:40:19Z list
2026-05-12T22:42:02Z list
2026-05-12T22:43:42Z list
2026-05-12T22:45:20Z list
2026-05-12T22:46:58Z list
2026-05-12T22:48:42Z list
2026-05-12T22:50:27Z list
2026-05-12T22:52:07Z list
2026-05-12T22:53:51Z list
2026-05-12T22:55:34Z list
2026-05-12T22:57:14Z list
2026-05-12T22:58:58Z list
2026-05-12T23:00:39Z list
2026-05-12T23:02:17Z list
2026-05-12T23:03:57Z list
2026-05-12T23:05:37Z list
2026-05-12T23:07:16Z list
2026-05-12T23:08:55Z list
2026-05-12T23:10:37Z list
2026-05-12T23:12:22Z list
2026-05-12T23:14:03Z list
2026-05-12T23:15:46Z list
2026-05-12T23:17:23Z list
2026-05-12T23:19:00Z list
2026-05-12T23:20:44Z list
2026-05-12T23:22:23Z list
2026-05-12T23:24:01Z list
2026-05-12T23:25:39Z list
2026-05-12T23:27:19Z list
2026-05-12T23:28:58Z list
2026-05-12T23:30:35Z list
2026-05-12T23:32:18Z list
2026-05-12T23:33:56Z list
2026-05-12T23:35:35Z list
2026-05-12T23:37:14Z list
2026-05-12T23:38:56Z list
2026-05-12T23:40:34Z list
2026-05-12T23:42:13Z list
2026-05-12T23:43:54Z list
2026-05-12T23:45:35Z list
2026-05-12T23:47:18Z list
2026-05-12T23:49:07Z list
2026-05-12T23:50:54Z list
2026-05-12T23:52:33Z list
2026-05-12T23:54:15Z list
2026-05-12T23:55:58Z list
2026-05-12T23:57:38Z list
2026-05-12T23:59:18Z list
2026-05-13T00:01:02Z list
2026-05-13T00:02:42Z list
2026-05-13T00:04:21Z list
2026-05-13T00:06:03Z list
2026-05-13T00:07:41Z list
2026-05-13T00:09:19Z list
2026-05-13T00:11:02Z list
2026-05-13T00:12:40Z list
2026-05-13T00:14:18Z list
2026-05-13T00:15:58Z list
2026-05-13T00:17:40Z list
2026-05-13T00:19:18Z list
2026-05-13T00:21:05Z list
2026-05-13T00:22:51Z list
2026-05-13T00:24:33Z list
2026-05-13T00:26:12Z list
2026-05-13T00:27:55Z list
2026-05-13T00:29:35Z list
2026-05-13T00:31:13Z list
2026-05-13T00:32:53Z list
2026-05-13T00:34:35Z list
2026-05-13T00:36:14Z list
2026-05-13T00:37:52Z list
2026-05-13T00:39:33Z list
2026-05-13T00:41:12Z list
2026-05-13T00:42:49Z list
2026-05-13T00:44:32Z list
2026-05-13T00:46:10Z list
2026-05-13T00:47:48Z list
2026-05-13T00:49:30Z list
2026-05-13T00:51:22Z list
2026-05-13T00:53:03Z list
2026-05-13T00:54:45Z list
2026-05-13T00:56:37Z list
2026-05-13T00:58:23Z list
2026-05-13T01:00:07Z list
2026-05-13T01:01:53Z list
2026-05-13T01:03:37Z list
2026-05-13T01:05:17Z list
2026-05-13T01:07:02Z list
2026-05-13T01:08:44Z list
2026-05-13T01:10:23Z list
2026-05-13T01:12:06Z list
2026-05-13T01:13:52Z list
2026-05-13T01:15:34Z list
2026-05-13T01:17:13Z list
2026-05-13T01:18:55Z list
2026-05-13T01:20:33Z list
2026-05-13T01:22:16Z list
2026-05-13T01:23:57Z list
2026-05-13T01:25:35Z list
2026-05-13T01:27:14Z list
2026-05-13T01:28:56Z list
2026-05-13T01:30:41Z list
2026-05-13T01:32:23Z list
2026-05-13T01:34:04Z list
2026-05-13T01:35:46Z list
2026-05-13T01:37:23Z list
2026-05-13T01:38:59Z list
2026-05-13T01:40:40Z list
2026-05-13T01:42:19Z list
2026-05-13T01:43:57Z list
2026-05-13T01:45:36Z list
2026-05-13T01:47:16Z list
2026-05-13T01:48:58Z list
2026-05-13T01:50:39Z list
2026-05-13T01:52:27Z list
2026-05-13T01:54:07Z list
2026-05-13T01:55:47Z list
2026-05-13T01:57:32Z list
2026-05-13T01:59:14Z list
2026-05-13T02:00:56Z list
2026-05-13T02:02:41Z list
2026-05-13T02:04:25Z list
2026-05-13T02:06:11Z list
2026-05-13T02:08:00Z list
2026-05-13T02:09:43Z list
2026-05-13T02:11:24Z list
2026-05-13T02:13:11Z list
2026-05-13T02:14:52Z list
2026-05-13T02:16:33Z list
2026-05-13T02:18:17Z list
2026-05-13T02:20:01Z list
2026-05-13T02:21:43Z list
2026-05-13T02:23:29Z list
2026-05-13T02:25:14Z list
2026-05-13T02:26:55Z list
2026-05-13T02:28:36Z list
2026-05-13T02:30:20Z list
2026-05-13T02:32:01Z list
2026-05-13T02:33:40Z list
2026-05-13T02:35:22Z list
2026-05-13T02:37:01Z list
2026-05-13T02:38:39Z list
2026-05-13T02:40:23Z list
2026-05-13T02:42:08Z list
2026-05-13T02:43:47Z list
2026-05-13T02:45:25Z list
2026-05-13T02:47:05Z list
2026-05-13T02:48:45Z list
2026-05-13T02:50:24Z list
2026-05-13T02:52:07Z list
2026-05-13T02:53:52Z list
2026-05-13T02:55:31Z list
2026-05-13T02:57:15Z list
2026-05-13T02:58:56Z list
2026-05-13T03:00:37Z list
2026-05-13T03:02:19Z list
2026-05-13T03:04:00Z list
2026-05-13T03:05:38Z list
2026-05-13T03:07:16Z list
2026-05-13T03:08:57Z list
2026-05-13T03:10:37Z list
2026-05-13T03:12:16Z list
2026-05-13T03:13:59Z list
2026-05-13T03:15:44Z list
2026-05-13T03:17:26Z list
2026-05-13T03:19:09Z list
2026-05-13T03:20:47Z list
2026-05-13T03:22:23Z list
2026-05-13T03:24:05Z list
2026-05-13T03:25:47Z list
2026-05-13T03:27:24Z list
2026-05-13T03:29:02Z list
2026-05-13T03:30:43Z list
2026-05-13T03:32:21Z list
2026-05-13T03:33:59Z list
2026-05-13T03:35:41Z list
2026-05-13T03:37:20Z list
2026-05-13T03:38:57Z list
2026-05-13T03:40:36Z list
2026-05-13T03:42:17Z list
2026-05-13T03:43:55Z list
2026-05-13T03:45:33Z list
2026-05-13T03:47:14Z list
2026-05-13T03:48:57Z list
2026-05-13T03:50:42Z list
2026-05-13T03:52:29Z list
2026-05-13T03:54:15Z list
2026-05-13T03:55:54Z list
2026-05-13T03:57:39Z list
2026-05-13T03:59:22Z list
2026-05-13T04:01:04Z list
2026-05-13T04:02:45Z list
2026-05-13T04:04:29Z list
2026-05-13T04:06:07Z list
2026-05-13T04:07:47Z list
2026-05-13T04:09:29Z list
2026-05-13T04:11:07Z list
2026-05-13T04:12:45Z list
2026-05-13T04:14:27Z list
2026-05-13T04:16:06Z list
2026-05-13T04:17:44Z list
2026-05-13T04:19:24Z list
2026-05-13T04:21:03Z list
2026-05-13T04:22:42Z list
2026-05-13T04:24:31Z list
2026-05-13T04:26:17Z list
2026-05-13T04:27:57Z list
2026-05-13T04:29:35Z list
2026-05-13T04:31:18Z list
2026-05-13T04:32:57Z list
2026-05-13T04:34:35Z list
2026-05-13T04:36:17Z list
2026-05-13T04:37:55Z list
2026-05-13T04:39:33Z list
2026-05-13T04:41:12Z list
2026-05-13T04:42:54Z list
2026-05-13T04:44:32Z list
2026-05-13T04:46:10Z list
2026-05-13T04:47:51Z list
2026-05-13T04:49:32Z list
2026-05-13T04:51:12Z list
2026-05-13T04:52:56Z list
2026-05-13T04:54:41Z list
2026-05-13T04:56:21Z list
2026-05-13T04:58:06Z list
2026-05-13T04:59:56Z list
2026-05-13T05:01:40Z list
2026-05-13T05:03:23Z list
2026-05-13T05:05:05Z list
2026-05-13T05:06:43Z list
2026-05-13T05:08:20Z list
2026-05-13T05:10:00Z list
2026-05-13T05:11:39Z list
2026-05-13T05:13:18Z list
2026-05-13T05:14:59Z list
2026-05-13T05:16:38Z list
2026-05-13T05:18:15Z list
2026-05-13T05:19:55Z list
2026-05-13T05:21:35Z list
2026-05-13T05:23:13Z list
2026-05-13T05:24:55Z list
2026-05-13T05:26:36Z list
2026-05-13T05:28:15Z list
2026-05-13T05:29:53Z list
2026-05-13T05:31:34Z list
2026-05-13T05:33:15Z list
2026-05-13T05:34:58Z list
2026-05-13T05:36:42Z list
2026-05-13T05:38:23Z list
2026-05-13T05:40:00Z list
2026-05-13T05:41:37Z list
2026-05-13T05:43:19Z list
2026-05-13T05:44:57Z list
2026-05-13T05:46:34Z list
2026-05-13T05:48:15Z list
2026-05-13T05:49:56Z list
2026-05-13T05:51:37Z list
2026-05-13T05:53:19Z list
2026-05-13T05:55:05Z list
2026-05-13T05:56:46Z list
2026-05-13T05:58:28Z list
2026-05-13T06:00:15Z list
2026-05-13T06:01:57Z list
2026-05-13T06:03:37Z list
2026-05-13T06:05:20Z list
2026-05-13T06:07:00Z list
2026-05-13T06:08:44Z list
2026-05-13T06:10:29Z list
2026-05-13T06:12:10Z list
2026-05-13T06:13:48Z list
2026-05-13T06:15:31Z list
2026-05-13T06:17:10Z list
2026-05-13T06:18:48Z list
2026-05-13T06:20:26Z list
2026-05-13T06:22:07Z list
2026-05-13T06:23:45Z list
2026-05-13T06:25:27Z list
2026-05-13T06:27:07Z list
2026-05-13T06:28:46Z list
2026-05-13T06:30:24Z list
2026-05-13T06:32:04Z list
2026-05-13T06:33:45Z list
2026-05-13T06:35:23Z list
2026-05-13T06:37:01Z list
2026-05-13T06:38:43Z list
2026-05-13T06:40:21Z list
2026-05-13T06:42:01Z list
2026-05-13T06:43:48Z list
2026-05-13T06:45:31Z list
2026-05-13T06:47:10Z list
2026-05-13T06:48:51Z list
2026-05-13T06:50:32Z list
2026-05-13T06:52:11Z list
2026-05-13T06:53:51Z list
2026-05-13T06:55:40Z list
2026-05-13T06:57:21Z list
2026-05-13T06:59:01Z list
2026-05-13T07:00:44Z list
2026-05-13T07:02:27Z list
2026-05-13T07:04:04Z list
2026-05-13T07:05:46Z list
2026-05-13T07:07:24Z list
2026-05-13T07:09:03Z list
2026-05-13T07:10:43Z list
2026-05-13T07:12:24Z list
2026-05-13T07:14:02Z list
2026-05-13T07:15:39Z list
2026-05-13T07:17:25Z list
2026-05-13T07:19:07Z list
2026-05-13T07:20:51Z list
2026-05-13T07:22:32Z list
2026-05-13T07:24:11Z list
2026-05-13T07:25:52Z list
2026-05-13T07:27:33Z list
2026-05-13T07:29:11Z list
2026-05-13T07:30:49Z list
2026-05-13T07:32:27Z list
2026-05-13T07:34:09Z list
2026-05-13T07:35:47Z list
2026-05-13T07:37:25Z list
2026-05-13T07:39:06Z list
2026-05-13T07:40:45Z list
2026-05-13T07:42:22Z list
2026-05-13T07:44:02Z list
2026-05-13T07:45:41Z list
2026-05-13T07:47:19Z list
2026-05-13T07:48:58Z list
2026-05-13T07:50:43Z list
2026-05-13T07:52:30Z list
2026-05-13T07:54:15Z list
2026-05-13T07:56:04Z list
2026-05-13T07:57:45Z list
2026-05-13T07:59:24Z list
2026-05-13T08:01:06Z list
2026-05-13T08:02:45Z list
2026-05-13T08:04:23Z list
2026-05-13T08:06:05Z list
2026-05-13T08:07:44Z list
2026-05-13T08:09:21Z list
2026-05-13T08:11:01Z list
2026-05-13T08:12:43Z list
2026-05-13T08:14:21Z list
2026-05-13T08:15:59Z list
2026-05-13T08:17:40Z list
2026-05-13T08:19:18Z list
2026-05-13T08:20:56Z list
2026-05-13T08:22:38Z list
2026-05-13T08:24:16Z list
2026-05-13T08:25:59Z list
2026-05-13T08:27:45Z list
2026-05-13T08:29:29Z list
2026-05-13T08:31:08Z list
2026-05-13T08:32:45Z list
2026-05-13T08:34:26Z list
2026-05-13T08:36:04Z list
2026-05-13T08:37:41Z list
2026-05-13T08:39:22Z list
2026-05-13T08:41:01Z list
2026-05-13T08:42:38Z list
2026-05-13T08:44:17Z list
2026-05-13T08:45:59Z list
2026-05-13T08:47:37Z list
2026-05-13T08:49:15Z list
2026-05-13T08:50:58Z list
2026-05-13T08:52:39Z list
2026-05-13T08:54:19Z list
2026-05-13T08:56:07Z list
2026-05-13T08:57:50Z list
2026-05-13T08:59:30Z list
2026-05-13T09:01:16Z list
2026-05-13T09:02:59Z list
2026-05-13T09:04:40Z list
2026-05-13T09:06:22Z list
2026-05-13T09:08:02Z list
2026-05-13T09:09:40Z list
2026-05-13T09:11:18Z list
2026-05-13T09:12:58Z list
2026-05-13T09:14:37Z list
2026-05-13T09:16:16Z list
2026-05-13T09:17:57Z list
2026-05-13T09:19:36Z list
2026-05-13T09:21:14Z list
2026-05-13T09:22:52Z list
2026-05-13T09:24:34Z list
2026-05-13T09:26:15Z list
2026-05-13T09:27:53Z list
2026-05-13T09:29:34Z list
2026-05-13T09:31:12Z list
2026-05-13T09:32:50Z list
2026-05-13T09:34:31Z list
2026-05-13T09:36:14Z list
2026-05-13T09:37:55Z list
2026-05-13T09:39:41Z list
2026-05-13T09:41:22Z list
2026-05-13T09:42:59Z list
2026-05-13T09:44:36Z list
2026-05-13T09:46:16Z list
2026-05-13T09:47:55Z list
2026-05-13T09:49:34Z list
2026-05-13T09:51:18Z list
2026-05-13T09:52:59Z list
2026-05-13T09:54:40Z list
2026-05-13T09:56:29Z list
2026-05-13T09:58:10Z list
2026-05-13T09:59:50Z list
2026-05-13T10:01:32Z list
2026-05-13T10:03:15Z list
2026-05-13T10:04:53Z list
2026-05-13T10:06:32Z list
2026-05-13T10:08:13Z list
2026-05-13T10:09:52Z list
2026-05-13T10:11:36Z list
2026-05-13T10:13:22Z list
2026-05-13T10:15:01Z list
2026-05-13T10:16:40Z list
2026-05-13T10:18:19Z list
2026-05-13T10:19:57Z list
2026-05-13T10:21:35Z list
2026-05-13T10:23:12Z list
2026-05-13T10:24:53Z list
2026-05-13T10:26:35Z list
2026-05-13T10:28:13Z list
2026-05-13T10:29:55Z list
2026-05-13T10:31:33Z list
2026-05-13T10:33:11Z list
2026-05-13T10:34:50Z list
2026-05-13T10:36:32Z list
2026-05-13T10:38:11Z list
2026-05-13T10:39:48Z list
2026-05-13T10:41:30Z list
2026-05-13T10:43:09Z list
2026-05-13T10:44:48Z list
2026-05-13T10:46:35Z list
2026-05-13T10:48:18Z list
2026-05-13T10:49:59Z list
2026-05-13T10:51:43Z list
2026-05-13T10:53:24Z list
2026-05-13T10:55:06Z list
2026-05-13T10:56:55Z list
2026-05-13T10:58:44Z list
2026-05-13T11:00:25Z list
2026-05-13T11:02:04Z list
2026-05-13T11:03:45Z list
2026-05-13T11:05:24Z list
2026-05-13T11:07:02Z list
2026-05-13T11:08:43Z list
2026-05-13T11:10:23Z list
2026-05-13T11:12:01Z list
2026-05-13T11:13:40Z list
2026-05-13T11:15:20Z list
2026-05-13T11:17:00Z list
2026-05-13T11:18:38Z list
2026-05-13T11:20:24Z list
2026-05-13T11:22:07Z list
2026-05-13T11:23:47Z list
2026-05-13T11:25:28Z list
2026-05-13T11:27:10Z list
2026-05-13T11:28:46Z list
2026-05-13T11:30:28Z list
2026-05-13T11:32:07Z list
2026-05-13T11:33:44Z list
2026-05-13T11:35:23Z list
2026-05-13T11:37:05Z list
2026-05-13T11:38:45Z list
2026-05-13T11:40:23Z list
2026-05-13T11:42:04Z list
2026-05-13T11:43:44Z list
2026-05-13T11:45:22Z list
2026-05-13T11:47:03Z list
2026-05-13T11:48:46Z list
2026-05-13T11:50:33Z list
2026-05-13T11:52:14Z list
2026-05-13T11:53:58Z list
2026-05-13T11:55:45Z list
2026-05-13T11:57:35Z list
2026-05-13T11:59:23Z list
2026-05-13T12:01:06Z list
2026-05-13T12:02:45Z list
2026-05-13T12:04:28Z list
2026-05-13T12:06:09Z list
2026-05-13T12:07:48Z list
2026-05-13T12:09:31Z list
2026-05-13T12:11:13Z list
2026-05-13T12:12:51Z list
2026-05-13T12:14:29Z list
2026-05-13T12:16:11Z list
2026-05-13T12:17:50Z list
2026-05-13T12:19:28Z list
2026-05-13T12:21:10Z list
2026-05-13T12:22:52Z list
2026-05-13T12:24:30Z list
2026-05-13T12:26:12Z list
2026-05-13T12:27:56Z list
2026-05-13T12:29:38Z list
2026-05-13T12:31:21Z list
2026-05-13T12:33:07Z list
2026-05-13T12:34:45Z list
2026-05-13T12:36:26Z list
2026-05-13T12:38:09Z list
2026-05-13T12:39:48Z list
2026-05-13T12:41:27Z list
2026-05-13T12:43:09Z list
2026-05-13T12:44:50Z list
2026-05-13T12:46:28Z list
2026-05-13T12:48:08Z list
2026-05-13T12:49:54Z list
2026-05-13T12:51:35Z list
2026-05-13T12:53:17Z list
2026-05-13T12:55:00Z list
2026-05-13T12:56:42Z list
2026-05-13T12:58:25Z list
2026-05-13T13:00:12Z list
2026-05-13T13:01:52Z list
2026-05-13T13:03:33Z list
2026-05-13T13:05:21Z list
2026-05-13T13:07:05Z list
2026-05-13T13:08:45Z list
2026-05-13T13:10:28Z list
2026-05-13T13:12:11Z list
2026-05-13T13:13:51Z list
2026-05-13T13:15:31Z list
2026-05-13T13:17:14Z list
2026-05-13T13:18:56Z list
2026-05-13T13:20:42Z list
2026-05-13T13:22:24Z list
2026-05-13T13:24:05Z list
2026-05-13T13:25:45Z list
2026-05-13T13:27:29Z list
2026-05-13T13:29:14Z list
2026-05-13T13:30:54Z list
2026-05-13T13:32:39Z list
2026-05-13T13:34:24Z list
2026-05-13T13:36:06Z list
2026-05-13T13:37:46Z list
2026-05-13T13:39:35Z list
2026-05-13T13:41:20Z list
2026-05-13T13:43:02Z list
2026-05-13T13:44:45Z list
2026-05-13T13:46:24Z list
2026-05-13T13:48:03Z list
2026-05-13T13:49:42Z list
2026-05-13T13:51:27Z list
2026-05-13T13:53:08Z list
2026-05-13T13:54:48Z list
2026-05-13T13:56:31Z list
2026-05-13T13:58:13Z list
2026-05-13T13:59:59Z list
2026-05-13T14:01:59Z list
2026-05-13T14:03:52Z list
2026-05-13T14:05:35Z list
2026-05-13T14:07:20Z list
2026-05-13T14:09:08Z list
2026-05-13T14:11:01Z list
2026-05-13T14:12:52Z list
2026-05-13T14:14:44Z list
2026-05-13T14:16:32Z list
2026-05-13T14:18:15Z list
2026-05-13T14:19:59Z list
2026-05-13T14:21:43Z list
2026-05-13T14:23:26Z list
2026-05-13T14:25:11Z list
2026-05-13T14:26:54Z list
2026-05-13T14:28:36Z list
2026-05-13T14:30:25Z list
2026-05-13T14:32:07Z list
2026-05-13T14:33:53Z list
2026-05-13T14:35:43Z list
2026-05-13T14:37:30Z list
2026-05-13T14:39:11Z list
2026-05-13T14:40:50Z list
2026-05-13T14:42:36Z list
2026-05-13T14:44:18Z list
2026-05-13T14:46:00Z list
2026-05-13T14:47:45Z list
2026-05-13T14:49:37Z list
2026-05-13T14:51:26Z list
2026-05-13T14:53:16Z list
2026-05-13T14:54:58Z list
2026-05-13T14:56:38Z list
2026-05-13T14:58:23Z list
2026-05-13T15:00:08Z list
2026-05-13T15:01:53Z list
2026-05-13T15:03:37Z list
2026-05-13T15:05:24Z list
2026-05-13T15:07:06Z list
2026-05-13T15:08:54Z list
2026-05-13T15:10:41Z list
2026-05-13T15:12:24Z list
2026-05-13T15:14:07Z list
2026-05-13T15:15:56Z list
2026-05-13T15:17:42Z list
2026-05-13T15:19:25Z list
2026-05-13T15:21:11Z list
2026-05-13T15:22:52Z list
2026-05-13T15:24:36Z list
2026-05-13T15:26:26Z list
2026-05-13T15:28:11Z list
2026-05-13T15:29:51Z list
2026-05-13T15:31:36Z list
2026-05-13T15:33:22Z list
2026-05-13T15:35:03Z list
2026-05-13T15:36:45Z list
2026-05-13T15:38:29Z list
2026-05-13T15:40:10Z list
2026-05-13T15:41:49Z list
2026-05-13T15:43:31Z list
2026-05-13T15:45:12Z list
2026-05-13T15:46:50Z list
2026-05-13T15:48:32Z list
2026-05-13T15:50:11Z list
2026-05-13T15:51:51Z list
2026-05-13T15:53:33Z list
2026-05-13T15:55:17Z list
2026-05-13T15:56:57Z list
2026-05-13T15:58:40Z list
2026-05-13T16:00:35Z list
2026-05-13T16:02:20Z list
2026-05-13T16:04:04Z list
2026-05-13T16:05:46Z list
2026-05-13T16:07:26Z list
2026-05-13T16:09:04Z list
2026-05-13T16:10:46Z list
2026-05-13T16:12:26Z list
2026-05-13T16:14:05Z list
2026-05-13T16:15:46Z list
2026-05-13T16:17:28Z list
2026-05-13T16:19:06Z list
2026-05-13T16:20:45Z list
2026-05-13T16:22:27Z list
2026-05-13T16:24:06Z list
2026-05-13T16:25:45Z list
2026-05-13T16:27:26Z list
2026-05-13T16:29:06Z list
2026-05-13T16:30:45Z list
2026-05-13T16:32:28Z list
2026-05-13T16:34:17Z list
2026-05-13T16:36:01Z list
2026-05-13T16:37:43Z list
2026-05-13T16:39:25Z list
2026-05-13T16:41:03Z list
2026-05-13T16:42:41Z list
2026-05-13T16:44:23Z list
2026-05-13T16:46:02Z list
2026-05-13T16:47:40Z list
2026-05-13T16:49:23Z list
2026-05-13T16:51:03Z list
2026-05-13T16:52:42Z list
2026-05-13T16:54:23Z list
2026-05-13T16:56:07Z list
2026-05-13T16:57:46Z list
2026-05-13T16:59:28Z list
2026-05-13T17:01:13Z list
2026-05-13T17:02:53Z list
2026-05-13T17:04:35Z list
2026-05-13T17:06:17Z list
2026-05-13T17:07:59Z list
2026-05-13T17:09:44Z list
2026-05-13T17:11:31Z list
2026-05-13T17:13:14Z list
2026-05-13T17:14:55Z list
2026-05-13T17:16:35Z list
2026-05-13T17:18:17Z list
2026-05-13T17:19:58Z list
2026-05-13T17:21:37Z list
2026-05-13T17:23:20Z list
2026-05-13T17:25:01Z list
2026-05-13T17:26:40Z list
2026-05-13T17:28:23Z list
2026-05-13T17:30:03Z list
2026-05-13T17:31:42Z list
2026-05-13T17:33:22Z list
2026-05-13T17:35:08Z list
2026-05-13T17:36:48Z list
2026-05-13T17:38:27Z list
2026-05-13T17:40:11Z list
2026-05-13T17:41:52Z list
2026-05-13T17:43:37Z list
2026-05-13T17:45:26Z list
2026-05-13T17:47:10Z list
2026-05-13T17:48:51Z list
2026-05-13T17:50:33Z list
2026-05-13T17:52:17Z list
2026-05-13T17:54:03Z list
2026-05-13T17:55:49Z list
2026-05-13T17:57:33Z list
2026-05-13T17:59:13Z list
2026-05-13T18:00:57Z list
2026-05-13T18:02:41Z list
2026-05-13T18:04:22Z list
2026-05-13T18:06:07Z list
2026-05-13T18:07:54Z list
2026-05-13T18:09:36Z list
2026-05-13T18:11:17Z list
2026-05-13T18:13:00Z list
2026-05-13T18:14:41Z list
2026-05-13T18:16:21Z list
2026-05-13T18:18:08Z list
2026-05-13T18:19:52Z list
2026-05-13T18:21:36Z list
2026-05-13T18:23:21Z list
2026-05-13T18:25:01Z list
2026-05-13T18:26:44Z list
2026-05-13T18:28:27Z list
2026-05-13T18:30:11Z list
2026-05-13T18:31:52Z list
2026-05-13T18:33:33Z list
2026-05-13T18:35:18Z list
2026-05-13T18:37:04Z list
2026-05-13T18:38:44Z list
2026-05-13T18:40:30Z list
2026-05-13T18:42:13Z list
2026-05-13T18:43:59Z list
2026-05-13T18:45:47Z list
2026-05-13T18:47:30Z list
2026-05-13T18:49:10Z list
2026-05-13T18:50:53Z list
2026-05-13T18:52:38Z list
2026-05-13T18:54:23Z list
2026-05-13T18:56:08Z list
2026-05-13T18:57:52Z list
2026-05-13T18:59:32Z list
2026-05-13T19:01:14Z list
2026-05-13T19:03:00Z list
2026-05-13T19:04:44Z list
2026-05-13T19:06:26Z list
2026-05-13T19:08:14Z list
2026-05-13T19:09:57Z list
2026-05-13T19:11:42Z list
2026-05-13T19:13:27Z list
2026-05-13T19:15:11Z list
2026-05-13T19:16:53Z list
2026-05-13T19:18:40Z list
2026-05-13T19:20:23Z list
2026-05-13T19:22:08Z list
2026-05-13T19:23:51Z list
2026-05-13T19:25:34Z list
2026-05-13T19:27:21Z list
2026-05-13T19:29:07Z list
2026-05-13T19:30:55Z list
2026-05-13T19:32:36Z list
2026-05-13T19:34:15Z list
2026-05-13T19:35:57Z list
2026-05-13T19:37:37Z list
2026-05-13T19:39:20Z list
2026-05-13T19:41:02Z list
2026-05-13T19:42:43Z list
2026-05-13T19:44:22Z list
2026-05-13T19:46:04Z list
2026-05-13T19:47:47Z list
2026-05-13T19:49:26Z list
2026-05-13T19:51:05Z list
2026-05-13T19:52:50Z list
2026-05-13T19:54:35Z list
2026-05-13T19:56:25Z list
2026-05-13T19:58:12Z list
2026-05-13T19:59:56Z list
2026-05-13T20:01:43Z list
2026-05-13T20:03:33Z list
2026-05-13T20:05:28Z list
2026-05-13T20:07:51Z list
2026-05-13T20:10:27Z list
2026-05-13T20:12:22Z list
2026-05-13T20:14:11Z list
2026-05-13T20:15:58Z list
2026-05-13T20:17:40Z list
2026-05-13T20:19:22Z list
2026-05-13T20:21:07Z list
2026-05-13T20:22:51Z list
2026-05-13T20:24:34Z list
2026-05-13T20:26:20Z list
2026-05-13T20:28:05Z list
2026-05-13T20:29:47Z list
2026-05-13T20:31:33Z list
2026-05-13T20:33:19Z list
2026-05-13T20:35:03Z list
2026-05-13T20:36:49Z list
2026-05-13T20:38:38Z list
2026-05-13T20:40:26Z list
2026-05-13T20:42:09Z list
2026-05-13T20:43:52Z list
2026-05-13T20:45:32Z list
2026-05-13T20:47:12Z list
2026-05-13T20:48:55Z list
2026-05-13T20:50:36Z list
2026-05-13T20:52:20Z list
2026-05-13T20:54:06Z list
2026-05-13T20:55:47Z list
2026-05-13T20:57:28Z list
2026-05-13T20:59:14Z list
2026-05-13T21:01:02Z list
2026-05-13T21:02:43Z list
2026-05-13T21:04:26Z list
2026-05-13T21:06:10Z list
2026-05-13T21:07:50Z list
2026-05-13T21:09:30Z list
2026-05-13T21:11:19Z list
2026-05-13T21:13:05Z list
2026-05-13T21:14:51Z list
2026-05-13T21:16:36Z list
2026-05-13T21:18:15Z list
2026-05-13T21:19:54Z list
2026-05-13T21:21:36Z list
2026-05-13T21:23:16Z list
2026-05-13T21:24:55Z list
2026-05-13T21:26:35Z list
2026-05-13T21:28:18Z list
2026-05-13T21:29:58Z list
2026-05-13T21:31:38Z list
2026-05-13T21:33:21Z list
2026-05-13T21:35:01Z list
2026-05-13T21:36:40Z list
2026-05-13T21:38:23Z list
2026-05-13T21:40:03Z list
2026-05-13T21:41:46Z list
2026-05-13T21:43:27Z list
2026-05-13T21:45:09Z list
2026-05-13T21:46:55Z list
2026-05-13T21:48:39Z list
2026-05-13T21:50:25Z list
2026-05-13T21:52:04Z list
2026-05-13T21:53:45Z list
2026-05-13T21:55:28Z list
2026-05-13T21:57:09Z list
2026-05-13T21:58:50Z list
2026-05-13T22:00:36Z list
2026-05-13T22:02:19Z list
2026-05-13T22:04:00Z list
2026-05-13T22:05:43Z list
2026-05-13T22:07:28Z list
2026-05-13T22:09:09Z list
2026-05-13T22:10:50Z list
2026-05-13T22:12:39Z list
2026-05-13T22:14:20Z list
2026-05-13T22:16:01Z list
2026-05-13T22:17:45Z list
2026-05-13T22:19:26Z list
2026-05-13T22:21:12Z list
2026-05-13T22:23:02Z list
2026-05-13T22:24:53Z list
2026-05-13T22:26:40Z list
2026-05-13T22:28:26Z list
2026-05-13T22:30:07Z list
2026-05-13T22:31:48Z list
2026-05-13T22:33:34Z list
2026-05-13T22:35:16Z list
2026-05-13T22:36:59Z list
2026-05-13T22:38:46Z list
2026-05-13T22:40:32Z list
2026-05-13T22:42:13Z list
2026-05-13T22:43:57Z list
2026-05-13T22:45:41Z list
2026-05-13T22:47:21Z list
2026-05-13T22:49:01Z list
2026-05-13T22:50:44Z list
2026-05-13T22:52:25Z list
2026-05-13T22:54:06Z list
2026-05-13T22:55:53Z list
2026-05-13T22:57:38Z list
2026-05-13T22:59:23Z list
2026-05-13T23:01:09Z list
2026-05-13T23:02:51Z list
2026-05-13T23:05:04Z list
2026-05-13T23:06:51Z list
2026-05-13T23:08:33Z list
2026-05-13T23:10:13Z list
2026-05-13T23:11:58Z list
2026-05-13T23:13:40Z list
2026-05-13T23:15:25Z list
2026-05-13T23:17:08Z list
2026-05-13T23:18:53Z list
2026-05-13T23:20:34Z list
2026-05-13T23:22:14Z list
2026-05-13T23:23:58Z list
2026-05-13T23:25:39Z list
2026-05-13T23:27:20Z list
2026-05-13T23:29:03Z list
2026-05-13T23:30:48Z list
2026-05-13T23:32:33Z list
2026-05-13T23:34:20Z list
2026-05-13T23:36:05Z list
2026-05-13T23:37:45Z list
2026-05-13T23:39:30Z list
2026-05-13T23:41:13Z list
2026-05-13T23:42:53Z list
2026-05-13T23:44:34Z list
2026-05-13T23:46:22Z list
2026-05-13T23:48:02Z list
2026-05-13T23:49:42Z list
2026-05-13T23:51:25Z list
2026-05-13T23:53:05Z list
2026-05-13T23:54:46Z list
2026-05-13T23:56:29Z list
2026-05-13T23:58:10Z list
2026-05-13T23:59:49Z list
2026-05-14T00:01:32Z list
2026-05-14T00:03:16Z list
2026-05-14T00:04:59Z list
2026-05-14T00:06:45Z list
2026-05-14T00:08:32Z list
2026-05-14T00:10:14Z list
2026-05-14T00:11:53Z list
2026-05-14T00:13:35Z list
2026-05-14T00:15:15Z list
2026-05-14T00:16:59Z list
2026-05-14T00:18:42Z list
2026-05-14T00:20:22Z list
2026-05-14T00:22:01Z list
2026-05-14T00:23:44Z list
2026-05-14T00:25:24Z list
2026-05-14T00:27:03Z list
2026-05-14T00:28:43Z list
2026-05-14T00:30:26Z list
2026-05-14T00:32:06Z list
2026-05-14T00:33:45Z list
2026-05-14T00:35:28Z list
2026-05-14T00:37:08Z list
2026-05-14T00:38:47Z list
2026-05-14T00:40:35Z list
2026-05-14T00:42:19Z list
2026-05-14T00:43:59Z list
2026-05-14T00:45:40Z list
2026-05-14T00:47:25Z list
2026-05-14T00:49:03Z list
2026-05-14T00:50:43Z list
2026-05-14T00:52:26Z list
2026-05-14T00:54:07Z list
2026-05-14T00:55:47Z list
2026-05-14T00:57:30Z list
2026-05-14T00:59:10Z list
2026-05-14T01:00:50Z list
2026-05-14T01:02:35Z list
2026-05-14T01:04:17Z list
2026-05-14T01:05:57Z list
2026-05-14T01:07:39Z list
2026-05-14T01:09:23Z list
2026-05-14T01:11:03Z list
2026-05-14T01:12:43Z list
2026-05-14T01:14:29Z list
2026-05-14T01:16:14Z list
2026-05-14T01:18:02Z list
2026-05-14T01:19:44Z list
2026-05-14T01:21:23Z list
2026-05-14T01:23:01Z list
2026-05-14T01:24:44Z list
2026-05-14T01:26:25Z list
2026-05-14T01:28:03Z list
2026-05-14T01:29:44Z list
2026-05-14T01:31:27Z list
2026-05-14T01:33:06Z list
2026-05-14T01:34:45Z list
2026-05-14T01:36:27Z list
2026-05-14T01:38:07Z list
2026-05-14T01:39:46Z list
2026-05-14T01:41:29Z list
2026-05-14T01:43:09Z list
2026-05-14T01:44:47Z list
2026-05-14T01:46:29Z list
2026-05-14T01:48:16Z list
2026-05-14T01:50:05Z list
2026-05-14T01:51:49Z list
2026-05-14T01:53:35Z list
2026-05-14T01:55:16Z list
2026-05-14T01:56:56Z list
2026-05-14T01:58:41Z list
2026-05-14T02:00:23Z list
2026-05-14T02:02:03Z list
2026-05-14T02:03:47Z list
2026-05-14T02:05:28Z list
2026-05-14T02:07:08Z list
2026-05-14T02:08:53Z list
2026-05-14T02:10:35Z list
2026-05-14T02:12:15Z list
2026-05-14T02:13:58Z list
2026-05-14T02:15:43Z list
2026-05-14T02:17:24Z list
2026-05-14T02:19:07Z list
2026-05-14T02:20:49Z list
2026-05-14T02:22:29Z list
2026-05-14T02:24:13Z list
2026-05-14T02:26:00Z list
2026-05-14T02:27:43Z list
2026-05-14T02:29:22Z list
2026-05-14T02:31:02Z list
2026-05-14T02:32:47Z list
2026-05-14T02:34:27Z list
2026-05-14T02:36:06Z list
2026-05-14T02:37:48Z list
2026-05-14T02:39:28Z list
2026-05-14T02:41:07Z list
2026-05-14T02:42:50Z list
2026-05-14T02:44:29Z list
2026-05-14T02:46:08Z list
2026-05-14T02:47:50Z list
2026-05-14T02:49:35Z list
2026-05-14T02:51:14Z list
2026-05-14T02:52:53Z list
2026-05-14T02:54:38Z list
2026-05-14T02:56:19Z list
2026-05-14T02:58:00Z list
2026-05-14T02:59:49Z list
2026-05-14T03:01:35Z list
2026-05-14T03:03:17Z list
2026-05-14T03:05:01Z list
2026-05-14T03:06:41Z list
2026-05-14T03:08:20Z list
2026-05-14T03:10:04Z list
2026-05-14T03:11:47Z list
2026-05-14T03:13:27Z list
2026-05-14T03:15:06Z list
2026-05-14T03:16:49Z list
2026-05-14T03:18:29Z list
2026-05-14T03:20:12Z list
2026-05-14T03:21:54Z list
2026-05-14T03:23:34Z list
2026-05-14T03:25:13Z list
2026-05-14T03:26:56Z list
2026-05-14T03:28:36Z list
2026-05-14T03:30:15Z list
2026-05-14T03:31:55Z list
2026-05-14T03:33:43Z list
2026-05-14T03:35:27Z list
2026-05-14T03:37:10Z list
2026-05-14T03:38:53Z list
2026-05-14T03:40:32Z list
2026-05-14T03:42:11Z list
2026-05-14T03:43:54Z list
2026-05-14T03:45:34Z list
2026-05-14T03:47:13Z list
2026-05-14T03:48:56Z list
2026-05-14T03:50:42Z list
2026-05-14T03:52:21Z list
2026-05-14T03:54:02Z list
2026-05-14T03:55:46Z list
2026-05-14T03:57:26Z list
2026-05-14T03:59:05Z list
2026-05-14T04:00:50Z list
2026-05-14T04:02:32Z list
2026-05-14T04:04:12Z list
2026-05-14T04:05:55Z list
2026-05-14T04:07:38Z list
2026-05-14T04:09:24Z list
2026-05-14T04:11:13Z list
2026-05-14T04:12:54Z list
2026-05-14T04:14:34Z list
2026-05-14T04:16:13Z list
2026-05-14T04:17:56Z list
2026-05-14T04:19:35Z list
2026-05-14T04:21:17Z list
2026-05-14T04:23:00Z list
2026-05-14T04:24:39Z list
2026-05-14T04:26:18Z list
2026-05-14T04:28:03Z list
2026-05-14T04:29:44Z list
2026-05-14T04:31:22Z list
2026-05-14T04:33:03Z list
2026-05-14T04:34:46Z list
2026-05-14T04:36:27Z list
2026-05-14T04:38:06Z list
2026-05-14T04:39:49Z list
2026-05-14T04:41:29Z list
2026-05-14T04:43:15Z list
2026-05-14T04:45:02Z list
2026-05-14T04:46:44Z list
2026-05-14T04:48:23Z list
2026-05-14T04:50:05Z list
2026-05-14T04:51:48Z list
2026-05-14T04:53:27Z list
2026-05-14T04:55:07Z list
2026-05-14T04:56:51Z list
2026-05-14T04:58:31Z list
2026-05-14T05:00:13Z list
2026-05-14T05:02:00Z list
2026-05-14T05:03:41Z list
2026-05-14T05:05:21Z list
2026-05-14T05:07:06Z list
2026-05-14T05:08:46Z list
2026-05-14T05:10:26Z list
2026-05-14T05:12:10Z list
2026-05-14T05:13:50Z list
2026-05-14T05:15:30Z list
2026-05-14T05:17:13Z list
2026-05-14T05:19:00Z list
2026-05-14T05:20:44Z list
2026-05-14T05:22:28Z list
2026-05-14T05:24:10Z list
2026-05-14T05:25:49Z list
2026-05-14T05:27:28Z list
2026-05-14T05:29:10Z list
2026-05-14T05:30:50Z list
2026-05-14T05:32:29Z list
2026-05-14T05:34:12Z list
2026-05-14T05:35:54Z list
2026-05-14T05:37:33Z list
2026-05-14T05:39:12Z list
2026-05-14T05:40:55Z list
2026-05-14T05:42:35Z list
2026-05-14T05:44:14Z list
2026-05-14T05:45:57Z list
2026-05-14T05:47:37Z list
2026-05-14T05:49:16Z list
2026-05-14T05:51:00Z list
2026-05-14T05:52:52Z list
2026-05-14T05:54:37Z list
2026-05-14T05:56:19Z list
2026-05-14T05:58:03Z list
2026-05-14T05:59:41Z list
2026-05-14T06:01:20Z list
2026-05-14T06:03:04Z list
2026-05-14T06:04:45Z list
2026-05-14T06:06:25Z list
2026-05-14T06:08:07Z list
2026-05-14T06:09:49Z list
2026-05-14T06:11:29Z list
2026-05-14T06:13:12Z list
2026-05-14T06:14:54Z list
2026-05-14T06:16:32Z list
2026-05-14T06:18:13Z list
2026-05-14T06:19:56Z list
2026-05-14T06:21:36Z list
2026-05-14T06:23:21Z list
2026-05-14T06:25:03Z list
2026-05-14T06:26:47Z list
2026-05-14T06:28:30Z list
2026-05-14T06:30:18Z list
2026-05-14T06:31:58Z list
2026-05-14T06:33:36Z list
2026-05-14T06:35:19Z list
2026-05-14T06:37:00Z list
2026-05-14T06:38:39Z list
2026-05-14T06:40:19Z list
2026-05-14T06:42:01Z list
2026-05-14T06:43:41Z list
2026-05-14T06:45:20Z list
2026-05-14T06:47:02Z list
2026-05-14T06:48:43Z list
2026-05-14T06:50:23Z list
2026-05-14T06:52:06Z list
2026-05-14T06:53:51Z list
2026-05-14T06:55:32Z list
2026-05-14T06:57:12Z list
2026-05-14T06:58:56Z list
2026-05-14T07:00:41Z list
2026-05-14T07:02:31Z list
2026-05-14T07:04:19Z list
2026-05-14T07:06:02Z list
2026-05-14T07:07:44Z list
2026-05-14T07:09:26Z list
2026-05-14T07:11:06Z list
2026-05-14T07:12:45Z list
2026-05-14T07:14:28Z list
2026-05-14T07:16:09Z list
2026-05-14T07:17:48Z list
2026-05-14T07:19:28Z list
2026-05-14T07:21:10Z list
2026-05-14T07:22:50Z list
2026-05-14T07:24:33Z list
2026-05-14T07:26:15Z list
2026-05-14T07:27:54Z list
2026-05-14T07:29:33Z list
2026-05-14T07:31:17Z list
2026-05-14T07:32:59Z list
2026-05-14T07:34:38Z list
2026-05-14T07:36:22Z list
2026-05-14T07:38:10Z list
2026-05-14T07:39:54Z list
2026-05-14T07:41:34Z list
2026-05-14T07:43:15Z list
2026-05-14T07:44:54Z list
2026-05-14T07:46:33Z list
2026-05-14T07:48:16Z list
2026-05-14T07:49:55Z list
2026-05-14T07:51:34Z list
2026-05-14T07:53:16Z list
2026-05-14T07:55:03Z list
2026-05-14T07:56:43Z list
2026-05-14T07:58:23Z list
2026-05-14T08:00:08Z list
2026-05-14T08:01:58Z list
2026-05-14T08:03:44Z list
2026-05-14T08:05:27Z list
2026-05-14T08:07:07Z list
2026-05-14T08:08:46Z list
2026-05-14T08:10:32Z list
2026-05-14T08:12:16Z list
2026-05-14T08:13:59Z list
2026-05-14T08:15:45Z list
2026-05-14T08:17:24Z list
2026-05-14T08:19:03Z list
2026-05-14T08:20:43Z list
2026-05-14T08:22:26Z list
2026-05-14T08:24:05Z list
2026-05-14T08:25:48Z list
2026-05-14T08:27:31Z list
2026-05-14T08:29:10Z list
2026-05-14T08:30:50Z list
2026-05-14T08:32:32Z list
2026-05-14T08:34:12Z list
2026-05-14T08:35:51Z list
2026-05-14T08:37:32Z list
2026-05-14T08:39:13Z list
2026-05-14T08:40:53Z list
2026-05-14T08:42:32Z list
2026-05-14T08:44:15Z list
2026-05-14T08:46:01Z list
2026-05-14T08:47:44Z list
2026-05-14T08:49:28Z list
2026-05-14T08:51:07Z list
2026-05-14T08:52:45Z list
2026-05-14T08:54:28Z list
2026-05-14T08:56:11Z list
2026-05-14T08:57:51Z list
2026-05-14T08:59:32Z list
2026-05-14T09:01:14Z list
2026-05-14T09:02:54Z list
2026-05-14T09:04:39Z list
2026-05-14T09:06:25Z list
2026-05-14T09:08:10Z list
2026-05-14T09:09:55Z list
2026-05-14T09:11:40Z list
2026-05-14T09:13:25Z list
2026-05-14T09:15:10Z list
2026-05-14T09:16:55Z list
2026-05-14T09:18:40Z list
2026-05-14T09:20:30Z list
2026-05-14T09:22:18Z list
2026-05-14T09:23:58Z list
2026-05-14T09:25:37Z list
2026-05-14T09:27:24Z list
2026-05-14T09:29:04Z list
2026-05-14T09:30:43Z list
2026-05-14T09:32:22Z list
2026-05-14T09:34:06Z list
2026-05-14T09:35:46Z list
2026-05-14T09:37:26Z list
2026-05-14T09:39:08Z list
2026-05-14T09:40:48Z list
2026-05-14T09:42:27Z list
2026-05-14T09:44:10Z list
2026-05-14T09:45:50Z list
2026-05-14T09:47:29Z list
2026-05-14T09:49:09Z list
2026-05-14T09:50:52Z list
2026-05-14T09:52:32Z list
2026-05-14T09:54:13Z list
2026-05-14T09:56:01Z list
2026-05-14T09:57:50Z list
2026-05-14T09:59:31Z list
2026-05-14T10:01:13Z list
2026-05-14T10:02:53Z list
2026-05-14T10:04:33Z list
2026-05-14T10:06:17Z list
2026-05-14T10:08:03Z list
2026-05-14T10:09:43Z list
2026-05-14T10:11:23Z list
2026-05-14T10:13:07Z list
2026-05-14T10:14:48Z list
2026-05-14T10:16:28Z list
2026-05-14T10:18:10Z list
2026-05-14T10:19:50Z list
2026-05-14T10:21:29Z list
2026-05-14T10:23:11Z list
2026-05-14T10:24:50Z list
2026-05-14T10:26:30Z list
2026-05-14T10:28:17Z list
2026-05-14T10:30:05Z list
2026-05-14T10:31:48Z list
2026-05-14T10:33:30Z list
2026-05-14T10:35:13Z list
2026-05-14T10:36:51Z list
2026-05-14T10:38:30Z list
2026-05-14T10:40:12Z list
2026-05-14T10:41:52Z list
2026-05-14T10:43:31Z list
2026-05-14T10:45:14Z list
2026-05-14T10:46:56Z list
2026-05-14T10:48:35Z list
2026-05-14T10:50:16Z list
2026-05-14T10:52:00Z list
2026-05-14T10:53:42Z list
2026-05-14T10:55:22Z list
2026-05-14T10:57:08Z list
2026-05-14T10:58:52Z list
2026-05-14T11:00:33Z list
2026-05-14T11:02:18Z list
2026-05-14T11:04:07Z list
2026-05-14T11:05:52Z list
2026-05-14T11:07:40Z list
2026-05-14T11:09:20Z list
2026-05-14T11:10:59Z list
2026-05-14T11:12:42Z list
2026-05-14T11:14:23Z list
2026-05-14T11:16:02Z list
2026-05-14T11:17:44Z list
2026-05-14T11:19:28Z list
2026-05-14T11:21:07Z list
2026-05-14T11:22:46Z list
2026-05-14T11:24:28Z list
2026-05-14T11:26:08Z list
2026-05-14T11:27:48Z list
2026-05-14T11:29:36Z list
2026-05-14T11:31:17Z list
2026-05-14T11:32:56Z list
2026-05-14T11:34:40Z list
2026-05-14T11:36:24Z list
2026-05-14T11:38:05Z list
2026-05-14T11:39:51Z list
2026-05-14T11:41:38Z list
2026-05-14T11:43:18Z list
2026-05-14T11:44:57Z list
2026-05-14T11:46:38Z list
2026-05-14T11:48:17Z list
2026-05-14T11:49:56Z list
2026-05-14T11:51:39Z list
2026-05-14T11:53:24Z list
2026-05-14T11:55:05Z list
2026-05-14T11:56:52Z list
2026-05-14T11:58:37Z list
2026-05-14T12:00:22Z list
2026-05-14T12:02:03Z list
2026-05-14T12:03:47Z list
2026-05-14T12:05:29Z list
2026-05-14T12:07:09Z list
2026-05-14T12:08:55Z list
2026-05-14T12:10:36Z list
2026-05-14T12:12:16Z list
2026-05-14T12:14:06Z list
2026-05-14T12:15:51Z list
2026-05-14T12:17:32Z list
2026-05-14T12:19:17Z list
2026-05-14T12:20:56Z list
2026-05-14T12:22:35Z list
2026-05-14T12:24:15Z list
2026-05-14T12:25:58Z list
2026-05-14T12:27:38Z list
2026-05-14T12:29:17Z list
2026-05-14T12:31:03Z list
2026-05-14T12:32:42Z list
2026-05-14T12:34:21Z list
2026-05-14T12:36:04Z list
2026-05-14T12:37:44Z list
2026-05-14T12:39:23Z list
2026-05-14T12:41:04Z list
2026-05-14T12:42:47Z list
2026-05-14T12:44:25Z list
2026-05-14T12:46:05Z list
2026-05-14T12:47:51Z list
2026-05-14T12:49:37Z list
2026-05-14T12:51:21Z list
2026-05-14T12:53:13Z list
2026-05-14T12:54:59Z list
2026-05-14T12:56:40Z list
2026-05-14T12:58:19Z list
2026-05-14T13:00:06Z list
2026-05-14T13:01:50Z list
2026-05-14T13:03:30Z list
2026-05-14T13:05:14Z list
2026-05-14T13:06:56Z list
2026-05-14T13:08:36Z list
2026-05-14T13:10:20Z list
2026-05-14T13:12:01Z list
2026-05-14T13:13:41Z list
2026-05-14T13:15:22Z list
2026-05-14T13:17:04Z list
2026-05-14T13:18:44Z list
2026-05-14T13:20:23Z list
2026-05-14T13:22:07Z list
2026-05-14T13:23:53Z list
2026-05-14T13:25:37Z list
2026-05-14T13:27:21Z list
2026-05-14T13:29:00Z list
2026-05-14T13:30:38Z list
2026-05-14T13:32:24Z list
2026-05-14T13:34:04Z list
2026-05-14T13:35:43Z list
2026-05-14T13:37:23Z list
2026-05-14T13:39:06Z list
2026-05-14T13:40:45Z list
2026-05-14T13:42:23Z list
2026-05-14T13:44:06Z list
2026-05-14T13:45:46Z list
2026-05-14T13:47:24Z list
2026-05-14T13:49:07Z list
2026-05-14T13:50:47Z list
2026-05-14T13:52:25Z list
2026-05-14T13:54:10Z list
2026-05-14T13:55:55Z list
2026-05-14T13:57:39Z list
2026-05-14T13:59:25Z list
2026-05-14T14:01:13Z list
2026-05-14T14:02:58Z list
2026-05-14T14:04:40Z list
2026-05-14T14:06:28Z list
2026-05-14T14:08:13Z list
2026-05-14T14:09:53Z list
2026-05-14T14:11:36Z list
2026-05-14T14:13:17Z list
2026-05-14T14:14:56Z list
2026-05-14T14:16:37Z list
2026-05-14T14:18:19Z list
2026-05-14T14:19:58Z list
2026-05-14T14:21:38Z list
2026-05-14T14:23:21Z list
2026-05-14T14:25:02Z list
2026-05-14T14:26:46Z list
2026-05-14T14:28:31Z list
2026-05-14T14:30:12Z list
2026-05-14T14:31:55Z list
2026-05-14T14:33:48Z list
2026-05-14T14:35:35Z list
2026-05-14T14:37:17Z list
2026-05-14T14:39:06Z list
2026-05-14T14:40:56Z list
2026-05-14T14:42:48Z list
2026-05-14T14:44:39Z list
2026-05-14T14:46:24Z list
2026-05-14T14:48:04Z list
2026-05-14T14:49:46Z list
2026-05-14T14:51:36Z list
2026-05-14T14:53:22Z list
2026-05-14T14:55:10Z list
2026-05-14T14:56:56Z list
2026-05-14T14:58:40Z list
2026-05-14T15:00:25Z list
2026-05-14T15:02:13Z list
2026-05-14T15:04:02Z list
2026-05-14T15:05:44Z list
2026-05-14T15:07:36Z list
2026-05-14T15:09:25Z list
2026-05-14T15:11:08Z list
2026-05-14T15:12:52Z list
2026-05-14T15:14:32Z list
2026-05-14T15:16:11Z list
2026-05-14T15:17:55Z list
2026-05-14T15:19:35Z list
2026-05-14T15:21:15Z list
2026-05-14T15:22:57Z list
2026-05-14T15:24:41Z list
2026-05-14T15:26:21Z list
2026-05-14T15:28:00Z list
2026-05-14T15:29:43Z list
2026-05-14T15:31:24Z list
2026-05-14T15:33:03Z list
2026-05-14T15:34:50Z list
2026-05-14T15:36:31Z list
2026-05-14T15:38:10Z list
2026-05-14T15:39:51Z list
2026-05-14T15:41:37Z list
2026-05-14T15:43:21Z list
2026-05-14T15:45:10Z list
2026-05-14T15:46:55Z list
2026-05-14T15:48:34Z list
2026-05-14T15:50:13Z list
2026-05-14T15:51:56Z list
2026-05-14T15:53:36Z list
2026-05-14T15:55:19Z list
2026-05-14T15:57:04Z list
2026-05-14T15:58:46Z list
2026-05-14T16:00:26Z list
2026-05-14T16:02:11Z list
2026-05-14T16:03:54Z list
2026-05-14T16:05:39Z list
2026-05-14T16:07:20Z list
2026-05-14T16:09:09Z list
2026-05-14T16:10:50Z list
2026-05-14T16:12:32Z list
2026-05-14T16:14:16Z list
2026-05-14T16:16:00Z list
2026-05-14T16:17:45Z list
2026-05-14T16:19:33Z list
2026-05-14T16:21:15Z list
2026-05-14T16:22:54Z list
2026-05-14T16:24:38Z list
2026-05-14T16:26:22Z list
2026-05-14T16:28:13Z list
2026-05-14T16:30:03Z list
2026-05-14T16:31:49Z list
2026-05-14T16:33:36Z list
2026-05-14T16:35:23Z list
2026-05-14T16:37:17Z list
2026-05-14T16:38:58Z list
2026-05-14T16:40:39Z list
2026-05-14T16:42:23Z list
2026-05-14T16:44:07Z list
2026-05-14T16:45:51Z list
2026-05-14T16:47:38Z list
2026-05-14T16:49:19Z list
2026-05-14T16:51:02Z list
2026-05-14T16:52:51Z list
2026-05-14T16:54:37Z list
2026-05-14T16:56:21Z list
2026-05-14T16:58:04Z list
2026-05-14T16:59:46Z list
2026-05-14T17:01:32Z list
2026-05-14T17:03:19Z list
2026-05-14T17:05:01Z list
2026-05-14T17:06:41Z list
2026-05-14T17:08:31Z list
2026-05-14T17:10:16Z list
2026-05-14T17:11:59Z list
2026-05-14T17:13:47Z list
2026-05-14T17:15:37Z list
2026-05-14T17:17:30Z list
2026-05-14T17:19:19Z list
2026-05-14T17:21:14Z list
2026-05-14T17:23:03Z list
2026-05-14T17:24:50Z list
2026-05-14T17:26:41Z list
2026-05-14T17:28:29Z list
2026-05-14T17:30:18Z list
2026-05-14T17:32:11Z list
2026-05-14T17:33:59Z list
2026-05-14T17:35:47Z list
2026-05-14T17:37:36Z list
2026-05-14T17:39:29Z list
2026-05-14T17:41:17Z list
2026-05-14T17:43:06Z list
2026-05-14T17:44:52Z list
2026-05-14T17:46:34Z list
2026-05-14T17:48:19Z list
2026-05-14T17:50:02Z list
2026-05-14T17:51:44Z list
2026-05-14T17:53:29Z list
2026-05-14T17:55:12Z list
2026-05-14T17:57:02Z list
2026-05-14T17:58:52Z list
2026-05-14T18:00:39Z list
2026-05-14T18:02:28Z list
2026-05-14T18:04:18Z list
2026-05-14T18:06:07Z list
2026-05-14T18:07:57Z list
2026-05-14T18:09:54Z list
2026-05-14T18:11:42Z list
2026-05-14T18:13:35Z list
2026-05-14T18:15:25Z list
2026-05-14T18:17:13Z list
2026-05-14T18:18:58Z list
2026-05-14T18:20:47Z list
2026-05-14T18:22:36Z list
2026-05-14T18:24:25Z list
2026-05-14T18:26:16Z list
2026-05-14T18:28:06Z list
2026-05-14T18:29:53Z list
2026-05-14T18:31:37Z list
2026-05-14T18:33:23Z list
2026-05-14T18:35:07Z list
2026-05-14T18:36:50Z list
2026-05-14T18:38:35Z list
2026-05-14T18:40:22Z list
2026-05-14T18:42:04Z list
2026-05-14T18:43:51Z list
2026-05-14T18:45:35Z list
2026-05-14T18:47:18Z list
2026-05-14T18:49:07Z list
2026-05-14T18:50:54Z list
2026-05-14T18:52:39Z list
2026-05-14T18:54:22Z list
2026-05-14T18:56:11Z list
2026-05-14T18:57:56Z list
2026-05-14T18:59:42Z list
2026-05-14T19:01:32Z list
2026-05-14T19:03:17Z list
2026-05-14T19:05:00Z list
2026-05-14T19:06:46Z list
2026-05-14T19:08:40Z list
2026-05-14T19:10:33Z list
2026-05-14T19:12:36Z list
2026-05-14T19:14:24Z list
2026-05-14T19:16:08Z list
2026-05-14T19:17:55Z list
2026-05-14T19:19:41Z list
2026-05-14T19:21:28Z list
2026-05-14T19:23:19Z list
2026-05-14T19:25:06Z list
2026-05-14T19:26:50Z list
2026-05-14T19:28:37Z list
2026-05-14T19:30:21Z list
2026-05-14T19:32:04Z list
2026-05-14T19:33:50Z list
2026-05-14T19:35:34Z list
2026-05-14T19:37:17Z list
2026-05-14T19:39:02Z list
2026-05-14T19:40:50Z list
2026-05-14T19:42:33Z list
2026-05-14T19:44:21Z list
2026-05-14T19:46:07Z list
2026-05-14T19:47:49Z list
2026-05-14T19:49:34Z list
2026-05-14T19:51:21Z list
2026-05-14T19:53:04Z list
2026-05-14T19:54:46Z list
2026-05-14T19:56:32Z list
2026-05-14T19:58:22Z list
2026-05-14T20:00:09Z list
2026-05-14T20:01:57Z list
2026-05-14T20:03:42Z list
2026-05-14T20:05:30Z list
2026-05-14T20:07:21Z list
2026-05-14T20:09:05Z list
2026-05-14T20:10:52Z list
2026-05-14T20:12:39Z list
2026-05-14T20:14:23Z list
2026-05-14T20:16:06Z list
2026-05-14T20:17:52Z list
2026-05-14T20:19:33Z list
2026-05-14T20:21:16Z list
2026-05-14T20:23:02Z list
2026-05-14T20:24:46Z list
2026-05-14T20:26:29Z list
2026-05-14T20:28:14Z list
2026-05-14T20:29:57Z list
2026-05-14T20:31:41Z list
2026-05-14T20:33:27Z list
2026-05-14T20:35:15Z list
2026-05-14T20:37:11Z list
2026-05-14T20:39:06Z list
2026-05-14T20:41:01Z list
2026-05-14T20:42:46Z list
2026-05-14T20:44:30Z list
2026-05-14T20:46:18Z list
2026-05-14T20:48:05Z list
2026-05-14T20:49:49Z list
2026-05-14T20:51:35Z list
2026-05-14T20:53:19Z list
2026-05-14T20:55:03Z list
2026-05-14T20:56:49Z list
2026-05-14T20:58:39Z list
2026-05-14T21:00:25Z list
2026-05-14T21:02:16Z list
2026-05-14T21:04:05Z list
2026-05-14T21:05:52Z list
2026-05-14T21:07:40Z list
2026-05-14T21:09:26Z list
2026-05-14T21:11:16Z list
2026-05-14T21:13:09Z list
2026-05-14T21:14:58Z list
2026-05-14T21:16:44Z list
2026-05-14T21:18:34Z list
2026-05-14T21:20:25Z list
2026-05-14T21:22:19Z list
2026-05-14T21:24:09Z list
2026-05-14T21:25:54Z list
2026-05-14T21:27:41Z list
2026-05-14T21:29:29Z list
2026-05-14T21:31:15Z list
2026-05-14T21:33:00Z list
2026-05-14T21:34:47Z list
2026-05-14T21:36:32Z list
2026-05-14T21:38:16Z list
2026-05-14T21:40:04Z list
2026-05-14T21:41:55Z list
2026-05-14T21:43:39Z list
2026-05-14T21:45:26Z list
2026-05-14T21:47:13Z list
2026-05-14T21:49:02Z list
2026-05-14T21:50:53Z list
2026-05-14T21:52:40Z list
2026-05-14T21:54:28Z list
2026-05-14T21:56:16Z list
2026-05-14T21:58:01Z list
2026-05-14T21:59:51Z list
2026-05-14T22:01:38Z list
2026-05-14T22:03:22Z list
2026-05-14T22:05:04Z list
2026-05-14T22:06:51Z list
2026-05-14T22:08:34Z list
2026-05-14T22:10:16Z list
2026-05-14T22:12:06Z list
2026-05-14T22:13:50Z list
2026-05-14T22:15:35Z list
2026-05-14T22:17:22Z list
2026-05-14T22:19:06Z list
2026-05-14T22:20:51Z list
2026-05-14T22:22:37Z list
2026-05-14T22:24:22Z list
2026-05-14T22:26:06Z list
2026-05-14T22:27:49Z list
2026-05-14T22:29:37Z list
2026-05-14T22:31:20Z list
2026-05-14T22:33:06Z list
2026-05-14T22:34:57Z list
2026-05-14T22:36:45Z list
2026-05-14T22:38:31Z list
2026-05-14T22:40:19Z list
2026-05-14T22:42:07Z list
2026-05-14T22:43:50Z list
2026-05-14T22:45:37Z list
2026-05-14T22:47:22Z list
2026-05-14T22:49:05Z list
2026-05-14T22:50:52Z list
2026-05-14T22:52:36Z list
2026-05-14T22:54:19Z list
2026-05-14T22:56:05Z list
2026-05-14T22:57:49Z list
2026-05-14T22:59:39Z list
2026-05-14T23:01:27Z list
2026-05-14T23:03:10Z list
2026-05-14T23:04:52Z list
2026-05-14T23:06:37Z list
2026-05-14T23:08:20Z list
2026-05-14T23:10:03Z list
2026-05-14T23:11:51Z list
2026-05-14T23:13:39Z list
2026-05-14T23:15:23Z list
2026-05-14T23:17:10Z list
2026-05-14T23:18:55Z list
2026-05-14T23:20:39Z list
2026-05-14T23:22:24Z list
2026-05-14T23:24:12Z list
2026-05-14T23:25:59Z list
2026-05-14T23:27:42Z list
2026-05-14T23:29:30Z list
2026-05-14T23:31:19Z list
2026-05-14T23:33:03Z list
2026-05-14T23:34:49Z list
2026-05-14T23:36:37Z list
2026-05-14T23:38:27Z list
2026-05-14T23:40:15Z list
2026-05-14T23:42:01Z list
2026-05-14T23:43:49Z list
2026-05-14T23:45:35Z list
2026-05-14T23:47:18Z list
2026-05-14T23:49:03Z list
2026-05-14T23:50:52Z list
2026-05-14T23:52:44Z list
2026-05-14T23:54:34Z list
2026-05-14T23:56:22Z list
2026-05-14T23:58:05Z list
2026-05-14T23:59:48Z list
2026-05-15T00:01:38Z list
2026-05-15T00:03:22Z list
2026-05-15T00:05:04Z list
2026-05-15T00:06:51Z list
2026-05-15T00:08:35Z list
2026-05-15T00:10:18Z list
2026-05-15T00:12:02Z list
2026-05-15T00:13:45Z list
2026-05-15T00:15:32Z list
2026-05-15T00:17:15Z list
2026-05-15T00:19:01Z list
2026-05-15T00:20:43Z list
2026-05-15T00:22:26Z list
2026-05-15T00:24:11Z list
2026-05-15T00:25:54Z list
2026-05-15T00:27:37Z list
2026-05-15T00:29:22Z list
2026-05-15T00:31:07Z list
2026-05-15T00:32:50Z list
2026-05-15T00:34:36Z list
2026-05-15T00:36:20Z list
2026-05-15T00:38:02Z list
2026-05-15T00:39:48Z list
2026-05-15T00:41:36Z list
2026-05-15T00:43:24Z list
2026-05-15T00:45:10Z list
2026-05-15T00:46:58Z list
2026-05-15T00:48:41Z list
2026-05-15T00:50:29Z list
2026-05-15T00:52:15Z list
2026-05-15T00:54:03Z list
2026-05-15T00:55:50Z list
2026-05-15T00:57:36Z list
2026-05-15T00:59:18Z list
2026-05-15T01:01:09Z list
2026-05-15T01:02:58Z list
2026-05-15T01:04:41Z list
2026-05-15T01:06:24Z list
2026-05-15T01:08:13Z list
2026-05-15T01:10:00Z list
2026-05-15T01:11:49Z list
2026-05-15T01:13:35Z list
2026-05-15T01:15:20Z list
2026-05-15T01:17:06Z list
2026-05-15T01:18:55Z list
2026-05-15T01:20:39Z list
2026-05-15T01:22:29Z list
2026-05-15T01:24:23Z list
2026-05-15T01:26:12Z list
2026-05-15T01:27:56Z list
2026-05-15T01:29:44Z list
2026-05-15T01:31:31Z list
2026-05-15T01:33:17Z list
2026-05-15T01:35:03Z list
2026-05-15T01:36:48Z list
2026-05-15T01:38:31Z list
2026-05-15T01:40:19Z list
2026-05-15T01:42:03Z list
2026-05-15T01:43:46Z list
2026-05-15T01:45:35Z list
2026-05-15T01:47:24Z list
2026-05-15T01:49:09Z list
2026-05-15T01:50:57Z list
2026-05-15T01:52:43Z list
2026-05-15T01:54:29Z list
2026-05-15T01:56:15Z list
2026-05-15T01:58:02Z list
2026-05-15T01:59:43Z list
2026-05-15T02:01:27Z list
2026-05-15T02:03:12Z list
2026-05-15T02:04:53Z list
2026-05-15T02:06:33Z list
2026-05-15T02:08:16Z list
2026-05-15T02:09:57Z list
2026-05-15T02:11:38Z list
2026-05-15T02:13:22Z list
2026-05-15T02:15:05Z list
2026-05-15T02:16:46Z list
2026-05-15T02:18:30Z list
2026-05-15T02:20:15Z list
2026-05-15T02:21:55Z list
2026-05-15T02:23:38Z list
2026-05-15T02:25:27Z list
2026-05-15T02:27:13Z list
2026-05-15T02:28:54Z list
2026-05-15T02:30:37Z list
2026-05-15T02:32:18Z list
2026-05-15T02:33:57Z list
2026-05-15T02:35:41Z list
2026-05-15T02:37:22Z list
2026-05-15T02:39:02Z list
2026-05-15T02:40:44Z list
2026-05-15T02:42:27Z list
2026-05-15T02:44:07Z list
2026-05-15T02:45:48Z list
2026-05-15T02:47:33Z list
2026-05-15T02:49:18Z list
2026-05-15T02:50:59Z list
2026-05-15T02:52:42Z list
2026-05-15T02:54:24Z list
2026-05-15T02:56:05Z list
2026-05-15T02:57:49Z list
2026-05-15T02:59:37Z list
2026-05-15T03:01:22Z list
2026-05-15T03:03:11Z list
2026-05-15T03:04:56Z list
2026-05-15T03:06:37Z list
2026-05-15T03:08:22Z list
2026-05-15T03:10:02Z list
2026-05-15T03:11:43Z list
2026-05-15T03:13:24Z list
2026-05-15T03:15:09Z list
2026-05-15T03:16:49Z list
2026-05-15T03:18:30Z list
2026-05-15T03:20:17Z list
2026-05-15T03:22:00Z list
2026-05-15T03:23:40Z list
2026-05-15T03:25:24Z list
2026-05-15T03:27:05Z list
2026-05-15T03:28:46Z list
2026-05-15T03:30:31Z list
2026-05-15T03:32:12Z list
2026-05-15T03:33:59Z list
2026-05-15T03:35:48Z list
2026-05-15T03:37:32Z list
2026-05-15T03:39:13Z list
2026-05-15T03:40:54Z list
2026-05-15T03:42:38Z list
2026-05-15T03:44:18Z list
2026-05-15T03:45:58Z list
2026-05-15T03:47:42Z list
2026-05-15T03:49:23Z list
2026-05-15T03:51:09Z list
2026-05-15T03:52:56Z list
2026-05-15T03:54:39Z list
2026-05-15T03:56:20Z list
2026-05-15T03:58:04Z list
2026-05-15T03:59:47Z list
2026-05-15T04:01:29Z list
2026-05-15T04:03:18Z list
2026-05-15T04:05:03Z list
2026-05-15T04:06:51Z list
2026-05-15T04:08:39Z list
2026-05-15T04:10:29Z list
2026-05-15T04:12:16Z list
2026-05-15T04:13:59Z list
2026-05-15T04:15:43Z list
2026-05-15T04:17:24Z list
2026-05-15T04:19:05Z list
2026-05-15T04:20:48Z list
2026-05-15T04:22:34Z list
2026-05-15T04:24:15Z list
2026-05-15T04:25:59Z list
2026-05-15T04:27:41Z list
2026-05-15T04:29:22Z list
2026-05-15T04:31:04Z list
2026-05-15T04:32:47Z list
2026-05-15T04:34:28Z list
2026-05-15T04:36:10Z list
2026-05-15T04:37:55Z list
2026-05-15T04:39:36Z list
2026-05-15T04:41:17Z list
2026-05-15T04:43:02Z list
2026-05-15T04:44:49Z list
2026-05-15T04:46:35Z list
2026-05-15T04:48:22Z list
2026-05-15T04:50:03Z list
2026-05-15T04:51:44Z list
2026-05-15T04:53:32Z list
2026-05-15T04:55:15Z list
2026-05-15T04:56:56Z list
2026-05-15T04:58:41Z list
2026-05-15T05:00:24Z list
2026-05-15T05:02:05Z list
2026-05-15T05:03:53Z list
2026-05-15T05:05:40Z list
2026-05-15T05:07:23Z list
2026-05-15T05:09:05Z list
2026-05-15T05:10:52Z list
2026-05-15T05:12:36Z list
2026-05-15T05:14:18Z list
2026-05-15T05:16:01Z list
2026-05-15T05:17:41Z list
2026-05-15T05:19:23Z list
2026-05-15T05:21:12Z list
2026-05-15T05:22:55Z list
2026-05-15T05:24:39Z list
2026-05-15T05:26:23Z list
2026-05-15T05:28:04Z list
2026-05-15T05:29:44Z list
2026-05-15T05:31:26Z list
2026-05-15T05:33:09Z list
2026-05-15T05:34:49Z list
2026-05-15T05:36:29Z list
2026-05-15T05:38:13Z list
2026-05-15T05:39:54Z list
2026-05-15T05:41:34Z list
2026-05-15T05:43:17Z list
2026-05-15T05:44:58Z list
2026-05-15T05:46:38Z list
2026-05-15T05:48:21Z list
2026-05-15T05:50:03Z list
2026-05-15T05:51:43Z list
2026-05-15T05:53:28Z list
2026-05-15T05:55:22Z list
2026-05-15T05:57:08Z list
2026-05-15T05:58:53Z list
2026-05-15T06:00:36Z list
2026-05-15T06:02:15Z list
2026-05-15T06:03:56Z list
2026-05-15T06:05:42Z list
2026-05-15T06:07:24Z list
2026-05-15T06:09:07Z list
2026-05-15T06:10:52Z list
2026-05-15T06:12:35Z list
2026-05-15T06:14:23Z list
2026-05-15T06:16:13Z list
2026-05-15T06:17:55Z list
2026-05-15T06:19:35Z list
2026-05-15T06:21:20Z list
2026-05-15T06:23:04Z list
2026-05-15T06:24:45Z list
2026-05-15T06:26:33Z list
2026-05-15T06:28:21Z list
2026-05-15T06:30:05Z list
2026-05-15T06:31:53Z list
2026-05-15T06:33:37Z list
2026-05-15T06:35:17Z list
2026-05-15T06:36:57Z list
2026-05-15T06:38:41Z list
2026-05-15T06:40:21Z list
2026-05-15T06:42:01Z list
2026-05-15T06:43:45Z list
2026-05-15T06:45:25Z list
2026-05-15T06:47:05Z list
2026-05-15T06:48:50Z list
2026-05-15T06:50:31Z list
2026-05-15T06:52:11Z list
2026-05-15T06:53:53Z list
2026-05-15T06:55:36Z list
2026-05-15T06:57:20Z list
2026-05-15T06:59:00Z list
2026-05-15T07:00:45Z list
2026-05-15T07:02:33Z list
2026-05-15T07:04:20Z list
2026-05-15T07:06:09Z list
2026-05-15T07:07:51Z list
2026-05-15T07:09:30Z list
2026-05-15T07:11:13Z list
2026-05-15T07:12:55Z list
2026-05-15T07:14:36Z list
2026-05-15T07:16:23Z list
2026-05-15T07:18:13Z list
2026-05-15T07:19:55Z list
2026-05-15T07:21:37Z list
2026-05-15T07:23:17Z list
2026-05-15T07:24:57Z list
2026-05-15T07:26:39Z list
2026-05-15T07:28:26Z list
2026-05-15T07:30:06Z list
2026-05-15T07:31:46Z list
2026-05-15T07:33:29Z list
2026-05-15T07:35:10Z list
2026-05-15T07:36:50Z list
2026-05-15T07:38:40Z list
2026-05-15T07:40:25Z list
2026-05-15T07:42:06Z list
2026-05-15T07:43:49Z list
2026-05-15T07:45:29Z list
2026-05-15T07:47:08Z list
2026-05-15T07:48:49Z list
2026-05-15T07:50:31Z list
2026-05-15T07:52:11Z list
2026-05-15T07:53:51Z list
2026-05-15T07:55:35Z list
2026-05-15T07:57:15Z list
2026-05-15T07:58:59Z list
2026-05-15T08:00:43Z list
2026-05-15T08:02:23Z list
2026-05-15T08:04:03Z list
2026-05-15T08:05:50Z list
2026-05-15T08:07:40Z list
2026-05-15T08:09:21Z list
2026-05-15T08:11:06Z list
2026-05-15T08:12:54Z list
2026-05-15T08:14:39Z list
2026-05-15T08:16:26Z list
2026-05-15T08:18:08Z list
2026-05-15T08:19:52Z list
2026-05-15T08:21:37Z list
2026-05-15T08:23:22Z list
2026-05-15T08:25:04Z list
2026-05-15T08:26:48Z list
2026-05-15T08:28:34Z list
2026-05-15T08:30:20Z list
2026-05-15T08:32:02Z list
2026-05-15T08:33:48Z list
2026-05-15T08:35:31Z list
2026-05-15T08:37:13Z list
2026-05-15T08:38:59Z list
2026-05-15T08:40:42Z list
2026-05-15T08:42:24Z list
2026-05-15T08:44:12Z list
2026-05-15T08:45:56Z list
2026-05-15T08:47:40Z list
2026-05-15T08:49:27Z list
2026-05-15T08:51:11Z list
2026-05-15T08:52:54Z list
2026-05-15T08:54:40Z list
2026-05-15T08:56:23Z list
2026-05-15T08:58:04Z list
2026-05-15T08:59:48Z list
2026-05-15T09:01:36Z list
2026-05-15T09:03:18Z list
2026-05-15T09:05:01Z list
2026-05-15T09:06:52Z list
2026-05-15T09:08:36Z list
2026-05-15T09:10:19Z list
2026-05-15T09:12:07Z list
2026-05-15T09:13:53Z list
2026-05-15T09:15:37Z list
2026-05-15T09:17:27Z list
2026-05-15T09:19:12Z list
2026-05-15T09:20:56Z list
2026-05-15T09:22:43Z list
2026-05-15T09:24:30Z list
2026-05-15T09:26:15Z list
2026-05-15T09:28:05Z list
2026-05-15T09:29:54Z list
2026-05-15T09:31:41Z list
2026-05-15T09:33:27Z list
2026-05-15T09:35:11Z list
2026-05-15T09:36:55Z list
2026-05-15T09:38:42Z list
2026-05-15T09:40:27Z list
2026-05-15T09:42:10Z list
2026-05-15T09:43:58Z list
2026-05-15T09:45:43Z list
2026-05-15T09:47:29Z list
2026-05-15T09:49:17Z list
2026-05-15T09:51:03Z list
2026-05-15T09:52:47Z list
2026-05-15T09:54:34Z list
2026-05-15T09:56:17Z list
2026-05-15T09:57:59Z list
2026-05-15T09:59:47Z list
2026-05-15T10:01:36Z list
2026-05-15T10:03:26Z list
2026-05-15T10:05:13Z list
2026-05-15T10:07:04Z list
2026-05-15T10:08:54Z list
2026-05-15T10:10:41Z list
2026-05-15T10:12:33Z list
2026-05-15T10:14:23Z list
2026-05-15T10:16:10Z list
2026-05-15T10:18:00Z list
2026-05-15T10:19:47Z list
2026-05-15T10:21:32Z list
2026-05-15T10:23:39Z list
2026-05-15T10:25:35Z list
2026-05-15T10:27:21Z list
2026-05-15T10:29:08Z list
2026-05-15T10:30:54Z list
2026-05-15T10:32:40Z list
2026-05-15T10:34:31Z list
2026-05-15T10:36:15Z list
2026-05-15T10:37:57Z list
2026-05-15T10:39:44Z list
2026-05-15T10:41:29Z list
2026-05-15T10:43:12Z list
2026-05-15T10:44:59Z list
2026-05-15T10:46:42Z list
2026-05-15T10:48:28Z list
2026-05-15T10:50:13Z list
2026-05-15T10:51:56Z list
2026-05-15T10:53:41Z list
2026-05-15T10:55:26Z list
2026-05-15T10:57:09Z list
2026-05-15T10:58:52Z list
2026-05-15T11:00:40Z list
2026-05-15T11:02:24Z list
2026-05-15T11:04:07Z list
2026-05-15T11:05:56Z list
2026-05-15T11:07:49Z list
2026-05-15T11:09:38Z list
2026-05-15T11:11:27Z list
2026-05-15T11:13:19Z list
2026-05-15T11:15:08Z list
2026-05-15T11:16:59Z list
2026-05-15T11:18:52Z list
2026-05-15T11:20:45Z list
2026-05-15T11:22:34Z list
2026-05-15T11:24:24Z list
2026-05-15T11:26:10Z list
2026-05-15T11:28:00Z list
2026-05-15T11:29:54Z list
2026-05-15T11:31:43Z list
2026-05-15T11:33:34Z list
2026-05-15T11:35:26Z list
2026-05-15T11:37:16Z list
2026-05-15T11:39:01Z list
2026-05-15T11:40:52Z list
2026-05-15T11:42:40Z list
2026-05-15T11:44:30Z list
2026-05-15T11:46:20Z list
2026-05-15T11:48:08Z list
2026-05-15T11:49:56Z list
2026-05-15T11:51:42Z list
2026-05-15T11:53:30Z list
2026-05-15T11:55:20Z list
2026-05-15T11:57:11Z list
2026-05-15T11:58:59Z list
2026-05-15T12:00:47Z list
2026-05-15T12:02:39Z list
2026-05-15T12:04:29Z list
2026-05-15T12:06:14Z list
2026-05-15T12:08:06Z list
2026-05-15T12:09:55Z list
2026-05-15T12:11:40Z list
2026-05-15T12:13:30Z list
2026-05-15T12:15:19Z list
2026-05-15T12:17:04Z list
2026-05-15T12:18:56Z list
2026-05-15T12:20:57Z list
2026-05-15T12:23:08Z list
2026-05-15T12:25:09Z list
2026-05-15T12:26:55Z list
2026-05-15T12:28:40Z list
2026-05-15T12:30:29Z list
2026-05-15T12:32:15Z list
2026-05-15T12:34:02Z list
2026-05-15T12:35:51Z list
2026-05-15T12:37:37Z list
2026-05-15T12:39:23Z list
2026-05-15T12:41:09Z list
2026-05-15T12:42:52Z list
2026-05-15T12:44:34Z list
2026-05-15T12:46:20Z list
2026-05-15T12:48:03Z list
2026-05-15T12:49:45Z list
2026-05-15T12:51:30Z list
2026-05-15T12:53:13Z list
2026-05-15T12:54:56Z list
2026-05-15T12:56:42Z list
2026-05-15T12:58:26Z list
2026-05-15T13:00:09Z list
2026-05-15T13:01:57Z list
2026-05-15T13:03:41Z list
2026-05-15T13:05:26Z list
2026-05-15T13:07:14Z list
2026-05-15T13:09:10Z list
2026-05-15T13:11:02Z list
2026-05-15T13:12:51Z list
2026-05-15T13:14:37Z list
2026-05-15T13:16:23Z list
2026-05-15T13:18:26Z list
2026-05-15T13:20:25Z list
2026-05-15T13:22:17Z list
2026-05-15T13:24:24Z list
2026-05-15T13:26:15Z list
2026-05-15T13:28:03Z list
2026-05-15T13:29:53Z list
2026-05-15T13:31:40Z list
2026-05-15T13:33:26Z list
2026-05-15T13:35:15Z list
2026-05-15T13:37:04Z list
2026-05-15T13:38:51Z list
2026-05-15T13:40:38Z list
2026-05-15T13:42:28Z list
2026-05-15T13:44:13Z list
2026-05-15T13:45:57Z list
2026-05-15T13:47:45Z list
2026-05-15T13:49:31Z list
2026-05-15T13:51:15Z list
2026-05-15T13:53:05Z list
2026-05-15T13:54:50Z list
2026-05-15T13:56:34Z list
2026-05-15T13:58:21Z list
2026-05-15T14:00:05Z list
2026-05-15T14:01:48Z list
2026-05-15T14:03:35Z list
2026-05-15T14:05:19Z list
2026-05-15T14:07:02Z list
2026-05-15T14:08:50Z list
2026-05-15T14:10:41Z list
2026-05-15T14:12:30Z list
2026-05-15T14:14:18Z list
2026-05-15T14:16:04Z list
2026-05-15T14:17:49Z list
2026-05-15T14:19:36Z list
2026-05-15T14:21:22Z list
2026-05-15T14:23:07Z list
2026-05-15T14:25:26Z list
2026-05-15T14:27:27Z list
2026-05-15T14:29:12Z list
2026-05-15T14:31:03Z list
2026-05-15T14:32:50Z list
2026-05-15T14:34:35Z list
2026-05-15T14:36:22Z list
2026-05-15T14:38:06Z list
2026-05-15T14:39:50Z list
2026-05-15T14:41:38Z list
2026-05-15T14:43:28Z list
2026-05-15T14:45:13Z list
2026-05-15T14:47:01Z list
2026-05-15T14:48:47Z list
2026-05-15T14:50:32Z list
2026-05-15T14:52:22Z list
2026-05-15T14:54:11Z list
2026-05-15T14:55:58Z list
2026-05-15T14:57:46Z list
2026-05-15T14:59:32Z list
2026-05-15T15:01:17Z list
2026-05-15T15:03:05Z list
2026-05-15T15:04:54Z list
2026-05-15T15:06:47Z list
2026-05-15T15:08:50Z list
2026-05-15T15:10:55Z list
2026-05-15T15:12:48Z list
2026-05-15T15:14:38Z list
2026-05-15T15:16:26Z list
2026-05-15T15:18:14Z list
2026-05-15T15:19:58Z list
2026-05-15T15:21:41Z list
2026-05-15T15:23:29Z list
2026-05-15T15:25:22Z list
2026-05-15T15:27:08Z list
2026-05-15T15:28:56Z list
2026-05-15T15:30:44Z list
2026-05-15T15:32:33Z list
2026-05-15T15:34:34Z list
2026-05-15T15:36:23Z list
2026-05-15T15:38:07Z list
2026-05-15T15:39:59Z list
2026-05-15T15:41:54Z list
2026-05-15T15:43:46Z list
2026-05-15T15:45:37Z list
2026-05-15T15:47:23Z list
2026-05-15T15:49:11Z list
2026-05-15T15:51:05Z list
2026-05-15T15:52:57Z list
2026-05-15T15:54:48Z list
2026-05-15T15:56:32Z list
2026-05-15T15:58:15Z list
2026-05-15T16:00:06Z list
2026-05-15T16:01:52Z list
2026-05-15T16:03:36Z list
2026-05-15T16:05:23Z list
2026-05-15T16:07:11Z list
2026-05-15T16:08:58Z list
2026-05-15T16:10:45Z list
2026-05-15T16:12:32Z list
2026-05-15T16:14:14Z list
2026-05-15T16:16:03Z list
2026-05-15T16:17:52Z list
2026-05-15T16:19:37Z list
2026-05-15T16:21:22Z list
2026-05-15T16:23:12Z list
2026-05-15T16:25:00Z list
2026-05-15T16:26:50Z list
2026-05-15T16:28:49Z list
2026-05-15T16:30:40Z list
2026-05-15T16:32:26Z list
2026-05-15T16:34:14Z list
2026-05-15T16:36:04Z list
2026-05-15T16:37:49Z list
2026-05-15T16:39:35Z list
2026-05-15T16:41:19Z list
2026-05-15T16:43:07Z list
2026-05-15T16:44:57Z list
2026-05-15T16:46:46Z list
2026-05-15T16:48:29Z list
2026-05-15T16:50:16Z list
2026-05-15T16:52:00Z list
2026-05-15T16:53:46Z list
2026-05-15T16:55:33Z list
2026-05-15T16:57:16Z list
2026-05-15T16:58:58Z list
2026-05-15T17:00:48Z list
2026-05-15T17:02:35Z list
2026-05-15T17:04:19Z list
2026-05-15T17:06:07Z list
2026-05-15T17:07:49Z list
2026-05-15T17:09:33Z list
2026-05-15T17:11:20Z list
2026-05-15T17:13:03Z list
2026-05-15T17:14:44Z list
2026-05-15T17:16:27Z list
2026-05-15T17:18:19Z list
2026-05-15T17:20:03Z list
2026-05-15T17:21:46Z list
2026-05-15T17:23:32Z list
2026-05-15T17:25:19Z list
2026-05-15T17:27:07Z list
2026-05-15T17:28:56Z list
2026-05-15T17:30:40Z list
2026-05-15T17:32:22Z list
2026-05-15T17:34:11Z list
2026-05-15T17:35:57Z list
2026-05-15T17:37:42Z list
2026-05-15T17:39:31Z list
2026-05-15T17:41:16Z list
2026-05-15T17:43:00Z list
2026-05-15T17:44:47Z list
2026-05-15T17:46:30Z list
2026-05-15T17:48:16Z list
2026-05-15T17:50:00Z list
2026-05-15T17:51:46Z list
2026-05-15T17:53:30Z list
2026-05-15T17:55:14Z list
2026-05-15T17:56:57Z list
2026-05-15T17:58:38Z list
2026-05-15T18:00:27Z list
2026-05-15T18:02:10Z list
2026-05-15T18:03:50Z list
2026-05-15T18:05:32Z list
2026-05-15T18:07:17Z list
2026-05-15T18:09:03Z list
2026-05-15T18:10:47Z list
2026-05-15T18:12:34Z list
2026-05-15T18:14:21Z list
2026-05-15T18:16:06Z list
2026-05-15T18:17:54Z list
2026-05-15T18:19:47Z list
2026-05-15T18:21:31Z list
2026-05-15T18:23:19Z list
2026-05-15T18:25:04Z list
2026-05-15T18:26:49Z list
2026-05-15T18:28:38Z list
2026-05-15T18:30:24Z list
2026-05-15T18:32:07Z list
2026-05-15T18:33:58Z list
2026-05-15T18:35:44Z list
2026-05-15T18:37:28Z list
2026-05-15T18:39:13Z list
2026-05-15T18:40:55Z list
2026-05-15T18:42:40Z list
2026-05-15T18:44:30Z list
2026-05-15T18:46:13Z list
2026-05-15T18:47:57Z list
2026-05-15T18:49:48Z list
2026-05-15T18:51:36Z list
2026-05-15T18:53:22Z list
2026-05-15T18:55:14Z list
2026-05-15T18:57:06Z list
2026-05-15T18:58:56Z list
2026-05-15T19:00:46Z list
2026-05-15T19:02:32Z list
2026-05-15T19:04:16Z list
2026-05-15T19:06:02Z list
2026-05-15T19:07:47Z list
2026-05-15T19:09:34Z list
2026-05-15T19:11:22Z list
2026-05-15T19:13:07Z list
2026-05-15T19:14:53Z list
2026-05-15T19:16:43Z list
2026-05-15T19:18:32Z list
2026-05-15T19:20:23Z list
2026-05-15T19:22:11Z list
2026-05-15T19:23:58Z list
2026-05-15T19:25:43Z list
2026-05-15T19:27:33Z list
2026-05-15T19:29:20Z list
2026-05-15T19:31:04Z list
2026-05-15T19:32:53Z list
2026-05-15T19:34:41Z list
2026-05-15T19:36:31Z list
2026-05-15T19:38:21Z list
2026-05-15T19:40:12Z list
2026-05-15T19:41:59Z list
2026-05-15T19:43:46Z list
2026-05-15T19:45:33Z list
2026-05-15T19:47:19Z list
2026-05-15T19:49:07Z list
2026-05-15T19:50:55Z list
2026-05-15T19:52:40Z list
2026-05-15T19:54:34Z list
2026-05-15T19:56:19Z list
2026-05-15T19:58:03Z list
2026-05-15T19:59:51Z list
2026-05-15T20:01:42Z list
2026-05-15T20:03:31Z list
2026-05-15T20:05:20Z list
2026-05-15T20:07:02Z list
2026-05-15T20:08:43Z list
2026-05-15T20:10:33Z list
2026-05-15T20:12:21Z list
2026-05-15T20:14:07Z list
2026-05-15T20:15:56Z list
2026-05-15T20:17:40Z list
2026-05-15T20:19:24Z list
2026-05-15T20:21:13Z list
2026-05-15T20:22:54Z list
2026-05-15T20:24:37Z list
2026-05-15T20:26:28Z list
2026-05-15T20:28:12Z list
2026-05-15T20:29:54Z list
2026-05-15T20:31:38Z list
2026-05-15T20:33:25Z list
2026-05-15T20:35:11Z list
2026-05-15T20:36:57Z list
2026-05-15T20:38:41Z list
2026-05-15T20:40:24Z list
2026-05-15T20:42:16Z list
2026-05-15T20:44:04Z list
2026-05-15T20:45:46Z list
2026-05-15T20:47:31Z list
2026-05-15T20:49:19Z list
2026-05-15T20:51:04Z list
2026-05-15T20:52:55Z list
2026-05-15T20:54:40Z list
2026-05-15T20:56:21Z list
2026-05-15T20:58:06Z list
2026-05-15T20:59:52Z list
2026-05-15T21:01:34Z list
2026-05-15T21:03:15Z list
2026-05-15T21:05:04Z list
2026-05-15T21:06:49Z list
2026-05-15T21:08:31Z list
2026-05-15T21:10:15Z list
2026-05-15T21:11:57Z list
2026-05-15T21:13:43Z list
2026-05-15T21:15:29Z list
2026-05-15T21:17:10Z list
2026-05-15T21:18:51Z list
2026-05-15T21:20:41Z list
2026-05-15T21:22:28Z list
2026-05-15T21:24:18Z list
2026-05-15T21:26:11Z list
2026-05-15T21:27:59Z list
2026-05-15T21:29:47Z list
2026-05-15T21:31:50Z list
2026-05-15T21:33:44Z list
2026-05-15T21:35:33Z list
2026-05-15T21:37:21Z list
2026-05-15T21:39:06Z list
2026-05-15T21:40:48Z list
2026-05-15T21:42:34Z list
2026-05-15T21:44:18Z list
2026-05-15T21:46:03Z list
2026-05-15T21:47:48Z list
2026-05-15T21:49:30Z list
2026-05-15T21:51:12Z list
2026-05-15T21:53:02Z list
2026-05-15T21:54:49Z list
2026-05-15T21:56:31Z list
2026-05-15T21:58:18Z list
2026-05-15T22:00:03Z list
2026-05-15T22:01:49Z list
2026-05-15T22:03:41Z list
2026-05-15T22:05:32Z list
2026-05-15T22:07:17Z list
2026-05-15T22:09:05Z list
2026-05-15T22:10:52Z list
2026-05-15T22:12:35Z list
2026-05-15T22:14:18Z list
2026-05-15T22:16:06Z list
2026-05-15T22:17:54Z list
2026-05-15T22:19:39Z list
2026-05-15T22:21:26Z list
2026-05-15T22:23:10Z list
2026-05-15T22:25:02Z list
2026-05-15T22:26:52Z list
2026-05-15T22:28:37Z list
2026-05-15T22:30:23Z list
2026-05-15T22:32:23Z list
2026-05-15T22:34:18Z list
2026-05-15T22:36:03Z list
2026-05-15T22:37:53Z list
2026-05-15T22:39:43Z list
2026-05-15T22:41:33Z list
2026-05-15T22:43:24Z list
2026-05-15T22:45:10Z list
2026-05-15T22:46:53Z list
2026-05-15T22:48:41Z list
2026-05-15T22:50:27Z list
2026-05-15T22:52:11Z list
2026-05-15T22:53:58Z list
2026-05-15T22:55:46Z list
2026-05-15T22:57:32Z list
2026-05-15T22:59:19Z list
2026-05-15T23:01:03Z list
2026-05-15T23:02:46Z list
2026-05-15T23:04:33Z list
2026-05-15T23:06:19Z list
2026-05-15T23:08:04Z list
2026-05-15T23:09:51Z list
2026-05-15T23:11:35Z list
2026-05-15T23:13:23Z list
2026-05-15T23:15:12Z list
2026-05-15T23:17:00Z list
2026-05-15T23:18:46Z list
2026-05-15T23:20:35Z list
2026-05-15T23:22:20Z list
2026-05-15T23:24:03Z list
2026-05-15T23:25:56Z list
2026-05-15T23:27:40Z list
2026-05-15T23:29:28Z list
2026-05-15T23:31:29Z list
2026-05-15T23:33:23Z list
2026-05-15T23:35:08Z list
2026-05-15T23:37:05Z list
2026-05-15T23:38:50Z list
2026-05-15T23:40:33Z list
2026-05-15T23:42:19Z list
2026-05-15T23:44:03Z list
2026-05-15T23:45:48Z list
2026-05-15T23:47:34Z list
2026-05-15T23:49:19Z list
2026-05-15T23:51:06Z list
2026-05-15T23:52:55Z list
2026-05-15T23:54:42Z list
2026-05-15T23:56:32Z list
2026-05-15T23:58:19Z list
2026-05-16T00:00:04Z list
2026-05-16T00:01:49Z list
2026-05-16T00:03:36Z list
2026-05-16T00:05:20Z list
2026-05-16T00:07:02Z list
2026-05-16T00:08:52Z list
2026-05-16T00:10:38Z list
2026-05-16T00:12:21Z list
2026-05-16T00:14:06Z list
2026-05-16T00:15:51Z list
2026-05-16T00:17:36Z list
2026-05-16T00:19:23Z list
2026-05-16T00:21:09Z list
2026-05-16T00:22:53Z list
2026-05-16T00:24:44Z list
2026-05-16T00:26:37Z list
2026-05-16T00:28:26Z list
2026-05-16T00:30:31Z list
2026-05-16T00:32:28Z list
2026-05-16T00:34:15Z list
2026-05-16T00:36:02Z list
2026-05-16T00:37:49Z list
2026-05-16T00:39:34Z list
2026-05-16T00:41:21Z list
2026-05-16T00:43:09Z list
2026-05-16T00:44:55Z list
2026-05-16T00:46:41Z list
2026-05-16T00:48:34Z list
2026-05-16T00:50:21Z list
2026-05-16T00:52:07Z list
2026-05-16T00:53:55Z list
2026-05-16T00:55:41Z list
2026-05-16T00:57:30Z list
2026-05-16T00:59:18Z list
2026-05-16T01:01:03Z list
2026-05-16T01:02:47Z list
2026-05-16T01:04:37Z list
2026-05-16T01:06:24Z list
2026-05-16T01:08:11Z list
2026-05-16T01:10:01Z list
2026-05-16T01:11:47Z list
2026-05-16T01:13:33Z list
2026-05-16T01:15:21Z list
2026-05-16T01:17:06Z list
2026-05-16T01:18:50Z list
2026-05-16T01:20:40Z list
2026-05-16T01:22:26Z list
2026-05-16T01:24:10Z list
2026-05-16T01:25:59Z list
2026-05-16T01:27:52Z list
2026-05-16T01:29:42Z list
2026-05-16T01:31:34Z list
2026-05-16T01:33:21Z list
2026-05-16T01:35:06Z list
2026-05-16T01:36:58Z list
2026-05-16T01:38:43Z list
2026-05-16T01:40:28Z list
2026-05-16T01:42:20Z list
2026-05-16T01:44:08Z list
2026-05-16T01:45:54Z list
2026-05-16T01:47:44Z list
2026-05-16T01:49:29Z list
2026-05-16T01:51:13Z list
2026-05-16T01:53:02Z list
2026-05-16T01:54:47Z list
2026-05-16T01:56:31Z list
2026-05-16T01:58:22Z list
2026-05-16T02:00:11Z list
2026-05-16T02:01:57Z list
2026-05-16T02:03:46Z list
2026-05-16T02:05:31Z list
2026-05-16T02:07:17Z list
2026-05-16T02:09:06Z list
2026-05-16T02:10:51Z list
2026-05-16T02:12:36Z list
2026-05-16T02:14:25Z list
2026-05-16T02:16:10Z list
2026-05-16T02:17:54Z list
2026-05-16T02:19:47Z list
2026-05-16T02:21:35Z list
2026-05-16T02:23:21Z list
2026-05-16T02:25:12Z list
2026-05-16T02:26:57Z list
2026-05-16T02:28:48Z list
2026-05-16T02:30:48Z list
2026-05-16T02:32:38Z list
2026-05-16T02:34:24Z list
2026-05-16T02:36:13Z list
2026-05-16T02:37:58Z list
2026-05-16T02:39:42Z list
2026-05-16T02:41:30Z list
2026-05-16T02:43:15Z list
2026-05-16T02:44:59Z list
2026-05-16T02:46:46Z list
2026-05-16T02:48:32Z list
2026-05-16T02:50:16Z list
2026-05-16T02:52:04Z list
2026-05-16T02:53:51Z list
2026-05-16T02:55:38Z list
2026-05-16T02:57:28Z list
2026-05-16T02:59:19Z list
2026-05-16T03:01:03Z list
2026-05-16T03:02:49Z list
2026-05-16T03:04:37Z list
2026-05-16T03:06:22Z list
2026-05-16T03:08:08Z list
2026-05-16T03:09:54Z list
2026-05-16T03:11:39Z list
2026-05-16T03:13:24Z list
2026-05-16T03:15:12Z list
2026-05-16T03:16:57Z list
2026-05-16T03:18:42Z list
2026-05-16T03:20:30Z list
2026-05-16T03:22:14Z list
2026-05-16T03:23:59Z list
2026-05-16T03:25:49Z list
2026-05-16T03:27:33Z list
2026-05-16T03:29:29Z list
2026-05-16T03:31:24Z list
2026-05-16T03:33:11Z list
2026-05-16T03:34:55Z list
2026-05-16T03:36:43Z list
2026-05-16T03:38:27Z list
2026-05-16T03:40:11Z list
2026-05-16T03:41:58Z list
2026-05-16T03:43:43Z list
2026-05-16T03:45:27Z list
2026-05-16T03:47:15Z list
2026-05-16T03:49:00Z list
2026-05-16T03:50:44Z list
2026-05-16T03:52:31Z list
2026-05-16T03:54:16Z list
2026-05-16T03:56:00Z list
2026-05-16T03:57:48Z list
2026-05-16T03:59:37Z list
2026-05-16T04:01:21Z list
2026-05-16T04:03:09Z list
2026-05-16T04:04:58Z list
2026-05-16T04:06:45Z list
2026-05-16T04:08:35Z list
2026-05-16T04:10:22Z list
2026-05-16T04:12:07Z list
2026-05-16T04:13:54Z list
2026-05-16T04:15:39Z list
2026-05-16T04:17:23Z list
2026-05-16T04:19:11Z list
2026-05-16T04:20:56Z list
2026-05-16T04:22:41Z list
2026-05-16T04:24:29Z list
2026-05-16T04:26:15Z list
2026-05-16T04:28:00Z list
2026-05-16T04:30:03Z list
2026-05-16T04:31:51Z list
2026-05-16T04:33:36Z list
2026-05-16T04:35:24Z list
2026-05-16T04:37:09Z list
2026-05-16T04:38:53Z list
2026-05-16T04:40:41Z list
2026-05-16T04:42:30Z list
2026-05-16T04:44:17Z list
2026-05-16T04:46:07Z list
2026-05-16T04:47:52Z list
2026-05-16T04:49:36Z list
2026-05-16T04:51:23Z list
2026-05-16T04:53:08Z list
2026-05-16T04:54:52Z list
2026-05-16T04:56:40Z list
2026-05-16T04:58:26Z list
2026-05-16T05:00:13Z list
2026-05-16T05:02:01Z list
2026-05-16T05:03:46Z list
2026-05-16T05:05:32Z list
2026-05-16T05:07:19Z list
2026-05-16T05:09:07Z list
2026-05-16T05:10:54Z list
2026-05-16T05:12:40Z list
2026-05-16T05:14:27Z list
2026-05-16T05:16:11Z list
2026-05-16T05:17:58Z list
2026-05-16T05:19:49Z list
2026-05-16T05:21:38Z list
2026-05-16T05:23:22Z list
2026-05-16T05:25:10Z list
2026-05-16T05:26:56Z list
2026-05-16T05:28:40Z list
2026-05-16T05:30:39Z list
2026-05-16T05:32:31Z list
2026-05-16T05:34:15Z list
2026-05-16T05:36:04Z list
2026-05-16T05:37:50Z list
2026-05-16T05:39:35Z list
2026-05-16T05:41:23Z list
2026-05-16T05:43:08Z list
2026-05-16T05:44:53Z list
2026-05-16T05:46:41Z list
2026-05-16T05:48:26Z list
2026-05-16T05:50:10Z list
2026-05-16T05:51:59Z list
2026-05-16T05:53:47Z list
2026-05-16T05:55:33Z list
2026-05-16T05:57:22Z list
2026-05-16T05:59:06Z list
2026-05-16T06:00:54Z list
2026-05-16T06:02:42Z list
2026-05-16T06:04:27Z list
2026-05-16T06:06:11Z list
2026-05-16T06:08:00Z list
2026-05-16T06:09:45Z list
2026-05-16T06:11:30Z list
2026-05-16T06:13:21Z list
2026-05-16T06:15:08Z list
2026-05-16T06:16:51Z list
2026-05-16T06:18:39Z list
2026-05-16T06:20:23Z list
2026-05-16T06:22:07Z list
2026-05-16T06:23:55Z list
2026-05-16T06:25:40Z list
2026-05-16T06:27:29Z list
2026-05-16T06:29:21Z list
2026-05-16T06:31:14Z list
2026-05-16T06:33:01Z list
2026-05-16T06:34:49Z list
2026-05-16T06:36:34Z list
2026-05-16T06:38:19Z list
2026-05-16T06:40:07Z list
2026-05-16T06:41:52Z list
2026-05-16T06:43:37Z list
2026-05-16T06:45:25Z list
2026-05-16T06:47:10Z list
2026-05-16T06:48:54Z list
2026-05-16T06:50:42Z list
2026-05-16T06:52:27Z list
2026-05-16T06:54:11Z list
2026-05-16T06:55:59Z list
2026-05-16T06:57:44Z list
2026-05-16T06:59:28Z list
2026-05-16T07:01:20Z list
2026-05-16T07:03:11Z list
2026-05-16T07:04:59Z list
2026-05-16T07:06:48Z list
2026-05-16T07:08:33Z list
2026-05-16T07:10:17Z list
2026-05-16T07:12:05Z list
2026-05-16T07:13:51Z list
2026-05-16T07:15:39Z list
2026-05-16T07:17:29Z list
2026-05-16T07:19:13Z list
2026-05-16T07:20:57Z list
2026-05-16T07:22:45Z list
2026-05-16T07:24:29Z list
2026-05-16T07:26:14Z list
2026-05-16T07:28:02Z list
2026-05-16T07:29:51Z list
2026-05-16T07:31:40Z list
2026-05-16T07:33:26Z list
2026-05-16T07:35:17Z list
2026-05-16T07:37:03Z list
2026-05-16T07:38:51Z list
2026-05-16T07:40:41Z list
2026-05-16T07:42:26Z list
2026-05-16T07:44:10Z list
2026-05-16T07:45:57Z list
2026-05-16T07:47:41Z list
2026-05-16T07:49:25Z list
2026-05-16T07:51:13Z list
2026-05-16T07:52:58Z list
2026-05-16T07:54:42Z list
2026-05-16T07:56:29Z list
2026-05-16T07:58:14Z list
2026-05-16T07:59:57Z list
2026-05-16T08:01:48Z list
2026-05-16T08:03:33Z list
2026-05-16T08:05:17Z list
2026-05-16T08:07:04Z list
2026-05-16T08:08:49Z list
2026-05-16T08:10:36Z list
2026-05-16T08:12:26Z list
2026-05-16T08:14:14Z list
2026-05-16T08:16:01Z list
2026-05-16T08:17:50Z list
2026-05-16T08:19:36Z list
2026-05-16T08:21:21Z list
2026-05-16T08:23:08Z list
2026-05-16T08:24:53Z list
2026-05-16T08:26:40Z list
2026-05-16T08:28:30Z list
2026-05-16T08:30:17Z list
2026-05-16T08:32:08Z list
2026-05-16T08:33:57Z list
2026-05-16T08:35:48Z list
2026-05-16T08:37:34Z list
2026-05-16T08:39:23Z list
2026-05-16T08:41:08Z list
2026-05-16T08:42:57Z list
2026-05-16T08:44:45Z list
2026-05-16T08:46:31Z list
2026-05-16T08:48:21Z list
2026-05-16T08:50:12Z list
2026-05-16T08:52:00Z list
2026-05-16T08:53:50Z list
2026-05-16T08:55:40Z list
2026-05-16T08:57:26Z list
2026-05-16T08:59:12Z list
2026-05-16T09:01:02Z list
2026-05-16T09:02:51Z list
2026-05-16T09:04:36Z list
2026-05-16T09:06:28Z list
2026-05-16T09:08:16Z list
2026-05-16T09:10:00Z list
2026-05-16T09:11:49Z list
2026-05-16T09:13:35Z list
2026-05-16T09:15:22Z list
2026-05-16T09:17:11Z list
2026-05-16T09:18:57Z list
2026-05-16T09:20:42Z list
2026-05-16T09:22:34Z list
2026-05-16T09:24:22Z list
2026-05-16T09:26:10Z list
2026-05-16T09:28:00Z list
2026-05-16T09:29:48Z list
2026-05-16T09:31:35Z list
2026-05-16T09:33:28Z list
2026-05-16T09:35:13Z list
2026-05-16T09:36:57Z list
2026-05-16T09:38:49Z list
2026-05-16T09:40:35Z list
2026-05-16T09:42:20Z list
2026-05-16T09:44:07Z list
2026-05-16T09:45:58Z list
2026-05-16T09:47:45Z list
2026-05-16T09:49:33Z list
2026-05-16T09:51:19Z list
2026-05-16T09:53:03Z list
2026-05-16T09:54:55Z list
2026-05-16T09:56:41Z list
2026-05-16T09:58:26Z list
2026-05-16T10:00:14Z list
2026-05-16T10:02:06Z list
2026-05-16T10:03:57Z list
2026-05-16T10:05:47Z list
2026-05-16T10:07:35Z list
2026-05-16T10:09:20Z list
2026-05-16T10:11:10Z list
2026-05-16T10:12:56Z list
2026-05-16T10:14:41Z list
2026-05-16T10:16:30Z list
2026-05-16T10:18:18Z list
2026-05-16T10:20:06Z list
2026-05-16T10:21:54Z list
2026-05-16T10:23:40Z list
2026-05-16T10:25:25Z list
2026-05-16T10:27:17Z list
2026-05-16T10:29:04Z list
2026-05-16T10:30:50Z list
2026-05-16T10:32:42Z list
2026-05-16T10:34:36Z list
2026-05-16T10:36:24Z list
2026-05-16T10:38:13Z list
2026-05-16T10:40:01Z list
2026-05-16T10:41:49Z list
2026-05-16T10:43:40Z list
2026-05-16T10:45:29Z list
2026-05-16T10:47:15Z list
2026-05-16T10:49:03Z list
2026-05-16T10:50:49Z list
2026-05-16T10:52:36Z list
2026-05-16T10:54:25Z list
2026-05-16T10:56:11Z list
2026-05-16T10:57:57Z list
2026-05-16T10:59:47Z list
2026-05-16T11:01:34Z list
2026-05-16T11:03:19Z list
2026-05-16T11:05:10Z list
2026-05-16T11:06:58Z list
2026-05-16T11:08:44Z list
2026-05-16T11:10:32Z list
2026-05-16T11:12:17Z list
2026-05-16T11:14:05Z list
2026-05-16T11:15:55Z list
2026-05-16T11:17:43Z list
2026-05-16T11:19:30Z list
2026-05-16T11:21:21Z list
2026-05-16T11:23:08Z list
2026-05-16T11:24:54Z list
2026-05-16T11:26:42Z list
2026-05-16T11:28:28Z list
2026-05-16T11:30:16Z list
2026-05-16T11:32:07Z list
2026-05-16T11:33:54Z list
2026-05-16T11:35:43Z list
2026-05-16T11:37:32Z list
2026-05-16T11:39:20Z list
2026-05-16T11:41:06Z list
2026-05-16T11:42:53Z list
2026-05-16T11:44:38Z list
2026-05-16T11:46:26Z list
2026-05-16T11:48:16Z list
2026-05-16T11:50:01Z list
2026-05-16T11:51:48Z list
2026-05-16T11:53:39Z list
2026-05-16T11:55:27Z list
2026-05-16T11:57:14Z list
2026-05-16T11:59:04Z list
2026-05-16T12:00:50Z list
2026-05-16T12:02:36Z list
2026-05-16T12:04:25Z list
2026-05-16T12:06:15Z list
2026-05-16T12:07:59Z list
2026-05-16T12:09:48Z list
2026-05-16T12:11:37Z list
2026-05-16T12:13:22Z list
2026-05-16T12:15:10Z list
2026-05-16T12:16:56Z list
2026-05-16T12:18:43Z list
2026-05-16T12:20:32Z list
2026-05-16T12:22:17Z list
2026-05-16T12:24:02Z list
2026-05-16T12:25:55Z list
2026-05-16T12:27:45Z list
2026-05-16T12:29:32Z list
2026-05-16T12:31:23Z list
2026-05-16T12:33:12Z list
2026-05-16T12:34:58Z list
2026-05-16T12:36:51Z list
2026-05-16T12:38:34Z list
2026-05-16T12:40:17Z list
2026-05-16T12:42:03Z list
2026-05-16T12:43:51Z list
2026-05-16T12:45:35Z list
2026-05-16T12:47:22Z list
2026-05-16T12:49:05Z list
2026-05-16T12:50:53Z list
2026-05-16T12:52:44Z list
2026-05-16T12:54:33Z list
2026-05-16T12:56:16Z list
2026-05-16T12:58:01Z list
2026-05-16T12:59:51Z list
2026-05-16T13:01:37Z list
2026-05-16T13:03:21Z list
2026-05-16T13:05:07Z list
2026-05-16T13:06:58Z list
2026-05-16T13:08:45Z list
2026-05-16T13:10:36Z list
2026-05-16T13:12:22Z list
2026-05-16T13:14:08Z list
2026-05-16T13:15:56Z list
2026-05-16T13:17:42Z list
2026-05-16T13:19:26Z list
2026-05-16T13:21:12Z list
2026-05-16T13:22:55Z list
2026-05-16T13:24:43Z list
2026-05-16T13:26:33Z list
2026-05-16T13:28:18Z list
2026-05-16T13:30:02Z list
2026-05-16T13:31:49Z list
2026-05-16T13:33:39Z list
2026-05-16T13:35:24Z list
2026-05-16T13:37:16Z list
2026-05-16T13:39:05Z list
2026-05-16T13:40:56Z list
2026-05-16T13:42:48Z list
2026-05-16T13:44:35Z list
2026-05-16T13:46:23Z list
2026-05-16T13:48:14Z list
2026-05-16T13:50:06Z list
2026-05-16T13:51:56Z list
2026-05-16T13:53:46Z list
2026-05-16T13:55:38Z list
2026-05-16T13:57:26Z list
2026-05-16T13:59:13Z list
2026-05-16T14:01:01Z list
2026-05-16T14:02:52Z list
2026-05-16T14:04:38Z list
2026-05-16T14:06:26Z list
2026-05-16T14:08:20Z list
2026-05-16T14:10:07Z list
2026-05-16T14:11:52Z list
2026-05-16T14:13:40Z list
2026-05-16T14:15:26Z list
2026-05-16T14:17:12Z list
2026-05-16T14:19:00Z list
2026-05-16T14:20:42Z list
2026-05-16T14:22:28Z list
2026-05-16T14:24:17Z list
2026-05-16T14:26:04Z list
2026-05-16T14:27:50Z list
2026-05-16T14:29:41Z list
2026-05-16T14:31:30Z list
2026-05-16T14:33:18Z list
2026-05-16T14:35:06Z list
2026-05-16T14:36:55Z list
2026-05-16T14:38:45Z list
2026-05-16T14:40:37Z list
2026-05-16T14:42:23Z list
2026-05-16T14:44:12Z list
2026-05-16T14:46:02Z list
2026-05-16T14:47:49Z list
2026-05-16T14:49:35Z list
2026-05-16T14:51:25Z list
2026-05-16T14:53:14Z list
2026-05-16T14:55:03Z list
2026-05-16T14:56:54Z list
2026-05-16T14:58:47Z list
2026-05-16T15:00:35Z list
2026-05-16T15:02:28Z list
2026-05-16T15:04:19Z list
2026-05-16T15:06:10Z list
2026-05-16T15:08:02Z list
2026-05-16T15:09:59Z list
2026-05-16T15:11:49Z list
2026-05-16T15:13:41Z list
2026-05-16T15:15:36Z list
2026-05-16T15:17:33Z list
2026-05-16T15:19:24Z list
2026-05-16T15:21:21Z list
2026-05-16T15:23:19Z list
2026-05-16T15:25:18Z list
2026-05-16T15:27:19Z list
2026-05-16T15:29:16Z list
2026-05-16T15:31:16Z list
2026-05-16T15:33:17Z list
2026-05-16T15:35:18Z list
2026-05-16T15:37:25Z list
2026-05-16T15:39:32Z list
2026-05-16T15:41:37Z list
2026-05-16T15:43:41Z list
2026-05-16T15:45:43Z list
2026-05-16T15:47:51Z list
2026-05-16T15:49:56Z list
2026-05-16T15:51:55Z list
2026-05-16T15:54:01Z list
2026-05-16T15:56:01Z list
2026-05-16T15:58:00Z list
2026-05-16T16:00:01Z list
2026-05-16T16:01:55Z list
2026-05-16T16:03:53Z list
2026-05-16T16:05:52Z list
2026-05-16T16:07:50Z list
2026-05-16T16:09:52Z list
2026-05-16T16:11:47Z list
2026-05-16T16:13:41Z list
2026-05-16T16:15:40Z list
2026-05-16T16:17:37Z list
2026-05-16T16:19:36Z list
2026-05-16T16:21:31Z list
2026-05-16T16:23:25Z list
2026-05-16T16:25:21Z list
2026-05-16T16:27:22Z list
2026-05-16T16:29:20Z list
2026-05-16T16:31:14Z list
2026-05-16T16:33:14Z list
2026-05-16T16:35:14Z list
2026-05-16T16:37:22Z list
2026-05-16T16:39:27Z list
2026-05-16T16:41:24Z list
2026-05-16T16:43:30Z list
2026-05-16T16:45:27Z list
2026-05-16T16:47:27Z list
2026-05-16T16:49:26Z list
2026-05-16T16:51:15Z list
2026-05-16T16:53:12Z list
2026-05-16T16:55:10Z list
2026-05-16T16:57:07Z list
2026-05-16T16:59:05Z list
2026-05-16T17:00:59Z list
2026-05-16T17:02:56Z list
2026-05-16T17:04:56Z list
2026-05-16T17:06:54Z list
2026-05-16T17:08:48Z list
2026-05-16T17:10:46Z list
2026-05-16T17:12:42Z list
2026-05-16T17:14:42Z list
2026-05-16T17:16:43Z list
2026-05-16T17:18:39Z list
2026-05-16T17:20:36Z list
2026-05-16T17:22:36Z list
2026-05-16T17:24:33Z list
2026-05-16T17:26:34Z list
2026-05-16T17:28:25Z list
2026-05-16T17:30:15Z list
2026-05-16T17:32:14Z list
2026-05-16T17:34:14Z list
2026-05-16T17:36:13Z list
2026-05-16T17:38:15Z list
2026-05-16T17:40:10Z list
2026-05-16T17:42:03Z list
2026-05-16T17:44:05Z list
2026-05-16T17:46:05Z list
2026-05-16T17:48:01Z list
2026-05-16T17:49:57Z list
2026-05-16T17:51:52Z list
2026-05-16T17:53:53Z list
2026-05-16T17:55:51Z list
2026-05-16T17:57:45Z list
2026-05-16T17:59:43Z list
2026-05-16T18:01:38Z list
2026-05-16T18:03:36Z list
2026-05-16T18:05:36Z list
2026-05-16T18:07:37Z list
2026-05-16T18:09:27Z list
2026-05-16T18:11:21Z list
2026-05-16T18:13:18Z list
2026-05-16T18:15:16Z list
2026-05-16T18:17:20Z list
2026-05-16T18:19:20Z list
2026-05-16T18:21:21Z list
2026-05-16T18:23:20Z list
2026-05-16T18:25:23Z list
2026-05-16T18:27:30Z list
2026-05-16T18:29:44Z list
2026-05-16T18:32:01Z list
2026-05-16T18:34:18Z list
2026-05-16T18:36:27Z list
2026-05-16T18:38:40Z list
2026-05-16T18:40:54Z list
2026-05-16T18:43:10Z list
2026-05-16T18:45:28Z list
2026-05-16T18:47:42Z list
2026-05-16T18:49:57Z list
2026-05-16T18:52:07Z list
2026-05-16T18:54:21Z list
2026-05-16T18:56:19Z list
2026-05-16T18:58:10Z list
2026-05-16T19:00:22Z list
2026-05-16T19:02:31Z list
2026-05-16T19:04:41Z list
2026-05-16T19:06:55Z list
2026-05-16T19:09:05Z list
2026-05-16T19:11:20Z list
2026-05-16T19:13:26Z list
2026-05-16T19:15:31Z list
2026-05-16T19:17:48Z list
2026-05-16T19:19:55Z list
2026-05-16T19:22:03Z list
2026-05-16T19:24:18Z list
2026-05-16T19:26:33Z list
2026-05-16T19:29:06Z list
2026-05-16T19:31:10Z list
2026-05-16T19:33:11Z list
2026-05-16T19:35:06Z list
2026-05-16T19:37:25Z list
2026-05-16T19:39:37Z list
2026-05-16T19:41:28Z list
2026-05-16T19:43:19Z list
2026-05-16T19:45:35Z list
2026-05-16T19:47:59Z list
2026-05-16T19:50:06Z list
2026-05-16T19:51:56Z list
2026-05-16T19:53:47Z list
2026-05-16T19:55:56Z list
2026-05-16T19:58:05Z list
2026-05-16T20:00:14Z list
2026-05-16T20:02:26Z list
2026-05-16T20:04:29Z list
2026-05-16T20:06:40Z list
2026-05-16T20:08:46Z list
2026-05-16T20:10:40Z list
2026-05-16T20:12:33Z list
2026-05-16T20:14:23Z list
2026-05-16T20:16:29Z list
2026-05-16T20:18:44Z list
2026-05-16T20:20:43Z list
2026-05-16T20:22:35Z list
2026-05-16T20:24:33Z list
2026-05-16T20:26:46Z list
2026-05-16T20:29:04Z list
2026-05-16T20:31:04Z list
2026-05-16T20:32:57Z list
2026-05-16T20:34:58Z list
2026-05-16T20:37:13Z list
2026-05-16T20:39:30Z list
2026-05-16T20:41:53Z list
2026-05-16T20:44:07Z list
2026-05-16T20:46:19Z list
2026-05-16T20:48:32Z list
2026-05-16T20:50:32Z list
2026-05-16T20:52:28Z list
2026-05-16T20:54:21Z list
2026-05-16T20:56:28Z list
2026-05-16T20:58:42Z list
2026-05-16T21:00:40Z list
2026-05-16T21:02:33Z list
2026-05-16T21:04:26Z list
2026-05-16T21:06:30Z list
2026-05-16T21:08:41Z list
2026-05-16T21:10:37Z list
2026-05-16T21:12:29Z list
2026-05-16T21:14:23Z list
2026-05-16T21:16:26Z list
2026-05-16T21:18:39Z list
2026-05-16T21:21:00Z list
2026-05-16T21:23:06Z list
2026-05-16T21:25:07Z list
2026-05-16T21:27:14Z list
2026-05-16T21:29:30Z list
2026-05-16T21:31:30Z list
2026-05-16T21:33:21Z list
2026-05-16T21:35:13Z list
2026-05-16T21:37:20Z list
2026-05-16T21:39:27Z list
2026-05-16T21:41:26Z list
2026-05-16T21:43:17Z list
2026-05-16T21:45:07Z list
2026-05-16T21:47:13Z list
2026-05-16T21:49:19Z list
2026-05-16T21:51:27Z list
2026-05-16T21:53:21Z list
2026-05-16T21:55:19Z list
2026-05-16T21:57:31Z list
2026-05-16T21:59:40Z list
2026-05-16T22:01:51Z list
2026-05-16T22:04:05Z list
2026-05-16T22:05:57Z list
2026-05-16T22:07:50Z list
2026-05-16T22:09:55Z list
2026-05-16T22:12:01Z list
2026-05-16T22:13:59Z list
2026-05-16T22:15:49Z list
2026-05-16T22:17:38Z list
2026-05-16T22:19:37Z list
2026-05-16T22:21:46Z list
2026-05-16T22:23:49Z list
2026-05-16T22:25:42Z list
2026-05-16T22:27:31Z list
2026-05-16T22:29:27Z list
2026-05-16T22:31:28Z list
2026-05-16T22:33:24Z list
2026-05-16T22:35:21Z list
2026-05-16T22:37:35Z list
2026-05-16T22:39:46Z list
2026-05-16T22:41:58Z list
2026-05-16T22:44:08Z list
2026-05-16T22:46:05Z list
2026-05-16T22:47:56Z list
2026-05-16T22:49:44Z list
2026-05-16T22:51:48Z list
2026-05-16T22:53:53Z list
2026-05-16T22:55:44Z list
2026-05-16T22:57:33Z list
2026-05-16T22:59:23Z list
2026-05-16T23:01:15Z list
2026-05-16T23:03:14Z list
2026-05-16T23:05:08Z list
2026-05-16T23:06:56Z list
2026-05-16T23:08:47Z list
2026-05-16T23:10:42Z list
2026-05-16T23:12:39Z list
2026-05-16T23:14:35Z list
2026-05-16T23:16:34Z list
2026-05-16T23:18:37Z list
2026-05-16T23:20:48Z list
2026-05-16T23:22:53Z list
2026-05-16T23:24:58Z list
2026-05-16T23:26:54Z list
2026-05-16T23:28:42Z list
2026-05-16T23:30:31Z list
2026-05-16T23:32:31Z list
2026-05-16T23:34:31Z list
2026-05-16T23:36:26Z list
2026-05-16T23:38:14Z list
2026-05-16T23:40:02Z list
2026-05-16T23:41:56Z list
2026-05-16T23:43:53Z list
2026-05-16T23:45:45Z list
2026-05-16T23:47:35Z list
2026-05-16T23:49:24Z list
2026-05-16T23:51:15Z list
2026-05-16T23:53:20Z list
2026-05-16T23:55:12Z list
2026-05-16T23:57:16Z list
2026-05-16T23:59:23Z list
2026-05-17T00:01:19Z list
2026-05-17T00:03:23Z list
2026-05-17T00:05:26Z list
2026-05-17T00:07:18Z list
2026-05-17T00:09:09Z list
2026-05-17T00:10:58Z list
2026-05-17T00:12:55Z list
2026-05-17T00:14:59Z list
2026-05-17T00:16:51Z list
2026-05-17T00:18:39Z list
2026-05-17T00:20:30Z list
2026-05-17T00:22:22Z list
2026-05-17T00:24:22Z list
2026-05-17T00:26:15Z list
2026-05-17T00:28:04Z list
2026-05-17T00:29:54Z list
2026-05-17T00:31:52Z list
2026-05-17T00:33:50Z list
2026-05-17T00:35:46Z list
2026-05-17T00:37:44Z list
2026-05-17T00:39:48Z list
2026-05-17T00:41:49Z list
2026-05-17T00:43:50Z list
2026-05-17T00:45:53Z list
2026-05-17T00:47:49Z list
2026-05-17T00:49:37Z list
2026-05-17T00:51:27Z list
2026-05-17T00:53:31Z list
2026-05-17T00:55:35Z list
2026-05-17T00:57:30Z list
2026-05-17T00:59:18Z list
2026-05-17T01:01:06Z list
2026-05-17T01:03:01Z list
2026-05-17T01:05:01Z list
2026-05-17T01:06:53Z list
2026-05-17T01:08:46Z list
2026-05-17T01:10:34Z list
2026-05-17T01:12:25Z list
2026-05-17T01:14:23Z list
2026-05-17T01:16:16Z list
2026-05-17T01:18:23Z list
2026-05-17T01:20:35Z list
2026-05-17T01:22:38Z list
2026-05-17T01:24:44Z list
2026-05-17T01:26:50Z list
2026-05-17T01:28:38Z list
2026-05-17T01:30:30Z list
2026-05-17T01:32:19Z list
2026-05-17T01:34:20Z list
2026-05-17T01:36:25Z list
2026-05-17T01:38:16Z list
2026-05-17T01:40:05Z list
2026-05-17T01:41:56Z list
2026-05-17T01:43:49Z list
2026-05-17T01:45:50Z list
2026-05-17T01:47:46Z list
2026-05-17T01:49:36Z list
2026-05-17T01:51:27Z list
2026-05-17T01:53:23Z list
2026-05-17T01:55:23Z list
2026-05-17T01:57:37Z list
2026-05-17T01:59:46Z list
2026-05-17T02:01:49Z list
2026-05-17T02:03:47Z list
2026-05-17T02:05:35Z list
2026-05-17T02:07:23Z list
2026-05-17T02:09:14Z list
2026-05-17T02:11:03Z list
2026-05-17T02:12:51Z list
2026-05-17T02:14:42Z list
2026-05-17T02:16:30Z list
2026-05-17T02:18:19Z list
2026-05-17T02:20:09Z list
2026-05-17T02:21:57Z list
2026-05-17T02:23:46Z list
2026-05-17T02:25:37Z list
2026-05-17T02:27:29Z list
2026-05-17T02:29:18Z list
2026-05-17T02:31:09Z list
2026-05-17T02:33:00Z list
2026-05-17T02:35:07Z list
2026-05-17T02:37:16Z list
2026-05-17T02:39:08Z list
2026-05-17T02:41:00Z list
2026-05-17T02:42:48Z list
2026-05-17T02:44:38Z list
2026-05-17T02:46:30Z list
2026-05-17T02:48:21Z list
2026-05-17T02:50:10Z list
2026-05-17T02:52:03Z list
2026-05-17T02:53:52Z list
2026-05-17T02:55:40Z list
2026-05-17T02:57:35Z list
2026-05-17T02:59:23Z list
2026-05-17T03:01:18Z list
2026-05-17T03:03:27Z list
2026-05-17T03:05:26Z list
2026-05-17T03:07:15Z list
2026-05-17T03:09:14Z list
2026-05-17T03:11:15Z list
2026-05-17T03:13:26Z list
2026-05-17T03:15:20Z list
2026-05-17T03:17:08Z list
2026-05-17T03:18:58Z list
2026-05-17T03:20:47Z list
2026-05-17T03:22:38Z list
2026-05-17T03:24:29Z list
2026-05-17T03:26:18Z list
2026-05-17T03:28:09Z list
2026-05-17T03:30:01Z list
2026-05-17T03:31:49Z list
2026-05-17T03:33:37Z list
2026-05-17T03:35:29Z list
2026-05-17T03:37:17Z list
2026-05-17T03:39:06Z list
2026-05-17T03:40:57Z list
2026-05-17T03:42:45Z list
2026-05-17T03:44:52Z list
2026-05-17T03:47:18Z list
2026-05-17T03:49:51Z list
2026-05-17T03:51:58Z list
2026-05-17T03:53:48Z list
2026-05-17T03:55:36Z list
2026-05-17T03:57:27Z list
2026-05-17T03:59:19Z list
2026-05-17T04:01:08Z list
2026-05-17T04:03:00Z list
2026-05-17T04:04:48Z list
2026-05-17T04:06:43Z list
2026-05-17T04:08:38Z list
2026-05-17T04:10:29Z list
2026-05-17T04:12:18Z list
2026-05-17T04:14:08Z list
2026-05-17T04:15:57Z list
2026-05-17T04:17:45Z list
2026-05-17T04:19:36Z list
2026-05-17T04:21:31Z list
2026-05-17T04:23:29Z list
2026-05-17T04:25:28Z list
2026-05-17T04:27:18Z list
2026-05-17T04:29:07Z list
2026-05-17T04:31:02Z list
2026-05-17T04:32:50Z list
2026-05-17T04:34:42Z list
2026-05-17T04:36:31Z list
2026-05-17T04:38:19Z list
2026-05-17T04:40:10Z list
2026-05-17T04:41:59Z list
2026-05-17T04:43:47Z list
2026-05-17T04:45:40Z list
2026-05-17T10:00:51Z show
2026-05-17T10:00:51Z list
2026-05-17T10:00:51Z add
2026-05-17T10:00:51Z show
2026-05-17T10:00:51Z list
2026-05-17T10:00:51Z add
2026-05-17T10:00:51Z show
2026-05-17T10:00:51Z list
2026-05-17T10:00:51Z add
2026-05-17T11:01:30Z ready
2026-05-17T11:16:07Z show
2026-05-17T11:16:07Z list
2026-05-17T11:16:07Z add
2026-05-17T11:16:07Z show
2026-05-17T11:16:07Z list
2026-05-17T11:16:07Z add
2026-05-17T11:16:07Z show
2026-05-17T11:16:07Z list
2026-05-17T11:16:07Z add
2026-05-17T11:16:11Z ready
2026-05-17T11:30:45Z show
2026-05-17T11:30:45Z list
2026-05-17T11:30:45Z add
2026-05-17T11:30:45Z show
2026-05-17T11:30:45Z list
2026-05-17T11:30:45Z add
2026-05-17T11:30:45Z show
2026-05-17T11:30:45Z list
2026-05-17T11:30:45Z add
2026-05-17T11:30:45Z ready
2026-05-17T11:45:20Z show
2026-05-17T11:45:20Z list
2026-05-17T11:45:20Z add
2026-05-17T11:45:20Z show
2026-05-17T11:45:20Z list
2026-05-17T11:45:20Z add
2026-05-17T11:45:20Z show
2026-05-17T11:45:20Z list
2026-05-17T11:45:20Z add
2026-05-17T11:45:20Z ready
2026-05-17T11:59:51Z show
2026-05-17T11:59:51Z list
2026-05-17T11:59:51Z add
2026-05-17T11:59:51Z show
2026-05-17T11:59:51Z list
2026-05-17T11:59:51Z add
2026-05-17T11:59:51Z show
2026-05-17T11:59:51Z list
2026-05-17T11:59:51Z add
2026-05-17T11:59:51Z ready
2026-05-17T12:14:21Z show
2026-05-17T12:14:21Z list
2026-05-17T12:14:21Z add
2026-05-17T12:14:21Z show
2026-05-17T12:14:21Z list
2026-05-17T12:14:21Z add
2026-05-17T12:14:21Z show
2026-05-17T12:14:21Z list
2026-05-17T12:14:21Z add
2026-05-17T12:14:21Z ready
2026-05-17T12:28:49Z show
2026-05-17T12:28:49Z list
2026-05-17T12:28:50Z add
2026-05-17T12:28:50Z show
2026-05-17T12:28:50Z list
2026-05-17T12:28:50Z add
2026-05-17T12:28:50Z show
2026-05-17T12:28:50Z list
2026-05-17T12:28:50Z add
2026-05-17T12:28:50Z ready
2026-05-17T12:43:49Z show
2026-05-17T12:43:49Z list
2026-05-17T12:43:49Z add
2026-05-17T12:43:49Z show
2026-05-17T12:43:49Z list
2026-05-17T12:43:49Z add
2026-05-17T12:43:49Z show
2026-05-17T12:43:49Z list
2026-05-17T12:43:49Z add
2026-05-17T12:43:49Z ready
2026-05-17T12:58:47Z show
2026-05-17T12:58:47Z list
2026-05-17T12:58:47Z add
2026-05-17T12:58:47Z show
2026-05-17T12:58:47Z list
2026-05-17T12:58:47Z add
2026-05-17T12:58:47Z show
2026-05-17T12:58:47Z list
2026-05-17T12:58:47Z add
2026-05-17T12:58:47Z ready
2026-05-17T13:13:45Z show
2026-05-17T13:13:45Z list
2026-05-17T13:13:45Z add
2026-05-17T13:13:45Z show
2026-05-17T13:13:45Z list
2026-05-17T13:13:45Z add
2026-05-17T13:13:45Z show
2026-05-17T13:13:45Z list
2026-05-17T13:13:45Z add
2026-05-17T13:13:45Z ready
2026-05-17T13:28:43Z show
2026-05-17T13:28:43Z list
2026-05-17T13:28:43Z add
2026-05-17T13:28:43Z show
2026-05-17T13:28:43Z list
2026-05-17T13:28:43Z add
2026-05-17T13:28:43Z show
2026-05-17T13:28:43Z list
2026-05-17T13:28:43Z add
2026-05-17T13:28:44Z ready
2026-05-17T13:43:43Z show
2026-05-17T13:43:43Z list
2026-05-17T13:43:43Z add
2026-05-17T13:43:43Z show
2026-05-17T13:43:43Z list
2026-05-17T13:43:43Z add
2026-05-17T13:43:43Z show
2026-05-17T13:43:43Z list
2026-05-17T13:43:43Z add
2026-05-17T13:43:43Z ready
2026-05-17T13:58:51Z show
2026-05-17T13:58:51Z list
2026-05-17T13:58:51Z add
2026-05-17T13:58:51Z show
2026-05-17T13:58:51Z list
2026-05-17T13:58:51Z add
2026-05-17T13:58:51Z show
2026-05-17T13:58:51Z list
2026-05-17T13:58:51Z add
2026-05-17T13:58:52Z ready
2026-05-17T14:13:51Z show
2026-05-17T14:13:51Z list
2026-05-17T14:13:51Z add
2026-05-17T14:13:51Z show
2026-05-17T14:13:51Z list
2026-05-17T14:13:51Z add
2026-05-17T14:13:51Z show
2026-05-17T14:13:51Z list
2026-05-17T14:13:51Z add
2026-05-17T14:13:51Z ready
2026-05-17T14:28:54Z show
2026-05-17T14:28:54Z list
2026-05-17T14:28:54Z add
2026-05-17T14:28:54Z show
2026-05-17T14:28:54Z list
2026-05-17T14:28:54Z add
2026-05-17T14:28:54Z show
2026-05-17T14:28:54Z list
2026-05-17T14:28:54Z add
2026-05-17T14:28:54Z ready
2026-05-17T14:43:56Z show
2026-05-17T14:43:56Z list
2026-05-17T14:43:56Z add
2026-05-17T14:43:56Z show
2026-05-17T14:43:56Z list
2026-05-17T14:43:56Z add
2026-05-17T14:43:56Z show
2026-05-17T14:43:56Z list
2026-05-17T14:43:56Z add
2026-05-17T14:43:56Z ready
2026-05-17T14:59:00Z show
2026-05-17T14:59:00Z list
2026-05-17T14:59:00Z add
2026-05-17T14:59:00Z show
2026-05-17T14:59:00Z list
2026-05-17T14:59:00Z add
2026-05-17T14:59:00Z show
2026-05-17T14:59:00Z list
2026-05-17T14:59:00Z add
2026-05-17T14:59:00Z ready
2026-05-17T15:14:02Z show
2026-05-17T15:14:03Z list
2026-05-17T15:14:03Z add
2026-05-17T15:14:03Z show
2026-05-17T15:14:03Z list
2026-05-17T15:14:03Z add
2026-05-17T15:14:03Z show
2026-05-17T15:14:03Z list
2026-05-17T15:14:03Z add
2026-05-17T15:14:03Z ready
2026-05-17T15:29:11Z show
2026-05-17T15:29:11Z list
2026-05-17T15:29:11Z add
2026-05-17T15:29:11Z show
2026-05-17T15:29:11Z list
2026-05-17T15:29:11Z add
2026-05-17T15:29:11Z show
2026-05-17T15:29:11Z list
2026-05-17T15:29:11Z add
2026-05-17T15:29:11Z ready
2026-05-17T15:44:08Z show
2026-05-17T15:44:08Z list
2026-05-17T15:44:08Z add
2026-05-17T15:44:08Z show
2026-05-17T15:44:08Z list
2026-05-17T15:44:08Z add
2026-05-17T15:44:08Z show
2026-05-17T15:44:08Z list
2026-05-17T15:44:08Z add
2026-05-17T15:44:08Z ready
2026-05-17T15:59:23Z show
2026-05-17T15:59:23Z list
2026-05-17T15:59:23Z add
2026-05-17T15:59:23Z show
2026-05-17T15:59:23Z list
2026-05-17T15:59:23Z add
2026-05-17T15:59:23Z show
2026-05-17T15:59:23Z list
2026-05-17T15:59:23Z add
2026-05-17T15:59:24Z ready
2026-05-17T16:14:46Z show
2026-05-17T16:14:46Z list
2026-05-17T16:14:46Z add
2026-05-17T16:14:46Z show
2026-05-17T16:14:46Z list
2026-05-17T16:14:46Z add
2026-05-17T16:14:46Z show
2026-05-17T16:14:46Z list
2026-05-17T16:14:46Z add
2026-05-17T16:14:46Z ready
2026-05-17T16:30:14Z show
2026-05-17T16:30:14Z list
2026-05-17T16:30:14Z add
2026-05-17T16:30:15Z show
2026-05-17T16:30:15Z list
2026-05-17T16:30:15Z add
2026-05-17T16:30:15Z show
2026-05-17T16:30:15Z list
2026-05-17T16:30:15Z add
2026-05-17T16:30:15Z ready
2026-05-17T16:45:57Z show
2026-05-17T16:45:57Z list
2026-05-17T16:45:57Z add
2026-05-17T16:45:57Z show
2026-05-17T16:45:57Z list
2026-05-17T16:45:57Z add
2026-05-17T16:45:58Z show
2026-05-17T16:45:58Z list
2026-05-17T16:45:58Z add
2026-05-17T16:45:58Z ready
2026-05-17T17:01:08Z show
2026-05-17T17:01:08Z list
2026-05-17T17:01:08Z add
2026-05-17T17:01:08Z show
2026-05-17T17:01:08Z list
2026-05-17T17:01:08Z add
2026-05-17T17:01:08Z show
2026-05-17T17:01:08Z list
2026-05-17T17:01:08Z add
2026-05-17T17:01:08Z ready
2026-05-17T17:16:21Z show
2026-05-17T17:16:21Z list
2026-05-17T17:16:21Z add
2026-05-17T17:16:21Z show
2026-05-17T17:16:21Z list
2026-05-17T17:16:21Z add
2026-05-17T17:16:21Z show
2026-05-17T17:16:21Z list
2026-05-17T17:16:21Z add
2026-05-17T17:16:21Z ready
2026-05-17T17:31:57Z show
2026-05-17T17:31:57Z list
2026-05-17T17:31:57Z add
2026-05-17T17:31:57Z show
2026-05-17T17:31:57Z list
2026-05-17T17:31:57Z add
2026-05-17T17:31:57Z show
2026-05-17T17:31:57Z list
2026-05-17T17:31:57Z add
2026-05-17T17:31:58Z ready
2026-05-17T17:47:33Z show
2026-05-17T17:47:33Z list
2026-05-17T17:47:33Z add
2026-05-17T17:47:33Z show
2026-05-17T17:47:33Z list
2026-05-17T17:47:33Z add
2026-05-17T17:47:33Z show
2026-05-17T17:47:33Z list
2026-05-17T17:47:33Z add
2026-05-17T17:47:33Z ready
2026-05-17T18:03:03Z show
2026-05-17T18:03:03Z list
2026-05-17T18:03:03Z add
2026-05-17T18:03:03Z show
2026-05-17T18:03:03Z list
2026-05-17T18:03:03Z add
2026-05-17T18:03:03Z show
2026-05-17T18:03:03Z list
2026-05-17T18:03:03Z add
2026-05-17T18:03:03Z ready
2026-05-17T18:18:35Z show
2026-05-17T18:18:35Z list
2026-05-17T18:18:35Z add
2026-05-17T18:18:35Z show
2026-05-17T18:18:35Z list
2026-05-17T18:18:35Z add
2026-05-17T18:18:35Z show
2026-05-17T18:18:35Z list
2026-05-17T18:18:35Z add
2026-05-17T18:18:35Z ready
2026-05-17T18:34:07Z show
2026-05-17T18:34:07Z list
2026-05-17T18:34:07Z add
2026-05-17T18:34:07Z show
2026-05-17T18:34:07Z list
2026-05-17T18:34:07Z add
2026-05-17T18:34:07Z show
2026-05-17T18:34:07Z list
2026-05-17T18:34:07Z add
2026-05-17T18:34:07Z ready
2026-05-17T18:49:55Z show
2026-05-17T18:49:55Z list
2026-05-17T18:49:55Z add
2026-05-17T18:49:55Z show
2026-05-17T18:49:55Z list
2026-05-17T18:49:55Z add
2026-05-17T18:49:55Z show
2026-05-17T18:49:55Z list
2026-05-17T18:49:55Z add
2026-05-17T18:49:55Z ready
2026-05-17T19:05:38Z show
2026-05-17T19:05:38Z list
2026-05-17T19:05:38Z add
2026-05-17T19:05:38Z show
2026-05-17T19:05:38Z list
2026-05-17T19:05:38Z add
2026-05-17T19:05:38Z show
2026-05-17T19:05:38Z list
2026-05-17T19:05:38Z add
2026-05-17T19:05:38Z ready
2026-05-17T19:21:13Z show
2026-05-17T19:21:13Z list
2026-05-17T19:21:13Z add
2026-05-17T19:21:13Z show
2026-05-17T19:21:13Z list
2026-05-17T19:21:13Z add
2026-05-17T19:21:13Z show
2026-05-17T19:21:13Z list
2026-05-17T19:21:13Z add
2026-05-17T19:21:14Z ready
2026-05-17T19:36:44Z show
2026-05-17T19:36:44Z list
2026-05-17T19:36:44Z add
2026-05-17T19:36:44Z show
2026-05-17T19:36:44Z list
2026-05-17T19:36:44Z add
2026-05-17T19:36:44Z show
2026-05-17T19:36:44Z list
2026-05-17T19:36:44Z add
2026-05-17T19:36:45Z ready
2026-05-17T19:53:16Z show
2026-05-17T19:53:16Z list
2026-05-17T19:53:16Z add
2026-05-17T19:53:16Z show
2026-05-17T19:53:16Z list
2026-05-17T19:53:16Z add
2026-05-17T19:53:16Z show
2026-05-17T19:53:16Z list
2026-05-17T19:53:16Z add
2026-05-17T19:53:16Z ready
2026-05-17T20:08:47Z show
2026-05-17T20:08:47Z list
2026-05-17T20:08:47Z add
2026-05-17T20:08:47Z show
2026-05-17T20:08:47Z list
2026-05-17T20:08:47Z add
2026-05-17T20:08:47Z show
2026-05-17T20:08:47Z list
2026-05-17T20:08:47Z add
2026-05-17T20:08:47Z ready
2026-05-17T20:24:22Z show
2026-05-17T20:24:22Z list
2026-05-17T20:24:22Z add
2026-05-17T20:24:22Z show
2026-05-17T20:24:22Z list
2026-05-17T20:24:22Z add
2026-05-17T20:24:22Z show
2026-05-17T20:24:22Z list
2026-05-17T20:24:22Z add
2026-05-17T20:24:22Z ready
2026-05-17T20:40:52Z show
2026-05-17T20:40:52Z list
2026-05-17T20:40:52Z add
2026-05-17T20:40:52Z show
2026-05-17T20:40:52Z list
2026-05-17T20:40:52Z add
2026-05-17T20:40:52Z show
2026-05-17T20:40:52Z list
2026-05-17T20:40:52Z add
2026-05-17T20:40:53Z ready
2026-05-17T20:56:39Z show
2026-05-17T20:56:39Z list
2026-05-17T20:56:39Z add
2026-05-17T20:56:39Z show
2026-05-17T20:56:39Z list
2026-05-17T20:56:39Z add
2026-05-17T20:56:39Z show
2026-05-17T20:56:39Z list
2026-05-17T20:56:39Z add
2026-05-17T20:56:40Z ready
2026-05-17T21:12:29Z show
2026-05-17T21:12:29Z list
2026-05-17T21:12:29Z add
2026-05-17T21:12:29Z show
2026-05-17T21:12:29Z list
2026-05-17T21:12:29Z add
2026-05-17T21:12:29Z show
2026-05-17T21:12:29Z list
2026-05-17T21:12:29Z add
2026-05-17T21:12:30Z ready
2026-05-17T21:28:18Z show
2026-05-17T21:28:18Z list
2026-05-17T21:28:18Z add
2026-05-17T21:28:18Z show
2026-05-17T21:28:18Z list
2026-05-17T21:28:18Z add
2026-05-17T21:28:18Z show
2026-05-17T21:28:18Z list
2026-05-17T21:28:18Z add
2026-05-17T21:28:18Z ready
2026-05-17T21:44:02Z show
2026-05-17T21:44:02Z list
2026-05-17T21:44:02Z add
2026-05-17T21:44:02Z show
2026-05-17T21:44:02Z list
2026-05-17T21:44:02Z add
2026-05-17T21:44:02Z show
2026-05-17T21:44:02Z list
2026-05-17T21:44:02Z add
2026-05-17T21:44:02Z ready
2026-05-17T21:59:45Z show
2026-05-17T21:59:45Z list
2026-05-17T21:59:45Z add
2026-05-17T21:59:45Z show
2026-05-17T21:59:45Z list
2026-05-17T21:59:45Z add
2026-05-17T21:59:45Z show
2026-05-17T21:59:45Z list
2026-05-17T21:59:45Z add
2026-05-17T21:59:46Z ready
2026-05-17T22:16:01Z show
2026-05-17T22:16:01Z list
2026-05-17T22:16:01Z add
2026-05-17T22:16:01Z show
2026-05-17T22:16:01Z list
2026-05-17T22:16:01Z add
2026-05-17T22:16:01Z show
2026-05-17T22:16:01Z list
2026-05-17T22:16:01Z add
2026-05-17T22:16:01Z ready
2026-05-17T22:32:10Z show
2026-05-17T22:32:10Z list
2026-05-17T22:32:10Z add
2026-05-17T22:32:10Z show
2026-05-17T22:32:10Z list
2026-05-17T22:32:10Z add
2026-05-17T22:32:10Z show
2026-05-17T22:32:10Z list
2026-05-17T22:32:10Z add
2026-05-17T22:32:10Z ready
2026-05-17T22:48:07Z show
2026-05-17T22:48:07Z list
2026-05-17T22:48:07Z add
2026-05-17T22:48:07Z show
2026-05-17T22:48:07Z list
2026-05-17T22:48:07Z add
2026-05-17T22:48:07Z show
2026-05-17T22:48:07Z list
2026-05-17T22:48:07Z add
2026-05-17T22:48:07Z ready
2026-05-17T23:04:04Z show
2026-05-17T23:04:04Z list
2026-05-17T23:04:04Z add
2026-05-17T23:04:04Z show
2026-05-17T23:04:04Z list
2026-05-17T23:04:04Z add
2026-05-17T23:04:04Z show
2026-05-17T23:04:04Z list
2026-05-17T23:04:04Z add
2026-05-17T23:04:04Z ready
2026-05-17T23:20:03Z show
2026-05-17T23:20:03Z list
2026-05-17T23:20:03Z add
2026-05-17T23:20:03Z show
2026-05-17T23:20:03Z list
2026-05-17T23:20:03Z add
2026-05-17T23:20:03Z show
2026-05-17T23:20:03Z list
2026-05-17T23:20:03Z add
2026-05-17T23:20:03Z ready
2026-05-17T23:35:59Z show
2026-05-17T23:35:59Z list
2026-05-17T23:35:59Z add
2026-05-17T23:35:59Z show
2026-05-17T23:35:59Z list
2026-05-17T23:35:59Z add
2026-05-17T23:35:59Z show
2026-05-17T23:35:59Z list
2026-05-17T23:35:59Z add
2026-05-17T23:35:59Z ready
2026-05-17T23:51:57Z show
2026-05-17T23:51:57Z list
2026-05-17T23:51:57Z add
2026-05-17T23:51:57Z show
2026-05-17T23:51:57Z list
2026-05-17T23:51:57Z add
2026-05-17T23:51:57Z show
2026-05-17T23:51:57Z list
2026-05-17T23:51:57Z add
2026-05-17T23:51:57Z ready
2026-05-18T00:08:07Z show
2026-05-18T00:08:07Z list
2026-05-18T00:08:07Z add
2026-05-18T00:08:07Z show
2026-05-18T00:08:07Z list
2026-05-18T00:08:07Z add
2026-05-18T00:08:07Z show
2026-05-18T00:08:07Z list
2026-05-18T00:08:07Z add
2026-05-18T00:08:07Z ready
2026-05-18T00:24:07Z show
2026-05-18T00:24:07Z list
2026-05-18T00:24:07Z add
2026-05-18T00:24:07Z show
2026-05-18T00:24:07Z list
2026-05-18T00:24:07Z add
2026-05-18T00:24:07Z show
2026-05-18T00:24:07Z list
2026-05-18T00:24:07Z add
2026-05-18T00:24:07Z ready
2026-05-18T00:40:05Z show
2026-05-18T00:40:05Z list
2026-05-18T00:40:05Z add
2026-05-18T00:40:05Z show
2026-05-18T00:40:05Z list
2026-05-18T00:40:05Z add
2026-05-18T00:40:05Z show
2026-05-18T00:40:05Z list
2026-05-18T00:40:05Z add
2026-05-18T00:40:05Z ready
2026-05-18T00:56:02Z show
2026-05-18T00:56:02Z list
2026-05-18T00:56:02Z add
2026-05-18T00:56:02Z show
2026-05-18T00:56:02Z list
2026-05-18T00:56:02Z add
2026-05-18T00:56:02Z show
2026-05-18T00:56:02Z list
2026-05-18T00:56:02Z add
2026-05-18T00:56:02Z ready
2026-05-18T01:12:02Z show
2026-05-18T01:12:02Z list
2026-05-18T01:12:02Z add
2026-05-18T01:12:02Z show
2026-05-18T01:12:02Z list
2026-05-18T01:12:02Z add
2026-05-18T01:12:02Z show
2026-05-18T01:12:02Z list
2026-05-18T01:12:02Z add
2026-05-18T01:12:02Z ready
2026-05-18T01:27:58Z show
2026-05-18T01:27:58Z list
2026-05-18T01:27:58Z add
2026-05-18T01:27:58Z show
2026-05-18T01:27:58Z list
2026-05-18T01:27:58Z add
2026-05-18T01:27:58Z show
2026-05-18T01:27:58Z list
2026-05-18T01:27:58Z add
2026-05-18T01:27:58Z ready
2026-05-18T01:43:57Z show
2026-05-18T01:43:57Z list
2026-05-18T01:43:57Z add
2026-05-18T01:43:57Z show
2026-05-18T01:43:57Z list
2026-05-18T01:43:57Z add
2026-05-18T01:43:57Z show
2026-05-18T01:43:57Z list
2026-05-18T01:43:57Z add
2026-05-18T01:43:58Z ready
2026-05-18T01:59:53Z show
2026-05-18T01:59:53Z list
2026-05-18T01:59:53Z add
2026-05-18T01:59:53Z show
2026-05-18T01:59:53Z list
2026-05-18T01:59:53Z add
2026-05-18T01:59:53Z show
2026-05-18T01:59:53Z list
2026-05-18T01:59:53Z add
2026-05-18T01:59:53Z ready
2026-05-18T02:15:53Z show
2026-05-18T02:15:53Z list
2026-05-18T02:15:53Z add
2026-05-18T02:15:53Z show
2026-05-18T02:15:53Z list
2026-05-18T02:15:53Z add
2026-05-18T02:15:53Z show
2026-05-18T02:15:53Z list
2026-05-18T02:15:53Z add
2026-05-18T02:15:53Z ready
2026-05-18T02:31:51Z show
2026-05-18T02:31:51Z list
2026-05-18T02:31:51Z add
2026-05-18T02:31:51Z show
2026-05-18T02:31:51Z list
2026-05-18T02:31:51Z add
2026-05-18T02:31:51Z show
2026-05-18T02:31:51Z list
2026-05-18T02:31:51Z add
2026-05-18T02:31:52Z ready
2026-05-18T02:47:49Z show
2026-05-18T02:47:49Z list
2026-05-18T02:47:49Z add
2026-05-18T02:47:49Z show
2026-05-18T02:47:49Z list
2026-05-18T02:47:49Z add
2026-05-18T02:47:49Z show
2026-05-18T02:47:49Z list
2026-05-18T02:47:49Z add
2026-05-18T02:47:49Z ready
2026-05-18T03:03:48Z show
2026-05-18T03:03:48Z list
2026-05-18T03:03:48Z add
2026-05-18T03:03:48Z show
2026-05-18T03:03:48Z list
2026-05-18T03:03:48Z add
2026-05-18T03:03:48Z show
2026-05-18T03:03:48Z list
2026-05-18T03:03:48Z add
2026-05-18T03:03:48Z ready
2026-05-18T03:19:52Z show
2026-05-18T03:19:52Z list
2026-05-18T03:19:52Z add
2026-05-18T03:19:52Z show
2026-05-18T03:19:52Z list
2026-05-18T03:19:52Z add
2026-05-18T03:19:52Z show
2026-05-18T03:19:52Z list
2026-05-18T03:19:52Z add
2026-05-18T03:19:52Z ready
2026-05-18T03:35:48Z show
2026-05-18T03:35:48Z list
2026-05-18T03:35:48Z add
2026-05-18T03:35:48Z show
2026-05-18T03:35:48Z list
2026-05-18T03:35:48Z add
2026-05-18T03:35:48Z show
2026-05-18T03:35:48Z list
2026-05-18T03:35:48Z add
2026-05-18T03:35:48Z ready
2026-05-18T03:51:46Z show
2026-05-18T03:51:46Z list
2026-05-18T03:51:46Z add
2026-05-18T03:51:46Z show
2026-05-18T03:51:46Z list
2026-05-18T03:51:46Z add
2026-05-18T03:51:46Z show
2026-05-18T03:51:46Z list
2026-05-18T03:51:46Z add
2026-05-18T03:51:46Z ready
2026-05-18T04:07:44Z show
2026-05-18T04:07:44Z list
2026-05-18T04:07:44Z add
2026-05-18T04:07:44Z show
2026-05-18T04:07:44Z list
2026-05-18T04:07:44Z add
2026-05-18T04:07:44Z show
2026-05-18T04:07:44Z list
2026-05-18T04:07:45Z add
2026-05-18T04:07:45Z ready
2026-05-18T04:23:47Z show
2026-05-18T04:23:47Z list
2026-05-18T04:23:47Z add
2026-05-18T04:23:47Z show
2026-05-18T04:23:47Z list
2026-05-18T04:23:47Z add
2026-05-18T04:23:47Z show
2026-05-18T04:23:47Z list
2026-05-18T04:23:47Z add
2026-05-18T04:23:47Z ready
2026-05-18T04:39:49Z show
2026-05-18T04:39:49Z list
2026-05-18T04:39:49Z add
2026-05-18T04:39:49Z show
2026-05-18T04:39:49Z list
2026-05-18T04:39:49Z add
2026-05-18T04:39:49Z show
2026-05-18T04:39:50Z list
2026-05-18T04:39:50Z add
2026-05-18T04:39:50Z ready
2026-05-18T04:55:53Z show
2026-05-18T04:55:53Z list
2026-05-18T04:55:53Z add
2026-05-18T04:55:53Z show
2026-05-18T04:55:53Z list
2026-05-18T04:55:53Z add
2026-05-18T04:55:53Z show
2026-05-18T04:55:53Z list
2026-05-18T04:55:53Z add
2026-05-18T04:55:53Z ready
2026-05-18T05:11:51Z show
2026-05-18T05:11:51Z list
2026-05-18T05:11:51Z add
2026-05-18T05:11:51Z show
2026-05-18T05:11:51Z list
2026-05-18T05:11:51Z add
2026-05-18T05:11:51Z show
2026-05-18T05:11:51Z list
2026-05-18T05:11:51Z add
2026-05-18T05:11:51Z ready
2026-05-18T05:27:53Z show
2026-05-18T05:27:53Z list
2026-05-18T05:27:53Z add
2026-05-18T05:27:53Z show
2026-05-18T05:27:53Z list
2026-05-18T05:27:53Z add
2026-05-18T05:27:53Z show
2026-05-18T05:27:53Z list
2026-05-18T05:27:53Z add
2026-05-18T05:27:53Z ready
2026-05-18T05:43:49Z show
2026-05-18T05:43:49Z list
2026-05-18T05:43:49Z add
2026-05-18T05:43:50Z show
2026-05-18T05:43:50Z list
2026-05-18T05:43:50Z add
2026-05-18T05:43:50Z show
2026-05-18T05:43:50Z list
2026-05-18T05:43:50Z add
2026-05-18T05:43:50Z ready
2026-05-18T05:59:48Z show
2026-05-18T05:59:48Z list
2026-05-18T05:59:48Z add
2026-05-18T05:59:48Z show
2026-05-18T05:59:48Z list
2026-05-18T05:59:48Z add
2026-05-18T05:59:48Z show
2026-05-18T05:59:48Z list
2026-05-18T05:59:48Z add
2026-05-18T05:59:48Z ready
2026-05-18T06:15:49Z show
2026-05-18T06:15:49Z list
2026-05-18T06:15:49Z add
2026-05-18T06:15:49Z show
2026-05-18T06:15:49Z list
2026-05-18T06:15:49Z add
2026-05-18T06:15:49Z show
2026-05-18T06:15:49Z list
2026-05-18T06:15:49Z add
2026-05-18T06:15:49Z ready
2026-05-18T06:31:48Z show
2026-05-18T06:31:48Z list
2026-05-18T06:31:48Z add
2026-05-18T06:31:48Z show
2026-05-18T06:31:48Z list
2026-05-18T06:31:48Z add
2026-05-18T06:31:48Z show
2026-05-18T06:31:48Z list
2026-05-18T06:31:48Z add
2026-05-18T06:31:48Z ready
2026-05-18T06:47:43Z show
2026-05-18T06:47:43Z list
2026-05-18T06:47:43Z add
2026-05-18T06:47:43Z show
2026-05-18T06:47:43Z list
2026-05-18T06:47:43Z add
2026-05-18T06:47:43Z show
2026-05-18T06:47:43Z list
2026-05-18T06:47:43Z add
2026-05-18T06:47:43Z ready
2026-05-18T07:03:40Z show
2026-05-18T07:03:40Z list
2026-05-18T07:03:40Z add
2026-05-18T07:03:40Z show
2026-05-18T07:03:40Z list
2026-05-18T07:03:40Z add
2026-05-18T07:03:40Z show
2026-05-18T07:03:40Z list
2026-05-18T07:03:40Z add
2026-05-18T07:03:40Z ready
2026-05-18T07:19:44Z show
2026-05-18T07:19:44Z list
2026-05-18T07:19:44Z add
2026-05-18T07:19:44Z show
2026-05-18T07:19:44Z list
2026-05-18T07:19:44Z add
2026-05-18T07:19:44Z show
2026-05-18T07:19:44Z list
2026-05-18T07:19:44Z add
2026-05-18T07:19:44Z ready
2026-05-18T07:35:41Z show
2026-05-18T07:35:41Z list
2026-05-18T07:35:41Z add
2026-05-18T07:35:41Z show
2026-05-18T07:35:41Z list
2026-05-18T07:35:41Z add
2026-05-18T07:35:41Z show
2026-05-18T07:35:41Z list
2026-05-18T07:35:41Z add
2026-05-18T07:35:42Z ready
2026-05-18T07:51:38Z show
2026-05-18T07:51:38Z list
2026-05-18T07:51:38Z add
2026-05-18T07:51:38Z show
2026-05-18T07:51:38Z list
2026-05-18T07:51:38Z add
2026-05-18T07:51:38Z show
2026-05-18T07:51:38Z list
2026-05-18T07:51:38Z add
2026-05-18T07:51:39Z ready
2026-05-18T08:07:37Z show
2026-05-18T08:07:37Z list
2026-05-18T08:07:37Z add
2026-05-18T08:07:37Z show
2026-05-18T08:07:37Z list
2026-05-18T08:07:37Z add
2026-05-18T08:07:37Z show
2026-05-18T08:07:37Z list
2026-05-18T08:07:37Z add
2026-05-18T08:07:37Z ready
2026-05-18T08:23:38Z show
2026-05-18T08:23:38Z list
2026-05-18T08:23:38Z add
2026-05-18T08:23:38Z show
2026-05-18T08:23:38Z list
2026-05-18T08:23:38Z add
2026-05-18T08:23:38Z show
2026-05-18T08:23:38Z list
2026-05-18T08:23:38Z add
2026-05-18T08:23:38Z ready
2026-05-18T08:39:35Z show
2026-05-18T08:39:35Z list
2026-05-18T08:39:35Z add
2026-05-18T08:39:35Z show
2026-05-18T08:39:35Z list
2026-05-18T08:39:35Z add
2026-05-18T08:39:35Z show
2026-05-18T08:39:35Z list
2026-05-18T08:39:35Z add
2026-05-18T08:39:35Z ready
2026-05-18T08:55:33Z show
2026-05-18T08:55:33Z list
2026-05-18T08:55:33Z add
2026-05-18T08:55:33Z show
2026-05-18T08:55:33Z list
2026-05-18T08:55:33Z add
2026-05-18T08:55:33Z show
2026-05-18T08:55:33Z list
2026-05-18T08:55:33Z add
2026-05-18T08:55:33Z ready
2026-05-18T09:11:31Z show
2026-05-18T09:11:31Z list
2026-05-18T09:11:31Z add
2026-05-18T09:11:31Z show
2026-05-18T09:11:31Z list
2026-05-18T09:11:31Z add
2026-05-18T09:11:31Z show
2026-05-18T09:11:31Z list
2026-05-18T09:11:31Z add
2026-05-18T09:11:31Z ready
2026-05-18T09:27:38Z show
2026-05-18T09:27:38Z list
2026-05-18T09:27:38Z add
2026-05-18T09:27:38Z show
2026-05-18T09:27:38Z list
2026-05-18T09:27:38Z add
2026-05-18T09:27:38Z show
2026-05-18T09:27:38Z list
2026-05-18T09:27:38Z add
2026-05-18T09:27:38Z ready
2026-05-18T09:43:35Z show
2026-05-18T09:43:35Z list
2026-05-18T09:43:35Z add
2026-05-18T09:43:35Z show
2026-05-18T09:43:35Z list
2026-05-18T09:43:35Z add
2026-05-18T09:43:35Z show
2026-05-18T09:43:35Z list
2026-05-18T09:43:35Z add
2026-05-18T09:43:35Z ready
2026-05-18T09:59:29Z show
2026-05-18T09:59:29Z list
2026-05-18T09:59:29Z add
2026-05-18T09:59:29Z show
2026-05-18T09:59:29Z list
2026-05-18T09:59:29Z add
2026-05-18T09:59:29Z show
2026-05-18T09:59:29Z list
2026-05-18T09:59:29Z add
2026-05-18T09:59:29Z ready
2026-05-18T10:15:34Z show
2026-05-18T10:15:34Z list
2026-05-18T10:15:34Z add
2026-05-18T10:15:34Z show
2026-05-18T10:15:34Z list
2026-05-18T10:15:34Z add
2026-05-18T10:15:34Z show
2026-05-18T10:15:34Z list
2026-05-18T10:15:34Z add
2026-05-18T10:15:34Z ready
2026-05-18T10:33:31Z show
2026-05-18T10:33:31Z list
2026-05-18T10:33:31Z add
2026-05-18T10:33:31Z show
2026-05-18T10:33:31Z list
2026-05-18T10:33:31Z add
2026-05-18T10:33:31Z show
2026-05-18T10:33:31Z list
2026-05-18T10:33:31Z add
2026-05-18T10:33:31Z ready
2026-05-18T10:51:27Z show
2026-05-18T10:51:27Z list
2026-05-18T10:51:27Z add
2026-05-18T10:51:27Z show
2026-05-18T10:51:27Z list
2026-05-18T10:51:27Z add
2026-05-18T10:51:27Z show
2026-05-18T10:51:27Z list
2026-05-18T10:51:27Z add
2026-05-18T10:51:28Z ready
2026-05-18T11:09:24Z show
2026-05-18T11:09:24Z list
2026-05-18T11:09:24Z add
2026-05-18T11:09:24Z show
2026-05-18T11:09:24Z list
2026-05-18T11:09:24Z add
2026-05-18T11:09:24Z show
2026-05-18T11:09:24Z list
2026-05-18T11:09:24Z add
2026-05-18T11:09:24Z ready
2026-05-18T11:27:26Z show
2026-05-18T11:27:26Z list
2026-05-18T11:27:26Z add
2026-05-18T11:27:26Z show
2026-05-18T11:27:26Z list
2026-05-18T11:27:26Z add
2026-05-18T11:27:26Z show
2026-05-18T11:27:26Z list
2026-05-18T11:27:26Z add
2026-05-18T11:27:26Z ready
2026-05-18T11:46:24Z show
2026-05-18T11:46:24Z list
2026-05-18T11:46:24Z add
2026-05-18T11:46:24Z show
2026-05-18T11:46:24Z list
2026-05-18T11:46:24Z add
2026-05-18T11:46:24Z show
2026-05-18T11:46:24Z list
2026-05-18T11:46:24Z add
2026-05-18T11:46:24Z ready
2026-05-18T12:05:22Z show
2026-05-18T12:05:22Z list
2026-05-18T12:05:22Z add
2026-05-18T12:05:22Z show
2026-05-18T12:05:22Z list
2026-05-18T12:05:22Z add
2026-05-18T12:05:22Z show
2026-05-18T12:05:22Z list
2026-05-18T12:05:22Z add
2026-05-18T12:05:22Z ready
2026-05-18T12:25:18Z show
2026-05-18T12:25:18Z list
2026-05-18T12:25:18Z add
2026-05-18T12:25:18Z show
2026-05-18T12:25:18Z list
2026-05-18T12:25:18Z add
2026-05-18T12:25:18Z show
2026-05-18T12:25:18Z list
2026-05-18T12:25:18Z add
2026-05-18T12:25:18Z ready
2026-05-18T12:44:18Z show
2026-05-18T12:44:18Z list
2026-05-18T12:44:18Z add
2026-05-18T12:44:18Z show
2026-05-18T12:44:18Z list
2026-05-18T12:44:18Z add
2026-05-18T12:44:18Z show
2026-05-18T12:44:18Z list
2026-05-18T12:44:18Z add
2026-05-18T12:44:18Z ready
2026-05-18T13:01:52Z show
2026-05-18T13:01:52Z list
2026-05-18T13:01:52Z add
2026-05-18T13:01:52Z show
2026-05-18T13:01:52Z list
2026-05-18T13:01:52Z add
2026-05-18T13:01:52Z show
2026-05-18T13:01:52Z list
2026-05-18T13:01:52Z add
2026-05-18T13:01:52Z ready
2026-05-18T13:21:39Z show
2026-05-18T13:21:39Z list
2026-05-18T13:21:39Z add
2026-05-18T13:21:39Z show
2026-05-18T13:21:39Z list
2026-05-18T13:21:39Z add
2026-05-18T13:21:39Z show
2026-05-18T13:21:39Z list
2026-05-18T13:21:39Z add
2026-05-18T13:21:39Z ready
2026-05-18T13:40:45Z show
2026-05-18T13:40:45Z list
2026-05-18T13:40:45Z add
2026-05-18T13:40:45Z show
2026-05-18T13:40:45Z list
2026-05-18T13:40:45Z add
2026-05-18T13:40:45Z show
2026-05-18T13:40:45Z list
2026-05-18T13:40:45Z add
2026-05-18T13:40:45Z ready
2026-05-18T13:59:50Z show
2026-05-18T13:59:50Z list
2026-05-18T13:59:50Z add
2026-05-18T13:59:50Z show
2026-05-18T13:59:50Z list
2026-05-18T13:59:50Z add
2026-05-18T13:59:50Z show
2026-05-18T13:59:50Z list
2026-05-18T13:59:50Z add
2026-05-18T13:59:50Z ready
2026-05-18T14:18:55Z show
2026-05-18T14:18:55Z list
2026-05-18T14:18:55Z add
2026-05-18T14:18:55Z show
2026-05-18T14:18:55Z list
2026-05-18T14:18:55Z add
2026-05-18T14:18:55Z show
2026-05-18T14:18:55Z list
2026-05-18T14:18:55Z add
2026-05-18T14:18:56Z ready
2026-05-18T14:38:34Z show
2026-05-18T14:38:34Z list
2026-05-18T14:38:34Z add
2026-05-18T14:38:34Z show
2026-05-18T14:38:34Z list
2026-05-18T14:38:34Z add
2026-05-18T14:38:34Z show
2026-05-18T14:38:34Z list
2026-05-18T14:38:34Z add
2026-05-18T14:38:34Z ready
2026-05-18T14:53:03Z show
2026-05-18T14:53:03Z list
2026-05-18T14:53:03Z add
2026-05-18T14:53:03Z show
2026-05-18T14:53:03Z list
2026-05-18T14:53:03Z add
2026-05-18T14:53:03Z show
2026-05-18T14:53:03Z list
2026-05-18T14:53:03Z add
2026-05-18T14:53:03Z ready
2026-05-18T15:06:17Z show
2026-05-18T15:06:17Z list
2026-05-18T15:06:17Z add
2026-05-18T15:06:17Z show
2026-05-18T15:06:17Z list
2026-05-18T15:06:17Z add
2026-05-18T15:06:17Z show
2026-05-18T15:06:17Z list
2026-05-18T15:06:17Z add
2026-05-18T15:06:17Z ready
2026-05-18T15:19:01Z show
2026-05-18T15:19:01Z list
2026-05-18T15:19:01Z add
2026-05-18T15:19:01Z show
2026-05-18T15:19:01Z list
2026-05-18T15:19:01Z add
2026-05-18T15:19:01Z show
2026-05-18T15:19:01Z list
2026-05-18T15:19:01Z add
2026-05-18T15:19:02Z ready
2026-05-18T15:31:35Z show
2026-05-18T15:31:35Z list
2026-05-18T15:31:35Z add
2026-05-18T15:31:35Z show
2026-05-18T15:31:35Z list
2026-05-18T15:31:35Z add
2026-05-18T15:31:35Z show
2026-05-18T15:31:35Z list
2026-05-18T15:31:35Z add
2026-05-18T15:31:35Z ready
2026-05-18T15:43:33Z show
2026-05-18T15:43:33Z list
2026-05-18T15:43:33Z add
2026-05-18T15:43:33Z show
2026-05-18T15:43:33Z list
2026-05-18T15:43:33Z add
2026-05-18T15:43:33Z show
2026-05-18T15:43:33Z list
2026-05-18T15:43:33Z add
2026-05-18T15:43:34Z ready
2026-05-18T15:56:06Z show
2026-05-18T15:56:06Z list
2026-05-18T15:56:06Z add
2026-05-18T15:56:06Z show
2026-05-18T15:56:06Z list
2026-05-18T15:56:06Z add
2026-05-18T15:56:06Z show
2026-05-18T15:56:06Z list
2026-05-18T15:56:06Z add
2026-05-18T15:56:06Z ready
2026-05-18T16:08:07Z show
2026-05-18T16:08:07Z list
2026-05-18T16:08:07Z add
2026-05-18T16:08:07Z show
2026-05-18T16:08:07Z list
2026-05-18T16:08:07Z add
2026-05-18T16:08:07Z show
2026-05-18T16:08:07Z list
2026-05-18T16:08:07Z add
2026-05-18T16:08:07Z ready
2026-05-18T16:19:21Z show
2026-05-18T16:19:21Z list
2026-05-18T16:19:21Z add
2026-05-18T16:19:21Z show
2026-05-18T16:19:21Z list
2026-05-18T16:19:21Z add
2026-05-18T16:19:21Z show
2026-05-18T16:19:21Z list
2026-05-18T16:19:21Z add
2026-05-18T16:19:22Z ready
2026-05-18T16:30:25Z show
2026-05-18T16:30:25Z list
2026-05-18T16:30:25Z add
2026-05-18T16:30:25Z show
2026-05-18T16:30:25Z list
2026-05-18T16:30:25Z add
2026-05-18T16:30:25Z show
2026-05-18T16:30:25Z list
2026-05-18T16:30:25Z add
2026-05-18T16:30:25Z ready
2026-05-18T16:41:54Z show
2026-05-18T16:41:54Z list
2026-05-18T16:41:54Z add
2026-05-18T16:41:54Z show
2026-05-18T16:41:54Z list
2026-05-18T16:41:54Z add
2026-05-18T16:41:54Z show
2026-05-18T16:41:54Z list
2026-05-18T16:41:54Z add
2026-05-18T16:41:54Z ready
2026-05-18T16:53:20Z show
2026-05-18T16:53:20Z list
2026-05-18T16:53:20Z add
2026-05-18T16:53:20Z show
2026-05-18T16:53:20Z list
2026-05-18T16:53:20Z add
2026-05-18T16:53:20Z show
2026-05-18T16:53:20Z list
2026-05-18T16:53:20Z add
2026-05-18T16:53:20Z ready
2026-05-18T17:04:47Z show
2026-05-18T17:04:47Z list
2026-05-18T17:04:47Z add
2026-05-18T17:04:48Z show
2026-05-18T17:04:48Z list
2026-05-18T17:04:48Z add
2026-05-18T17:04:48Z show
2026-05-18T17:04:48Z list
2026-05-18T17:04:48Z add
2026-05-18T17:04:48Z ready
2026-05-18T17:15:50Z show
2026-05-18T17:15:50Z list
2026-05-18T17:15:50Z add
2026-05-18T17:15:50Z show
2026-05-18T17:15:50Z list
2026-05-18T17:15:50Z add
2026-05-18T17:15:50Z show
2026-05-18T17:15:50Z list
2026-05-18T17:15:50Z add
2026-05-18T17:15:50Z ready
2026-05-18T17:27:04Z show
2026-05-18T17:27:04Z list
2026-05-18T17:27:04Z add
2026-05-18T17:27:04Z show
2026-05-18T17:27:04Z list
2026-05-18T17:27:04Z add
2026-05-18T17:27:04Z show
2026-05-18T17:27:04Z list
2026-05-18T17:27:05Z add
2026-05-18T17:27:05Z ready
2026-05-18T17:38:06Z show
2026-05-18T17:38:06Z list
2026-05-18T17:38:06Z add
2026-05-18T17:38:06Z show
2026-05-18T17:38:06Z list
2026-05-18T17:38:06Z add
2026-05-18T17:38:06Z show
2026-05-18T17:38:06Z list
2026-05-18T17:38:06Z add
2026-05-18T17:38:06Z ready
2026-05-18T17:49:08Z show
2026-05-18T17:49:08Z list
2026-05-18T17:49:08Z add
2026-05-18T17:49:08Z show
2026-05-18T17:49:08Z list
2026-05-18T17:49:08Z add
2026-05-18T17:49:08Z show
2026-05-18T17:49:08Z list
2026-05-18T17:49:08Z add
2026-05-18T17:49:09Z ready
2026-05-18T18:00:09Z show
2026-05-18T18:00:09Z list
2026-05-18T18:00:09Z add
2026-05-18T18:00:09Z show
2026-05-18T18:00:09Z list
2026-05-18T18:00:09Z add
2026-05-18T18:00:09Z show
2026-05-18T18:00:09Z list
2026-05-18T18:00:09Z add
2026-05-18T18:00:09Z ready
2026-05-18T18:11:08Z show
2026-05-18T18:11:08Z list
2026-05-18T18:11:08Z add
2026-05-18T18:11:08Z show
2026-05-18T18:11:08Z list
2026-05-18T18:11:08Z add
2026-05-18T18:11:08Z show
2026-05-18T18:11:08Z list
2026-05-18T18:11:08Z add
2026-05-18T18:11:08Z ready
2026-05-18T18:22:14Z show
2026-05-18T18:22:14Z list
2026-05-18T18:22:14Z add
2026-05-18T18:22:14Z show
2026-05-18T18:22:14Z list
2026-05-18T18:22:14Z add
2026-05-18T18:22:14Z show
2026-05-18T18:22:14Z list
2026-05-18T18:22:14Z add
2026-05-18T18:22:14Z ready
2026-05-18T18:33:15Z show
2026-05-18T18:33:15Z list
2026-05-18T18:33:15Z add
2026-05-18T18:33:15Z show
2026-05-18T18:33:15Z list
2026-05-18T18:33:15Z add
2026-05-18T18:33:15Z show
2026-05-18T18:33:15Z list
2026-05-18T18:33:15Z add
2026-05-18T18:33:15Z ready
2026-05-18T18:44:37Z show
2026-05-18T18:44:37Z list
2026-05-18T18:44:37Z add
2026-05-18T18:44:37Z show
2026-05-18T18:44:37Z list
2026-05-18T18:44:37Z add
2026-05-18T18:44:37Z show
2026-05-18T18:44:37Z list
2026-05-18T18:44:37Z add
2026-05-18T18:44:37Z ready
2026-05-18T18:55:48Z show
2026-05-18T18:55:48Z list
2026-05-18T18:55:48Z add
2026-05-18T18:55:48Z show
2026-05-18T18:55:48Z list
2026-05-18T18:55:48Z add
2026-05-18T18:55:48Z show
2026-05-18T18:55:48Z list
2026-05-18T18:55:48Z add
2026-05-18T18:55:49Z ready
2026-05-18T19:07:04Z show
2026-05-18T19:07:04Z list
2026-05-18T19:07:04Z add
2026-05-18T19:07:04Z show
2026-05-18T19:07:04Z list
2026-05-18T19:07:04Z add
2026-05-18T19:07:04Z show
2026-05-18T19:07:04Z list
2026-05-18T19:07:04Z add
2026-05-18T19:07:04Z ready
2026-05-18T19:18:31Z show
2026-05-18T19:18:31Z list
2026-05-18T19:18:31Z add
2026-05-18T19:18:31Z show
2026-05-18T19:18:31Z list
2026-05-18T19:18:31Z add
2026-05-18T19:18:31Z show
2026-05-18T19:18:31Z list
2026-05-18T19:18:31Z add
2026-05-18T19:18:31Z ready
2026-05-18T19:29:47Z show
2026-05-18T19:29:47Z list
2026-05-18T19:29:47Z add
2026-05-18T19:29:47Z show
2026-05-18T19:29:47Z list
2026-05-18T19:29:47Z add
2026-05-18T19:29:47Z show
2026-05-18T19:29:47Z list
2026-05-18T19:29:47Z add
2026-05-18T19:29:47Z ready
2026-05-18T19:40:59Z show
2026-05-18T19:40:59Z list
2026-05-18T19:40:59Z add
2026-05-18T19:40:59Z show
2026-05-18T19:40:59Z list
2026-05-18T19:40:59Z add
2026-05-18T19:40:59Z show
2026-05-18T19:40:59Z list
2026-05-18T19:40:59Z add
2026-05-18T19:40:59Z ready
2026-05-18T19:52:18Z show
2026-05-18T19:52:18Z list
2026-05-18T19:52:18Z add
2026-05-18T19:52:18Z show
2026-05-18T19:52:18Z list
2026-05-18T19:52:18Z add
2026-05-18T19:52:18Z show
2026-05-18T19:52:18Z list
2026-05-18T19:52:18Z add
2026-05-18T19:52:19Z ready
2026-05-18T20:03:35Z show
2026-05-18T20:03:35Z list
2026-05-18T20:03:35Z add
2026-05-18T20:03:35Z show
2026-05-18T20:03:35Z list
2026-05-18T20:03:35Z add
2026-05-18T20:03:35Z show
2026-05-18T20:03:35Z list
2026-05-18T20:03:35Z add
2026-05-18T20:03:35Z ready
2026-05-18T20:14:46Z show
2026-05-18T20:14:46Z list
2026-05-18T20:14:46Z add
2026-05-18T20:14:46Z show
2026-05-18T20:14:46Z list
2026-05-18T20:14:46Z add
2026-05-18T20:14:46Z show
2026-05-18T20:14:46Z list
2026-05-18T20:14:46Z add
2026-05-18T20:14:46Z ready
2026-05-18T20:25:56Z show
2026-05-18T20:25:56Z list
2026-05-18T20:25:56Z add
2026-05-18T20:25:56Z show
2026-05-18T20:25:56Z list
2026-05-18T20:25:56Z add
2026-05-18T20:25:56Z show
2026-05-18T20:25:56Z list
2026-05-18T20:25:56Z add
2026-05-18T20:25:56Z ready
2026-05-18T20:37:08Z show
2026-05-18T20:37:08Z list
2026-05-18T20:37:08Z add
2026-05-18T20:37:08Z show
2026-05-18T20:37:08Z list
2026-05-18T20:37:08Z add
2026-05-18T20:37:08Z show
2026-05-18T20:37:08Z list
2026-05-18T20:37:08Z add
2026-05-18T20:37:08Z ready
2026-05-18T20:49:02Z show
2026-05-18T20:49:02Z list
2026-05-18T20:49:02Z add
2026-05-18T20:49:02Z show
2026-05-18T20:49:02Z list
2026-05-18T20:49:02Z add
2026-05-18T20:49:02Z show
2026-05-18T20:49:02Z list
2026-05-18T20:49:02Z add
2026-05-18T20:49:02Z ready
2026-05-18T21:00:39Z show
2026-05-18T21:00:39Z list
2026-05-18T21:00:39Z add
2026-05-18T21:00:39Z show
2026-05-18T21:00:39Z list
2026-05-18T21:00:39Z add
2026-05-18T21:00:39Z show
2026-05-18T21:00:39Z list
2026-05-18T21:00:39Z add
2026-05-18T21:00:39Z ready
2026-05-18T21:12:16Z show
2026-05-18T21:12:16Z list
2026-05-18T21:12:16Z add
2026-05-18T21:12:16Z show
2026-05-18T21:12:16Z list
2026-05-18T21:12:16Z add
2026-05-18T21:12:16Z show
2026-05-18T21:12:16Z list
2026-05-18T21:12:16Z add
2026-05-18T21:12:16Z ready
2026-05-18T21:23:58Z show
2026-05-18T21:23:58Z list
2026-05-18T21:23:58Z add
2026-05-18T21:23:58Z show
2026-05-18T21:23:58Z list
2026-05-18T21:23:58Z add
2026-05-18T21:23:58Z show
2026-05-18T21:23:58Z list
2026-05-18T21:23:58Z add
2026-05-18T21:23:58Z ready
2026-05-18T21:35:41Z show
2026-05-18T21:35:41Z list
2026-05-18T21:35:41Z add
2026-05-18T21:35:41Z show
2026-05-18T21:35:41Z list
2026-05-18T21:35:41Z add
2026-05-18T21:35:41Z show
2026-05-18T21:35:41Z list
2026-05-18T21:35:41Z add
2026-05-18T21:35:41Z ready
2026-05-18T21:47:19Z show
2026-05-18T21:47:19Z list
2026-05-18T21:47:19Z add
2026-05-18T21:47:19Z show
2026-05-18T21:47:19Z list
2026-05-18T21:47:19Z add
2026-05-18T21:47:19Z show
2026-05-18T21:47:19Z list
2026-05-18T21:47:19Z add
2026-05-18T21:47:19Z ready
2026-05-18T21:58:56Z show
2026-05-18T21:58:56Z list
2026-05-18T21:58:56Z add
2026-05-18T21:58:56Z show
2026-05-18T21:58:56Z list
2026-05-18T21:58:56Z add
2026-05-18T21:58:56Z show
2026-05-18T21:58:56Z list
2026-05-18T21:58:56Z add
2026-05-18T21:58:56Z ready
2026-05-18T22:11:23Z show
2026-05-18T22:11:23Z list
2026-05-18T22:11:23Z add
2026-05-18T22:11:23Z show
2026-05-18T22:11:23Z list
2026-05-18T22:11:23Z add
2026-05-18T22:11:23Z show
2026-05-18T22:11:23Z list
2026-05-18T22:11:23Z add
2026-05-18T22:11:23Z ready
2026-05-18T22:23:54Z show
2026-05-18T22:23:54Z list
2026-05-18T22:23:54Z add
2026-05-18T22:23:54Z show
2026-05-18T22:23:54Z list
2026-05-18T22:23:54Z add
2026-05-18T22:23:54Z show
2026-05-18T22:23:54Z list
2026-05-18T22:23:54Z add
2026-05-18T22:23:54Z ready
2026-05-18T22:35:52Z show
2026-05-18T22:35:52Z list
2026-05-18T22:35:52Z add
2026-05-18T22:35:52Z show
2026-05-18T22:35:52Z list
2026-05-18T22:35:52Z add
2026-05-18T22:35:52Z show
2026-05-18T22:35:52Z list
2026-05-18T22:35:52Z add
2026-05-18T22:35:52Z ready
2026-05-18T22:47:38Z show
2026-05-18T22:47:38Z list
2026-05-18T22:47:38Z add
2026-05-18T22:47:38Z show
2026-05-18T22:47:38Z list
2026-05-18T22:47:38Z add
2026-05-18T22:47:38Z show
2026-05-18T22:47:38Z list
2026-05-18T22:47:38Z add
2026-05-18T22:47:38Z ready
2026-05-18T22:59:20Z show
2026-05-18T22:59:20Z list
2026-05-18T22:59:20Z add
2026-05-18T22:59:20Z show
2026-05-18T22:59:20Z list
2026-05-18T22:59:20Z add
2026-05-18T22:59:20Z show
2026-05-18T22:59:20Z list
2026-05-18T22:59:20Z add
2026-05-18T22:59:21Z ready
2026-05-18T23:11:05Z show
2026-05-18T23:11:05Z list
2026-05-18T23:11:05Z add
2026-05-18T23:11:05Z show
2026-05-18T23:11:05Z list
2026-05-18T23:11:05Z add
2026-05-18T23:11:05Z show
2026-05-18T23:11:05Z list
2026-05-18T23:11:05Z add
2026-05-18T23:11:05Z ready
2026-05-18T23:22:51Z show
2026-05-18T23:22:51Z list
2026-05-18T23:22:51Z add
2026-05-18T23:22:51Z show
2026-05-18T23:22:51Z list
2026-05-18T23:22:51Z add
2026-05-18T23:22:51Z show
2026-05-18T23:22:51Z list
2026-05-18T23:22:51Z add
2026-05-18T23:22:51Z ready
2026-05-18T23:34:34Z show
2026-05-18T23:34:34Z list
2026-05-18T23:34:34Z add
2026-05-18T23:34:34Z show
2026-05-18T23:34:34Z list
2026-05-18T23:34:34Z add
2026-05-18T23:34:34Z show
2026-05-18T23:34:34Z list
2026-05-18T23:34:34Z add
2026-05-18T23:34:34Z ready
2026-05-18T23:46:15Z show
2026-05-18T23:46:15Z list
2026-05-18T23:46:15Z add
2026-05-18T23:46:15Z show
2026-05-18T23:46:15Z list
2026-05-18T23:46:15Z add
2026-05-18T23:46:15Z show
2026-05-18T23:46:15Z list
2026-05-18T23:46:15Z add
2026-05-18T23:46:15Z ready
2026-05-18T23:58:08Z show
2026-05-18T23:58:08Z list
2026-05-18T23:58:08Z add
2026-05-18T23:58:08Z show
2026-05-18T23:58:08Z list
2026-05-18T23:58:08Z add
2026-05-18T23:58:08Z show
2026-05-18T23:58:08Z list
2026-05-18T23:58:08Z add
2026-05-18T23:58:08Z ready
2026-05-19T00:09:52Z show
2026-05-19T00:09:52Z list
2026-05-19T00:09:52Z add
2026-05-19T00:09:52Z show
2026-05-19T00:09:52Z list
2026-05-19T00:09:52Z add
2026-05-19T00:09:52Z show
2026-05-19T00:09:52Z list
2026-05-19T00:09:52Z add
2026-05-19T00:09:52Z ready
2026-05-19T00:21:32Z show
2026-05-19T00:21:32Z list
2026-05-19T00:21:32Z add
2026-05-19T00:21:32Z show
2026-05-19T00:21:32Z list
2026-05-19T00:21:32Z add
2026-05-19T00:21:32Z show
2026-05-19T00:21:32Z list
2026-05-19T00:21:32Z add
2026-05-19T00:21:32Z ready
2026-05-19T00:33:17Z show
2026-05-19T00:33:17Z list
2026-05-19T00:33:17Z add
2026-05-19T00:33:17Z show
2026-05-19T00:33:17Z list
2026-05-19T00:33:17Z add
2026-05-19T00:33:17Z show
2026-05-19T00:33:17Z list
2026-05-19T00:33:17Z add
2026-05-19T00:33:17Z ready
2026-05-19T00:45:02Z show
2026-05-19T00:45:02Z list
2026-05-19T00:45:02Z add
2026-05-19T00:45:02Z show
2026-05-19T00:45:02Z list
2026-05-19T00:45:02Z add
2026-05-19T00:45:02Z show
2026-05-19T00:45:02Z list
2026-05-19T00:45:02Z add
2026-05-19T00:45:02Z ready
2026-05-19T00:56:42Z show
2026-05-19T00:56:42Z list
2026-05-19T00:56:42Z add
2026-05-19T00:56:42Z show
2026-05-19T00:56:42Z list
2026-05-19T00:56:42Z add
2026-05-19T00:56:42Z show
2026-05-19T00:56:42Z list
2026-05-19T00:56:42Z add
2026-05-19T00:56:42Z ready
2026-05-19T01:08:21Z show
2026-05-19T01:08:21Z list
2026-05-19T01:08:21Z add
2026-05-19T01:08:21Z show
2026-05-19T01:08:21Z list
2026-05-19T01:08:21Z add
2026-05-19T01:08:21Z show
2026-05-19T01:08:21Z list
2026-05-19T01:08:21Z add
2026-05-19T01:08:21Z ready
2026-05-19T01:20:01Z show
2026-05-19T01:20:01Z list
2026-05-19T01:20:01Z add
2026-05-19T01:20:01Z show
2026-05-19T01:20:01Z list
2026-05-19T01:20:01Z add
2026-05-19T01:20:01Z show
2026-05-19T01:20:01Z list
2026-05-19T01:20:01Z add
2026-05-19T01:20:01Z ready
2026-05-19T01:31:50Z show
2026-05-19T01:31:50Z list
2026-05-19T01:31:50Z add
2026-05-19T01:31:50Z show
2026-05-19T01:31:50Z list
2026-05-19T01:31:50Z add
2026-05-19T01:31:50Z show
2026-05-19T01:31:50Z list
2026-05-19T01:31:50Z add
2026-05-19T01:31:50Z ready
2026-05-19T01:43:27Z show
2026-05-19T01:43:27Z list
2026-05-19T01:43:27Z add
2026-05-19T01:43:27Z show
2026-05-19T01:43:27Z list
2026-05-19T01:43:27Z add
2026-05-19T01:43:27Z show
2026-05-19T01:43:27Z list
2026-05-19T01:43:27Z add
2026-05-19T01:43:27Z ready
2026-05-19T01:55:15Z show
2026-05-19T01:55:15Z list
2026-05-19T01:55:15Z add
2026-05-19T01:55:15Z show
2026-05-19T01:55:15Z list
2026-05-19T01:55:15Z add
2026-05-19T01:55:15Z show
2026-05-19T01:55:15Z list
2026-05-19T01:55:15Z add
2026-05-19T01:55:15Z ready
2026-05-19T02:07:50Z show
2026-05-19T02:07:50Z list
2026-05-19T02:07:50Z add
2026-05-19T02:07:50Z show
2026-05-19T02:07:50Z list
2026-05-19T02:07:50Z add
2026-05-19T02:07:50Z show
2026-05-19T02:07:50Z list
2026-05-19T02:07:50Z add
2026-05-19T02:07:50Z ready
2026-05-19T02:19:23Z show
2026-05-19T02:19:23Z list
2026-05-19T02:19:23Z add
2026-05-19T02:19:23Z show
2026-05-19T02:19:23Z list
2026-05-19T02:19:23Z add
2026-05-19T02:19:23Z show
2026-05-19T02:19:23Z list
2026-05-19T02:19:23Z add
2026-05-19T02:19:24Z ready
2026-05-19T02:30:55Z show
2026-05-19T02:30:55Z list
2026-05-19T02:30:55Z add
2026-05-19T02:30:55Z show
2026-05-19T02:30:55Z list
2026-05-19T02:30:55Z add
2026-05-19T02:30:55Z show
2026-05-19T02:30:55Z list
2026-05-19T02:30:55Z add
2026-05-19T02:30:55Z ready
2026-05-19T02:42:33Z show
2026-05-19T02:42:33Z list
2026-05-19T02:42:33Z add
2026-05-19T02:42:33Z show
2026-05-19T02:42:33Z list
2026-05-19T02:42:33Z add
2026-05-19T02:42:33Z show
2026-05-19T02:42:33Z list
2026-05-19T02:42:33Z add
2026-05-19T02:42:33Z ready
2026-05-19T02:54:13Z show
2026-05-19T02:54:13Z list
2026-05-19T02:54:13Z add
2026-05-19T02:54:13Z show
2026-05-19T02:54:13Z list
2026-05-19T02:54:13Z add
2026-05-19T02:54:13Z show
2026-05-19T02:54:13Z list
2026-05-19T02:54:13Z add
2026-05-19T02:54:14Z ready
2026-05-19T03:05:47Z show
2026-05-19T03:05:47Z list
2026-05-19T03:05:47Z add
2026-05-19T03:05:47Z show
2026-05-19T03:05:47Z list
2026-05-19T03:05:47Z add
2026-05-19T03:05:47Z show
2026-05-19T03:05:47Z list
2026-05-19T03:05:47Z add
2026-05-19T03:05:47Z ready
2026-05-19T03:17:29Z show
2026-05-19T03:17:29Z list
2026-05-19T03:17:29Z add
2026-05-19T03:17:29Z show
2026-05-19T03:17:29Z list
2026-05-19T03:17:29Z add
2026-05-19T03:17:29Z show
2026-05-19T03:17:29Z list
2026-05-19T03:17:29Z add
2026-05-19T03:17:30Z ready
2026-05-19T03:29:04Z show
2026-05-19T03:29:04Z list
2026-05-19T03:29:04Z add
2026-05-19T03:29:04Z show
2026-05-19T03:29:04Z list
2026-05-19T03:29:04Z add
2026-05-19T03:29:04Z show
2026-05-19T03:29:04Z list
2026-05-19T03:29:04Z add
2026-05-19T03:29:04Z ready
2026-05-19T03:40:30Z show
2026-05-19T03:40:30Z list
2026-05-19T03:40:30Z add
2026-05-19T03:40:30Z show
2026-05-19T03:40:30Z list
2026-05-19T03:40:30Z add
2026-05-19T03:40:30Z show
2026-05-19T03:40:30Z list
2026-05-19T03:40:30Z add
2026-05-19T03:40:30Z ready
2026-05-19T03:52:06Z show
2026-05-19T03:52:06Z list
2026-05-19T03:52:06Z add
2026-05-19T03:52:06Z show
2026-05-19T03:52:06Z list
2026-05-19T03:52:06Z add
2026-05-19T03:52:06Z show
2026-05-19T03:52:06Z list
2026-05-19T03:52:06Z add
2026-05-19T03:52:06Z ready
2026-05-19T04:03:40Z show
2026-05-19T04:03:40Z list
2026-05-19T04:03:40Z add
2026-05-19T04:03:40Z show
2026-05-19T04:03:40Z list
2026-05-19T04:03:40Z add
2026-05-19T04:03:40Z show
2026-05-19T04:03:40Z list
2026-05-19T04:03:40Z add
2026-05-19T04:03:41Z ready
2026-05-19T04:15:12Z show
2026-05-19T04:15:12Z list
2026-05-19T04:15:12Z add
2026-05-19T04:15:12Z show
2026-05-19T04:15:12Z list
2026-05-19T04:15:12Z add
2026-05-19T04:15:12Z show
2026-05-19T04:15:12Z list
2026-05-19T04:15:12Z add
2026-05-19T04:15:13Z ready
2026-05-19T04:26:52Z show
2026-05-19T04:26:52Z list
2026-05-19T04:26:52Z add
2026-05-19T04:26:52Z show
2026-05-19T04:26:52Z list
2026-05-19T04:26:52Z add
2026-05-19T04:26:52Z show
2026-05-19T04:26:52Z list
2026-05-19T04:26:52Z add
2026-05-19T04:26:52Z ready
2026-05-19T04:38:31Z show
2026-05-19T04:38:31Z list
2026-05-19T04:38:31Z add
2026-05-19T04:38:31Z show
2026-05-19T04:38:31Z list
2026-05-19T04:38:31Z add
2026-05-19T04:38:31Z show
2026-05-19T04:38:31Z list
2026-05-19T04:38:31Z add
2026-05-19T04:38:31Z ready
2026-05-19T04:50:05Z show
2026-05-19T04:50:05Z list
2026-05-19T04:50:05Z add
2026-05-19T04:50:05Z show
2026-05-19T04:50:05Z list
2026-05-19T04:50:05Z add
2026-05-19T04:50:05Z show
2026-05-19T04:50:05Z list
2026-05-19T04:50:05Z add
2026-05-19T04:50:05Z ready
2026-05-19T05:01:33Z show
2026-05-19T05:01:33Z list
2026-05-19T05:01:33Z add
2026-05-19T05:01:33Z show
2026-05-19T05:01:33Z list
2026-05-19T05:01:33Z add
2026-05-19T05:01:33Z show
2026-05-19T05:01:33Z list
2026-05-19T05:01:33Z add
2026-05-19T05:01:34Z ready
2026-05-19T05:12:43Z show
2026-05-19T05:12:43Z list
2026-05-19T05:12:43Z add
2026-05-19T05:12:43Z show
2026-05-19T05:12:43Z list
2026-05-19T05:12:43Z add
2026-05-19T05:12:43Z show
2026-05-19T05:12:43Z list
2026-05-19T05:12:43Z add
2026-05-19T05:12:43Z ready
2026-05-19T05:23:47Z show
2026-05-19T05:23:47Z list
2026-05-19T05:23:47Z add
2026-05-19T05:23:47Z show
2026-05-19T05:23:47Z list
2026-05-19T05:23:47Z add
2026-05-19T05:23:47Z show
2026-05-19T05:23:47Z list
2026-05-19T05:23:47Z add
2026-05-19T05:23:47Z ready
2026-05-19T05:34:50Z show
2026-05-19T05:34:50Z list
2026-05-19T05:34:50Z add
2026-05-19T05:34:50Z show
2026-05-19T05:34:50Z list
2026-05-19T05:34:50Z add
2026-05-19T05:34:50Z show
2026-05-19T05:34:50Z list
2026-05-19T05:34:50Z add
2026-05-19T05:34:50Z ready
2026-05-19T05:45:57Z show
2026-05-19T05:45:57Z list
2026-05-19T05:45:57Z add
2026-05-19T05:45:57Z show
2026-05-19T05:45:57Z list
2026-05-19T05:45:57Z add
2026-05-19T05:45:57Z show
2026-05-19T05:45:58Z list
2026-05-19T05:45:58Z add
2026-05-19T05:45:58Z ready
2026-05-19T05:56:59Z show
2026-05-19T05:56:59Z list
2026-05-19T05:56:59Z add
2026-05-19T05:56:59Z show
2026-05-19T05:56:59Z list
2026-05-19T05:56:59Z add
2026-05-19T05:56:59Z show
2026-05-19T05:56:59Z list
2026-05-19T05:56:59Z add
2026-05-19T05:56:59Z ready
2026-05-19T06:08:04Z show
2026-05-19T06:08:04Z list
2026-05-19T06:08:04Z add
2026-05-19T06:08:04Z show
2026-05-19T06:08:04Z list
2026-05-19T06:08:04Z add
2026-05-19T06:08:04Z show
2026-05-19T06:08:04Z list
2026-05-19T06:08:04Z add
2026-05-19T06:08:04Z ready
2026-05-19T06:19:09Z show
2026-05-19T06:19:09Z list
2026-05-19T06:19:09Z add
2026-05-19T06:19:09Z show
2026-05-19T06:19:09Z list
2026-05-19T06:19:09Z add
2026-05-19T06:19:09Z show
2026-05-19T06:19:09Z list
2026-05-19T06:19:09Z add
2026-05-19T06:19:09Z ready
2026-05-19T06:30:07Z show
2026-05-19T06:30:07Z list
2026-05-19T06:30:07Z add
2026-05-19T06:30:07Z show
2026-05-19T06:30:07Z list
2026-05-19T06:30:07Z add
2026-05-19T06:30:07Z show
2026-05-19T06:30:07Z list
2026-05-19T06:30:07Z add
2026-05-19T06:30:07Z ready
2026-05-19T06:41:02Z show
2026-05-19T06:41:02Z list
2026-05-19T06:41:02Z add
2026-05-19T06:41:02Z show
2026-05-19T06:41:02Z list
2026-05-19T06:41:02Z add
2026-05-19T06:41:02Z show
2026-05-19T06:41:02Z list
2026-05-19T06:41:02Z add
2026-05-19T06:41:02Z ready
2026-05-19T06:52:07Z show
2026-05-19T06:52:07Z list
2026-05-19T06:52:07Z add
2026-05-19T06:52:07Z show
2026-05-19T06:52:07Z list
2026-05-19T06:52:07Z add
2026-05-19T06:52:07Z show
2026-05-19T06:52:07Z list
2026-05-19T06:52:07Z add
2026-05-19T06:52:07Z ready
2026-05-19T07:03:10Z show
2026-05-19T07:03:10Z list
2026-05-19T07:03:10Z add
2026-05-19T07:03:10Z show
2026-05-19T07:03:10Z list
2026-05-19T07:03:10Z add
2026-05-19T07:03:10Z show
2026-05-19T07:03:10Z list
2026-05-19T07:03:10Z add
2026-05-19T07:03:10Z ready
2026-05-19T07:14:14Z show
2026-05-19T07:14:14Z list
2026-05-19T07:14:14Z add
2026-05-19T07:14:14Z show
2026-05-19T07:14:14Z list
2026-05-19T07:14:14Z add
2026-05-19T07:14:14Z show
2026-05-19T07:14:14Z list
2026-05-19T07:14:14Z add
2026-05-19T07:14:14Z ready
2026-05-19T07:25:20Z show
2026-05-19T07:25:20Z list
2026-05-19T07:25:20Z add
2026-05-19T07:25:20Z show
2026-05-19T07:25:21Z list
2026-05-19T07:25:21Z add
2026-05-19T07:25:21Z show
2026-05-19T07:25:21Z list
2026-05-19T07:25:21Z add
2026-05-19T07:25:21Z ready
2026-05-19T07:36:26Z show
2026-05-19T07:36:26Z list
2026-05-19T07:36:26Z add
2026-05-19T07:36:26Z show
2026-05-19T07:36:26Z list
2026-05-19T07:36:26Z add
2026-05-19T07:36:26Z show
2026-05-19T07:36:26Z list
2026-05-19T07:36:26Z add
2026-05-19T07:36:27Z ready
2026-05-19T07:47:28Z show
2026-05-19T07:47:28Z list
2026-05-19T07:47:28Z add
2026-05-19T07:47:28Z show
2026-05-19T07:47:28Z list
2026-05-19T07:47:28Z add
2026-05-19T07:47:28Z show
2026-05-19T07:47:28Z list
2026-05-19T07:47:28Z add
2026-05-19T07:47:28Z ready
2026-05-19T07:58:42Z show
2026-05-19T07:58:42Z list
2026-05-19T07:58:42Z add
2026-05-19T07:58:42Z show
2026-05-19T07:58:42Z list
2026-05-19T07:58:42Z add
2026-05-19T07:58:42Z show
2026-05-19T07:58:42Z list
2026-05-19T07:58:42Z add
2026-05-19T07:58:42Z ready
2026-05-19T08:09:49Z show
2026-05-19T08:09:49Z list
2026-05-19T08:09:49Z add
2026-05-19T08:09:49Z show
2026-05-19T08:09:49Z list
2026-05-19T08:09:49Z add
2026-05-19T08:09:49Z show
2026-05-19T08:09:49Z list
2026-05-19T08:09:49Z add
2026-05-19T08:09:49Z ready
2026-05-19T08:20:35Z show
2026-05-19T08:20:35Z list
2026-05-19T08:20:35Z add
2026-05-19T08:20:35Z show
2026-05-19T08:20:35Z list
2026-05-19T08:20:35Z add
2026-05-19T08:20:35Z show
2026-05-19T08:20:35Z list
2026-05-19T08:20:35Z add
2026-05-19T08:20:35Z ready
2026-05-19T08:31:10Z show
2026-05-19T08:31:10Z list
2026-05-19T08:31:10Z add
2026-05-19T08:31:10Z show
2026-05-19T08:31:10Z list
2026-05-19T08:31:10Z add
2026-05-19T08:31:10Z show
2026-05-19T08:31:10Z list
2026-05-19T08:31:10Z add
2026-05-19T08:31:11Z ready
2026-05-19T08:41:42Z show
2026-05-19T08:41:42Z list
2026-05-19T08:41:42Z add
2026-05-19T08:41:42Z show
2026-05-19T08:41:42Z list
2026-05-19T08:41:42Z add
2026-05-19T08:41:42Z show
2026-05-19T08:41:42Z list
2026-05-19T08:41:42Z add
2026-05-19T08:41:42Z ready
2026-05-19T08:52:12Z show
2026-05-19T08:52:12Z list
2026-05-19T08:52:12Z add
2026-05-19T08:52:12Z show
2026-05-19T08:52:12Z list
2026-05-19T08:52:12Z add
2026-05-19T08:52:12Z show
2026-05-19T08:52:12Z list
2026-05-19T08:52:12Z add
2026-05-19T08:52:12Z ready
2026-05-19T09:02:42Z show
2026-05-19T09:02:42Z list
2026-05-19T09:02:42Z add
2026-05-19T09:02:43Z show
2026-05-19T09:02:43Z list
2026-05-19T09:02:43Z add
2026-05-19T09:02:43Z show
2026-05-19T09:02:43Z list
2026-05-19T09:02:43Z add
2026-05-19T09:02:43Z ready
2026-05-19T09:13:21Z show
2026-05-19T09:13:21Z list
2026-05-19T09:13:21Z add
2026-05-19T09:13:21Z show
2026-05-19T09:13:21Z list
2026-05-19T09:13:21Z add
2026-05-19T09:13:21Z show
2026-05-19T09:13:21Z list
2026-05-19T09:13:21Z add
2026-05-19T09:13:21Z ready
2026-05-19T09:24:05Z show
2026-05-19T09:24:05Z list
2026-05-19T09:24:05Z add
2026-05-19T09:24:05Z show
2026-05-19T09:24:05Z list
2026-05-19T09:24:05Z add
2026-05-19T09:24:05Z show
2026-05-19T09:24:05Z list
2026-05-19T09:24:05Z add
2026-05-19T09:24:06Z ready
2026-05-19T09:34:37Z show
2026-05-19T09:34:37Z list
2026-05-19T09:34:37Z add
2026-05-19T09:34:37Z show
2026-05-19T09:34:37Z list
2026-05-19T09:34:37Z add
2026-05-19T09:34:37Z show
2026-05-19T09:34:37Z list
2026-05-19T09:34:37Z add
2026-05-19T09:34:37Z ready
2026-05-19T09:45:12Z show
2026-05-19T09:45:12Z list
2026-05-19T09:45:12Z add
2026-05-19T09:45:12Z show
2026-05-19T09:45:12Z list
2026-05-19T09:45:12Z add
2026-05-19T09:45:13Z show
2026-05-19T09:45:13Z list
2026-05-19T09:45:13Z add
2026-05-19T09:45:13Z ready
2026-05-19T09:55:54Z show
2026-05-19T09:55:54Z list
2026-05-19T09:55:54Z add
2026-05-19T09:55:54Z show
2026-05-19T09:55:54Z list
2026-05-19T09:55:54Z add
2026-05-19T09:55:54Z show
2026-05-19T09:55:54Z list
2026-05-19T09:55:54Z add
2026-05-19T09:55:54Z ready
2026-05-19T10:06:37Z show
2026-05-19T10:06:37Z list
2026-05-19T10:06:37Z add
2026-05-19T10:06:37Z show
2026-05-19T10:06:37Z list
2026-05-19T10:06:37Z add
2026-05-19T10:06:37Z show
2026-05-19T10:06:37Z list
2026-05-19T10:06:37Z add
2026-05-19T10:06:37Z ready
2026-05-19T10:17:25Z show
2026-05-19T10:17:25Z list
2026-05-19T10:17:25Z add
2026-05-19T10:17:25Z show
2026-05-19T10:17:25Z list
2026-05-19T10:17:25Z add
2026-05-19T10:17:25Z show
2026-05-19T10:17:25Z list
2026-05-19T10:17:25Z add
2026-05-19T10:17:25Z ready
2026-05-19T10:28:38Z show
2026-05-19T10:28:38Z list
2026-05-19T10:28:38Z add
2026-05-19T10:28:38Z show
2026-05-19T10:28:38Z list
2026-05-19T10:28:38Z add
2026-05-19T10:28:38Z show
2026-05-19T10:28:38Z list
2026-05-19T10:28:38Z add
2026-05-19T10:28:38Z ready
2026-05-19T10:41:14Z show
2026-05-19T10:41:14Z list
2026-05-19T10:41:14Z add
2026-05-19T10:41:14Z show
2026-05-19T10:41:14Z list
2026-05-19T10:41:14Z add
2026-05-19T10:41:14Z show
2026-05-19T10:41:14Z list
2026-05-19T10:41:14Z add
2026-05-19T10:41:14Z ready
2026-05-19T10:54:53Z show
2026-05-19T10:54:53Z list
2026-05-19T10:54:53Z add
2026-05-19T10:54:53Z show
2026-05-19T10:54:53Z list
2026-05-19T10:54:53Z add
2026-05-19T10:54:53Z show
2026-05-19T10:54:53Z list
2026-05-19T10:54:53Z add
2026-05-19T10:54:53Z ready
2026-05-19T11:09:31Z show
2026-05-19T11:09:31Z list
2026-05-19T11:09:31Z add
2026-05-19T11:09:31Z show
2026-05-19T11:09:31Z list
2026-05-19T11:09:31Z add
2026-05-19T11:09:31Z show
2026-05-19T11:09:31Z list
2026-05-19T11:09:31Z add
2026-05-19T11:09:31Z ready
2026-05-19T11:24:09Z show
2026-05-19T11:24:09Z list
2026-05-19T11:24:09Z add
2026-05-19T11:24:09Z show
2026-05-19T11:24:09Z list
2026-05-19T11:24:09Z add
2026-05-19T11:24:09Z show
2026-05-19T11:24:09Z list
2026-05-19T11:24:09Z add
2026-05-19T11:24:09Z ready
2026-05-19T11:38:49Z show
2026-05-19T11:38:49Z list
2026-05-19T11:38:49Z add
2026-05-19T11:38:49Z show
2026-05-19T11:38:49Z list
2026-05-19T11:38:49Z add
2026-05-19T11:38:49Z show
2026-05-19T11:38:49Z list
2026-05-19T11:38:49Z add
2026-05-19T11:38:49Z ready
2026-05-19T12:00:46Z show
2026-05-19T12:00:46Z list
2026-05-19T12:00:46Z add
2026-05-19T12:00:46Z show
2026-05-19T12:00:46Z list
2026-05-19T12:00:46Z add
2026-05-19T12:00:46Z show
2026-05-19T12:00:46Z list
2026-05-19T12:00:46Z add
2026-05-19T12:00:46Z ready
2026-05-19T12:15:31Z show
2026-05-19T12:15:31Z list
2026-05-19T12:15:31Z add
2026-05-19T12:15:31Z show
2026-05-19T12:15:31Z list
2026-05-19T12:15:31Z add
2026-05-19T12:15:31Z show
2026-05-19T12:15:31Z list
2026-05-19T12:15:31Z add
2026-05-19T12:15:31Z ready
2026-05-19T12:30:21Z show
2026-05-19T12:30:21Z list
2026-05-19T12:30:21Z add
2026-05-19T12:30:21Z show
2026-05-19T12:30:21Z list
2026-05-19T12:30:21Z add
2026-05-19T12:30:21Z show
2026-05-19T12:30:21Z list
2026-05-19T12:30:21Z add
2026-05-19T12:30:21Z ready
2026-05-19T12:45:35Z show
2026-05-19T12:45:35Z list
2026-05-19T12:45:35Z add
2026-05-19T12:45:35Z show
2026-05-19T12:45:35Z list
2026-05-19T12:45:35Z add
2026-05-19T12:45:35Z show
2026-05-19T12:45:35Z list
2026-05-19T12:45:35Z add
2026-05-19T12:45:35Z ready
2026-05-19T13:00:53Z show
2026-05-19T13:00:53Z list
2026-05-19T13:00:53Z add
2026-05-19T13:00:53Z show
2026-05-19T13:00:53Z list
2026-05-19T13:00:53Z add
2026-05-19T13:00:53Z show
2026-05-19T13:00:53Z list
2026-05-19T13:00:53Z add
2026-05-19T13:00:54Z ready
2026-05-19T13:16:09Z show
2026-05-19T13:16:10Z list
2026-05-19T13:16:10Z add
2026-05-19T13:16:10Z show
2026-05-19T13:16:10Z list
2026-05-19T13:16:10Z add
2026-05-19T13:16:10Z show
2026-05-19T13:16:10Z list
2026-05-19T13:16:10Z add
2026-05-19T13:16:10Z ready
2026-05-19T13:31:24Z show
2026-05-19T13:31:24Z list
2026-05-19T13:31:24Z add
2026-05-19T13:31:24Z show
2026-05-19T13:31:24Z list
2026-05-19T13:31:24Z add
2026-05-19T13:31:24Z show
2026-05-19T13:31:24Z list
2026-05-19T13:31:24Z add
2026-05-19T13:31:24Z ready
2026-05-19T13:46:32Z show
2026-05-19T13:46:32Z list
2026-05-19T13:46:32Z add
2026-05-19T13:46:32Z show
2026-05-19T13:46:32Z list
2026-05-19T13:46:32Z add
2026-05-19T13:46:32Z show
2026-05-19T13:46:32Z list
2026-05-19T13:46:32Z add
2026-05-19T13:46:32Z ready
2026-05-19T14:01:52Z show
2026-05-19T14:01:52Z list
2026-05-19T14:01:52Z add
2026-05-19T14:01:52Z show
2026-05-19T14:01:52Z list
2026-05-19T14:01:52Z add
2026-05-19T14:01:52Z show
2026-05-19T14:01:52Z list
2026-05-19T14:01:52Z add
2026-05-19T14:01:52Z ready
2026-05-19T14:17:12Z show
2026-05-19T14:17:12Z list
2026-05-19T14:17:12Z add
2026-05-19T14:17:12Z show
2026-05-19T14:17:12Z list
2026-05-19T14:17:12Z add
2026-05-19T14:17:12Z show
2026-05-19T14:17:12Z list
2026-05-19T14:17:12Z add
2026-05-19T14:17:12Z ready
2026-05-19T14:32:59Z show
2026-05-19T14:32:59Z list
2026-05-19T14:32:59Z add
2026-05-19T14:32:59Z show
2026-05-19T14:32:59Z list
2026-05-19T14:32:59Z add
2026-05-19T14:32:59Z show
2026-05-19T14:32:59Z list
2026-05-19T14:32:59Z add
2026-05-19T14:32:59Z ready
2026-05-19T14:48:43Z show
2026-05-19T14:48:43Z list
2026-05-19T14:48:43Z add
2026-05-19T14:48:43Z show
2026-05-19T14:48:43Z list
2026-05-19T14:48:43Z add
2026-05-19T14:48:43Z show
2026-05-19T14:48:43Z list
2026-05-19T14:48:43Z add
2026-05-19T14:48:43Z ready
2026-05-19T15:04:24Z show
2026-05-19T15:04:24Z list
2026-05-19T15:04:24Z add
2026-05-19T15:04:24Z show
2026-05-19T15:04:24Z list
2026-05-19T15:04:24Z add
2026-05-19T15:04:24Z show
2026-05-19T15:04:24Z list
2026-05-19T15:04:24Z add
2026-05-19T15:04:24Z ready
2026-05-19T15:20:02Z show
2026-05-19T15:20:02Z list
2026-05-19T15:20:02Z add
2026-05-19T15:20:02Z show
2026-05-19T15:20:02Z list
2026-05-19T15:20:02Z add
2026-05-19T15:20:02Z show
2026-05-19T15:20:02Z list
2026-05-19T15:20:02Z add
2026-05-19T15:20:02Z ready
2026-05-19T15:35:48Z show
2026-05-19T15:35:48Z list
2026-05-19T15:35:48Z add
2026-05-19T15:35:48Z show
2026-05-19T15:35:48Z list
2026-05-19T15:35:48Z add
2026-05-19T15:35:48Z show
2026-05-19T15:35:48Z list
2026-05-19T15:35:48Z add
2026-05-19T15:35:48Z ready
2026-05-19T15:51:35Z show
2026-05-19T15:51:35Z list
2026-05-19T15:51:35Z add
2026-05-19T15:51:35Z show
2026-05-19T15:51:35Z list
2026-05-19T15:51:35Z add
2026-05-19T15:51:35Z show
2026-05-19T15:51:35Z list
2026-05-19T15:51:35Z add
2026-05-19T15:51:36Z ready
2026-05-19T16:07:12Z show
2026-05-19T16:07:12Z list
2026-05-19T16:07:12Z add
2026-05-19T16:07:12Z show
2026-05-19T16:07:12Z list
2026-05-19T16:07:12Z add
2026-05-19T16:07:12Z show
2026-05-19T16:07:12Z list
2026-05-19T16:07:12Z add
2026-05-19T16:07:12Z ready
2026-05-19T16:22:50Z show
2026-05-19T16:22:50Z list
2026-05-19T16:22:50Z add
2026-05-19T16:22:50Z show
2026-05-19T16:22:50Z list
2026-05-19T16:22:50Z add
2026-05-19T16:22:50Z show
2026-05-19T16:22:50Z list
2026-05-19T16:22:50Z add
2026-05-19T16:22:50Z ready
2026-05-19T16:38:36Z show
2026-05-19T16:38:36Z list
2026-05-19T16:38:36Z add
2026-05-19T16:38:36Z show
2026-05-19T16:38:36Z list
2026-05-19T16:38:36Z add
2026-05-19T16:38:36Z show
2026-05-19T16:38:36Z list
2026-05-19T16:38:36Z add
2026-05-19T16:38:36Z ready
2026-05-19T16:54:07Z show
2026-05-19T16:54:07Z list
2026-05-19T16:54:07Z add
2026-05-19T16:54:07Z show
2026-05-19T16:54:07Z list
2026-05-19T16:54:07Z add
2026-05-19T16:54:07Z show
2026-05-19T16:54:07Z list
2026-05-19T16:54:07Z add
2026-05-19T16:54:08Z ready
2026-05-19T17:09:45Z show
2026-05-19T17:09:45Z list
2026-05-19T17:09:45Z add
2026-05-19T17:09:45Z show
2026-05-19T17:09:45Z list
2026-05-19T17:09:45Z add
2026-05-19T17:09:45Z show
2026-05-19T17:09:45Z list
2026-05-19T17:09:45Z add
2026-05-19T17:09:46Z ready
2026-05-19T17:25:25Z show
2026-05-19T17:25:25Z list
2026-05-19T17:25:25Z add
2026-05-19T17:25:25Z show
2026-05-19T17:25:25Z list
2026-05-19T17:25:25Z add
2026-05-19T17:25:25Z show
2026-05-19T17:25:25Z list
2026-05-19T17:25:25Z add
2026-05-19T17:25:25Z ready
2026-05-19T17:41:05Z show
2026-05-19T17:41:05Z list
2026-05-19T17:41:05Z add
2026-05-19T17:41:05Z show
2026-05-19T17:41:05Z list
2026-05-19T17:41:05Z add
2026-05-19T17:41:05Z show
2026-05-19T17:41:05Z list
2026-05-19T17:41:05Z add
2026-05-19T17:41:05Z ready
2026-05-19T17:56:40Z show
2026-05-19T17:56:40Z list
2026-05-19T17:56:40Z add
2026-05-19T17:56:40Z show
2026-05-19T17:56:40Z list
2026-05-19T17:56:40Z add
2026-05-19T17:56:40Z show
2026-05-19T17:56:40Z list
2026-05-19T17:56:40Z add
2026-05-19T17:56:40Z ready
2026-05-19T18:12:28Z show
2026-05-19T18:12:28Z list
2026-05-19T18:12:28Z add
2026-05-19T18:12:28Z show
2026-05-19T18:12:28Z list
2026-05-19T18:12:28Z add
2026-05-19T18:12:28Z show
2026-05-19T18:12:28Z list
2026-05-19T18:12:28Z add
2026-05-19T18:12:28Z ready
2026-05-19T18:28:10Z show
2026-05-19T18:28:10Z list
2026-05-19T18:28:10Z add
2026-05-19T18:28:10Z show
2026-05-19T18:28:10Z list
2026-05-19T18:28:10Z add
2026-05-19T18:28:10Z show
2026-05-19T18:28:10Z list
2026-05-19T18:28:10Z add
2026-05-19T18:28:10Z ready
2026-05-19T18:43:57Z show
2026-05-19T18:43:57Z list
2026-05-19T18:43:57Z add
2026-05-19T18:43:57Z show
2026-05-19T18:43:57Z list
2026-05-19T18:43:57Z add
2026-05-19T18:43:57Z show
2026-05-19T18:43:57Z list
2026-05-19T18:43:57Z add
2026-05-19T18:43:57Z ready
2026-05-19T18:59:44Z show
2026-05-19T18:59:44Z list
2026-05-19T18:59:44Z add
2026-05-19T18:59:44Z show
2026-05-19T18:59:44Z list
2026-05-19T18:59:44Z add
2026-05-19T18:59:44Z show
2026-05-19T18:59:44Z list
2026-05-19T18:59:44Z add
2026-05-19T18:59:44Z ready
2026-05-19T19:17:36Z show
2026-05-19T19:17:36Z list
2026-05-19T19:17:36Z add
2026-05-19T19:17:36Z show
2026-05-19T19:17:36Z list
2026-05-19T19:17:37Z add
2026-05-19T19:17:37Z show
2026-05-19T19:17:37Z list
2026-05-19T19:17:37Z add
2026-05-19T19:17:37Z ready
2026-05-19T19:33:15Z show
2026-05-19T19:33:15Z list
2026-05-19T19:33:15Z add
2026-05-19T19:33:15Z show
2026-05-19T19:33:15Z list
2026-05-19T19:33:15Z add
2026-05-19T19:33:15Z show
2026-05-19T19:33:15Z list
2026-05-19T19:33:15Z add
2026-05-19T19:33:15Z ready
2026-05-19T19:48:57Z show
2026-05-19T19:48:57Z list
2026-05-19T19:48:57Z add
2026-05-19T19:48:57Z show
2026-05-19T19:48:57Z list
2026-05-19T19:48:57Z add
2026-05-19T19:48:57Z show
2026-05-19T19:48:57Z list
2026-05-19T19:48:57Z add
2026-05-19T19:48:57Z ready
2026-05-19T20:04:29Z show
2026-05-19T20:04:29Z list
2026-05-19T20:04:29Z add
2026-05-19T20:04:29Z show
2026-05-19T20:04:29Z list
2026-05-19T20:04:29Z add
2026-05-19T20:04:29Z show
2026-05-19T20:04:29Z list
2026-05-19T20:04:29Z add
2026-05-19T20:04:29Z ready
2026-05-19T20:19:54Z show
2026-05-19T20:19:54Z list
2026-05-19T20:19:54Z add
2026-05-19T20:19:54Z show
2026-05-19T20:19:54Z list
2026-05-19T20:19:54Z add
2026-05-19T20:19:54Z show
2026-05-19T20:19:54Z list
2026-05-19T20:19:54Z add
2026-05-19T20:19:54Z ready
2026-05-19T20:35:31Z show
2026-05-19T20:35:31Z list
2026-05-19T20:35:31Z add
2026-05-19T20:35:31Z show
2026-05-19T20:35:31Z list
2026-05-19T20:35:31Z add
2026-05-19T20:35:31Z show
2026-05-19T20:35:31Z list
2026-05-19T20:35:31Z add
2026-05-19T20:35:31Z ready
2026-05-19T20:54:27Z show
2026-05-19T20:54:27Z list
2026-05-19T20:54:27Z add
2026-05-19T20:54:27Z show
2026-05-19T20:54:27Z list
2026-05-19T20:54:27Z add
2026-05-19T20:54:27Z show
2026-05-19T20:54:27Z list
2026-05-19T20:54:27Z add
2026-05-19T20:54:27Z ready
2026-05-19T21:10:32Z show
2026-05-19T21:10:32Z list
2026-05-19T21:10:32Z add
2026-05-19T21:10:32Z show
2026-05-19T21:10:32Z list
2026-05-19T21:10:32Z add
2026-05-19T21:10:32Z show
2026-05-19T21:10:32Z list
2026-05-19T21:10:32Z add
2026-05-19T21:10:32Z ready
2026-05-19T21:27:08Z show
2026-05-19T21:27:08Z list
2026-05-19T21:27:08Z add
2026-05-19T21:27:08Z show
2026-05-19T21:27:08Z list
2026-05-19T21:27:08Z add
2026-05-19T21:27:08Z show
2026-05-19T21:27:08Z list
2026-05-19T21:27:08Z add
2026-05-19T21:27:08Z ready
2026-05-19T21:43:43Z show
2026-05-19T21:43:43Z list
2026-05-19T21:43:43Z add
2026-05-19T21:43:43Z show
2026-05-19T21:43:43Z list
2026-05-19T21:43:43Z add
2026-05-19T21:43:43Z show
2026-05-19T21:43:43Z list
2026-05-19T21:43:43Z add
2026-05-19T21:43:43Z ready
2026-05-19T22:00:14Z show
2026-05-19T22:00:14Z list
2026-05-19T22:00:14Z add
2026-05-19T22:00:14Z show
2026-05-19T22:00:14Z list
2026-05-19T22:00:14Z add
2026-05-19T22:00:14Z show
2026-05-19T22:00:14Z list
2026-05-19T22:00:14Z add
2026-05-19T22:00:14Z ready
2026-05-19T22:16:47Z show
2026-05-19T22:16:47Z list
2026-05-19T22:16:47Z add
2026-05-19T22:16:47Z show
2026-05-19T22:16:47Z list
2026-05-19T22:16:47Z add
2026-05-19T22:16:47Z show
2026-05-19T22:16:47Z list
2026-05-19T22:16:47Z add
2026-05-19T22:16:47Z ready
2026-05-19T22:33:09Z show
2026-05-19T22:33:09Z list
2026-05-19T22:33:09Z add
2026-05-19T22:33:09Z show
2026-05-19T22:33:09Z list
2026-05-19T22:33:09Z add
2026-05-19T22:33:09Z show
2026-05-19T22:33:09Z list
2026-05-19T22:33:09Z add
2026-05-19T22:33:09Z ready
2026-05-19T22:48:15Z show
2026-05-19T22:48:15Z list
2026-05-19T22:48:15Z add
2026-05-19T22:48:16Z show
2026-05-19T22:48:16Z list
2026-05-19T22:48:16Z add
2026-05-19T22:48:16Z show
2026-05-19T22:48:16Z list
2026-05-19T22:48:16Z add
2026-05-19T22:48:16Z ready
2026-05-19T23:03:19Z show
2026-05-19T23:03:19Z list
2026-05-19T23:03:19Z add
2026-05-19T23:03:19Z show
2026-05-19T23:03:19Z list
2026-05-19T23:03:19Z add
2026-05-19T23:03:19Z show
2026-05-19T23:03:19Z list
2026-05-19T23:03:19Z add
2026-05-19T23:03:19Z ready
2026-05-19T23:18:19Z show
2026-05-19T23:18:19Z list
2026-05-19T23:18:19Z add
2026-05-19T23:18:19Z show
2026-05-19T23:18:19Z list
2026-05-19T23:18:19Z add
2026-05-19T23:18:19Z show
2026-05-19T23:18:19Z list
2026-05-19T23:18:19Z add
2026-05-19T23:18:20Z ready
2026-05-19T23:33:34Z show
2026-05-19T23:33:34Z list
2026-05-19T23:33:34Z add
2026-05-19T23:33:34Z show
2026-05-19T23:33:34Z list
2026-05-19T23:33:34Z add
2026-05-19T23:33:34Z show
2026-05-19T23:33:34Z list
2026-05-19T23:33:34Z add
2026-05-19T23:33:34Z ready
2026-05-19T23:48:16Z show
2026-05-19T23:48:16Z list
2026-05-19T23:48:16Z add
2026-05-19T23:48:16Z show
2026-05-19T23:48:16Z list
2026-05-19T23:48:16Z add
2026-05-19T23:48:16Z show
2026-05-19T23:48:16Z list
2026-05-19T23:48:16Z add
2026-05-19T23:48:16Z ready
2026-05-20T00:02:57Z show
2026-05-20T00:02:57Z list
2026-05-20T00:02:57Z add
2026-05-20T00:02:57Z show
2026-05-20T00:02:57Z list
2026-05-20T00:02:57Z add
2026-05-20T00:02:57Z show
2026-05-20T00:02:57Z list
2026-05-20T00:02:57Z add
2026-05-20T00:02:57Z ready
2026-05-20T00:17:40Z show
2026-05-20T00:17:40Z list
2026-05-20T00:17:40Z add
2026-05-20T00:17:40Z show
2026-05-20T00:17:40Z list
2026-05-20T00:17:40Z add
2026-05-20T00:17:40Z show
2026-05-20T00:17:40Z list
2026-05-20T00:17:40Z add
2026-05-20T00:17:40Z ready
2026-05-20T00:32:17Z show
2026-05-20T00:32:17Z list
2026-05-20T00:32:17Z add
2026-05-20T00:32:17Z show
2026-05-20T00:32:17Z list
2026-05-20T00:32:17Z add
2026-05-20T00:32:17Z show
2026-05-20T00:32:17Z list
2026-05-20T00:32:17Z add
2026-05-20T00:32:17Z ready
2026-05-20T00:46:59Z show
2026-05-20T00:46:59Z list
2026-05-20T00:46:59Z add
2026-05-20T00:46:59Z show
2026-05-20T00:46:59Z list
2026-05-20T00:46:59Z add
2026-05-20T00:46:59Z show
2026-05-20T00:46:59Z list
2026-05-20T00:46:59Z add
2026-05-20T00:46:59Z ready
2026-05-20T01:01:36Z show
2026-05-20T01:01:36Z list
2026-05-20T01:01:36Z add
2026-05-20T01:01:36Z show
2026-05-20T01:01:36Z list
2026-05-20T01:01:36Z add
2026-05-20T01:01:36Z show
2026-05-20T01:01:36Z list
2026-05-20T01:01:36Z add
2026-05-20T01:01:37Z ready
2026-05-20T01:16:13Z show
2026-05-20T01:16:13Z list
2026-05-20T01:16:13Z add
2026-05-20T01:16:13Z show
2026-05-20T01:16:13Z list
2026-05-20T01:16:13Z add
2026-05-20T01:16:13Z show
2026-05-20T01:16:13Z list
2026-05-20T01:16:13Z add
2026-05-20T01:16:13Z ready
2026-05-20T01:30:53Z show
2026-05-20T01:30:53Z list
2026-05-20T01:30:53Z add
2026-05-20T01:30:53Z show
2026-05-20T01:30:53Z list
2026-05-20T01:30:53Z add
2026-05-20T01:30:53Z show
2026-05-20T01:30:53Z list
2026-05-20T01:30:53Z add
2026-05-20T01:30:53Z ready
2026-05-20T01:45:31Z show
2026-05-20T01:45:31Z list
2026-05-20T01:45:31Z add
2026-05-20T01:45:31Z show
2026-05-20T01:45:31Z list
2026-05-20T01:45:31Z add
2026-05-20T01:45:31Z show
2026-05-20T01:45:31Z list
2026-05-20T01:45:31Z add
2026-05-20T01:45:31Z ready
2026-05-20T02:00:11Z show
2026-05-20T02:00:11Z list
2026-05-20T02:00:11Z add
2026-05-20T02:00:11Z show
2026-05-20T02:00:11Z list
2026-05-20T02:00:11Z add
2026-05-20T02:00:11Z show
2026-05-20T02:00:11Z list
2026-05-20T02:00:11Z add
2026-05-20T02:00:11Z ready
2026-05-20T02:14:43Z show
2026-05-20T02:14:43Z list
2026-05-20T02:14:43Z add
2026-05-20T02:14:43Z show
2026-05-20T02:14:43Z list
2026-05-20T02:14:43Z add
2026-05-20T02:14:43Z show
2026-05-20T02:14:43Z list
2026-05-20T02:14:43Z add
2026-05-20T02:14:43Z ready
2026-05-20T02:29:16Z show
2026-05-20T02:29:16Z list
2026-05-20T02:29:16Z add
2026-05-20T02:29:16Z show
2026-05-20T02:29:16Z list
2026-05-20T02:29:16Z add
2026-05-20T02:29:16Z show
2026-05-20T02:29:16Z list
2026-05-20T02:29:16Z add
2026-05-20T02:29:16Z ready
2026-05-20T02:43:46Z show
2026-05-20T02:43:46Z list
2026-05-20T02:43:46Z add
2026-05-20T02:43:46Z show
2026-05-20T02:43:46Z list
2026-05-20T02:43:46Z add
2026-05-20T02:43:46Z show
2026-05-20T02:43:46Z list
2026-05-20T02:43:47Z add
2026-05-20T02:43:47Z ready
2026-05-20T02:58:21Z show
2026-05-20T02:58:21Z list
2026-05-20T02:58:21Z add
2026-05-20T02:58:21Z show
2026-05-20T02:58:21Z list
2026-05-20T02:58:21Z add
2026-05-20T02:58:21Z show
2026-05-20T02:58:21Z list
2026-05-20T02:58:21Z add
2026-05-20T02:58:21Z ready
2026-05-20T03:12:57Z show
2026-05-20T03:12:57Z list
2026-05-20T03:12:57Z add
2026-05-20T03:12:57Z show
2026-05-20T03:12:57Z list
2026-05-20T03:12:57Z add
2026-05-20T03:12:57Z show
2026-05-20T03:12:57Z list
2026-05-20T03:12:57Z add
2026-05-20T03:12:57Z ready
2026-05-20T03:27:33Z show
2026-05-20T03:27:33Z list
2026-05-20T03:27:33Z add
2026-05-20T03:27:33Z show
2026-05-20T03:27:33Z list
2026-05-20T03:27:33Z add
2026-05-20T03:27:33Z show
2026-05-20T03:27:33Z list
2026-05-20T03:27:33Z add
2026-05-20T03:27:33Z ready
2026-05-20T03:42:06Z show
2026-05-20T03:42:06Z list
2026-05-20T03:42:06Z add
2026-05-20T03:42:06Z show
2026-05-20T03:42:06Z list
2026-05-20T03:42:06Z add
2026-05-20T03:42:06Z show
2026-05-20T03:42:06Z list
2026-05-20T03:42:06Z add
2026-05-20T03:42:06Z ready
2026-05-20T03:56:33Z show
2026-05-20T03:56:33Z list
2026-05-20T03:56:33Z add
2026-05-20T03:56:33Z show
2026-05-20T03:56:33Z list
2026-05-20T03:56:33Z add
2026-05-20T03:56:33Z show
2026-05-20T03:56:33Z list
2026-05-20T03:56:33Z add
2026-05-20T03:56:33Z ready
2026-05-20T04:11:02Z show
2026-05-20T04:11:02Z list
2026-05-20T04:11:02Z add
2026-05-20T04:11:02Z show
2026-05-20T04:11:02Z list
2026-05-20T04:11:02Z add
2026-05-20T04:11:02Z show
2026-05-20T04:11:02Z list
2026-05-20T04:11:02Z add
2026-05-20T04:11:02Z ready
2026-05-20T04:25:47Z show
2026-05-20T04:25:47Z list
2026-05-20T04:25:47Z add
2026-05-20T04:25:47Z show
2026-05-20T04:25:47Z list
2026-05-20T04:25:48Z add
2026-05-20T04:25:48Z show
2026-05-20T04:25:48Z list
2026-05-20T04:25:48Z add
2026-05-20T04:25:48Z ready
2026-05-20T04:40:23Z show
2026-05-20T04:40:23Z list
2026-05-20T04:40:23Z add
2026-05-20T04:40:23Z show
2026-05-20T04:40:23Z list
2026-05-20T04:40:23Z add
2026-05-20T04:40:23Z show
2026-05-20T04:40:23Z list
2026-05-20T04:40:23Z add
2026-05-20T04:40:23Z ready
2026-05-20T04:55:31Z show
2026-05-20T04:55:31Z list
2026-05-20T04:55:31Z add
2026-05-20T04:55:31Z show
2026-05-20T04:55:31Z list
2026-05-20T04:55:31Z add
2026-05-20T04:55:31Z show
2026-05-20T04:55:31Z list
2026-05-20T04:55:31Z add
2026-05-20T04:55:31Z ready
2026-05-20T05:09:57Z show
2026-05-20T05:09:57Z list
2026-05-20T05:09:57Z add
2026-05-20T05:09:57Z show
2026-05-20T05:09:57Z list
2026-05-20T05:09:57Z add
2026-05-20T05:09:57Z show
2026-05-20T05:09:57Z list
2026-05-20T05:09:57Z add
2026-05-20T05:09:57Z ready
2026-05-20T05:24:26Z show
2026-05-20T05:24:26Z list
2026-05-20T05:24:26Z add
2026-05-20T05:24:26Z show
2026-05-20T05:24:26Z list
2026-05-20T05:24:26Z add
2026-05-20T05:24:26Z show
2026-05-20T05:24:26Z list
2026-05-20T05:24:26Z add
2026-05-20T05:24:26Z ready
2026-05-20T05:39:04Z show
2026-05-20T05:39:04Z list
2026-05-20T05:39:04Z add
2026-05-20T05:39:04Z show
2026-05-20T05:39:04Z list
2026-05-20T05:39:04Z add
2026-05-20T05:39:04Z show
2026-05-20T05:39:04Z list
2026-05-20T05:39:04Z add
2026-05-20T05:39:05Z ready
2026-05-20T05:53:45Z show
2026-05-20T05:53:45Z list
2026-05-20T05:53:45Z add
2026-05-20T05:53:45Z show
2026-05-20T05:53:45Z list
2026-05-20T05:53:45Z add
2026-05-20T05:53:45Z show
2026-05-20T05:53:45Z list
2026-05-20T05:53:45Z add
2026-05-20T05:53:45Z ready
2026-05-20T06:08:20Z show
2026-05-20T06:08:20Z list
2026-05-20T06:08:20Z add
2026-05-20T06:08:20Z show
2026-05-20T06:08:20Z list
2026-05-20T06:08:20Z add
2026-05-20T06:08:20Z show
2026-05-20T06:08:20Z list
2026-05-20T06:08:20Z add
2026-05-20T06:08:20Z ready
2026-05-20T06:22:48Z show
2026-05-20T06:22:48Z list
2026-05-20T06:22:48Z add
2026-05-20T06:22:48Z show
2026-05-20T06:22:48Z list
2026-05-20T06:22:48Z add
2026-05-20T06:22:48Z show
2026-05-20T06:22:48Z list
2026-05-20T06:22:48Z add
2026-05-20T06:22:48Z ready
2026-05-20T06:37:25Z show
2026-05-20T06:37:25Z list
2026-05-20T06:37:25Z add
2026-05-20T06:37:25Z show
2026-05-20T06:37:25Z list
2026-05-20T06:37:25Z add
2026-05-20T06:37:25Z show
2026-05-20T06:37:25Z list
2026-05-20T06:37:25Z add
2026-05-20T06:37:25Z ready
2026-05-20T06:52:05Z show
2026-05-20T06:52:05Z list
2026-05-20T06:52:05Z add
2026-05-20T06:52:05Z show
2026-05-20T06:52:05Z list
2026-05-20T06:52:05Z add
2026-05-20T06:52:05Z show
2026-05-20T06:52:05Z list
2026-05-20T06:52:05Z add
2026-05-20T06:52:05Z ready
2026-05-20T07:06:37Z show
2026-05-20T07:06:37Z list
2026-05-20T07:06:37Z add
2026-05-20T07:06:37Z show
2026-05-20T07:06:37Z list
2026-05-20T07:06:37Z add
2026-05-20T07:06:37Z show
2026-05-20T07:06:37Z list
2026-05-20T07:06:37Z add
2026-05-20T07:06:37Z ready
2026-05-20T07:21:09Z show
2026-05-20T07:21:09Z list
2026-05-20T07:21:09Z add
2026-05-20T07:21:09Z show
2026-05-20T07:21:09Z list
2026-05-20T07:21:09Z add
2026-05-20T07:21:09Z show
2026-05-20T07:21:09Z list
2026-05-20T07:21:09Z add
2026-05-20T07:21:09Z ready
2026-05-20T07:35:41Z show
2026-05-20T07:35:41Z list
2026-05-20T07:35:41Z add
2026-05-20T07:35:41Z show
2026-05-20T07:35:41Z list
2026-05-20T07:35:41Z add
2026-05-20T07:35:41Z show
2026-05-20T07:35:41Z list
2026-05-20T07:35:41Z add
2026-05-20T07:35:41Z ready
2026-05-20T07:50:19Z show
2026-05-20T07:50:19Z list
2026-05-20T07:50:19Z add
2026-05-20T07:50:19Z show
2026-05-20T07:50:19Z list
2026-05-20T07:50:19Z add
2026-05-20T07:50:19Z show
2026-05-20T07:50:19Z list
2026-05-20T07:50:19Z add
2026-05-20T07:50:19Z ready
2026-05-20T08:04:56Z show
2026-05-20T08:04:56Z list
2026-05-20T08:04:56Z add
2026-05-20T08:04:56Z show
2026-05-20T08:04:56Z list
2026-05-20T08:04:56Z add
2026-05-20T08:04:56Z show
2026-05-20T08:04:56Z list
2026-05-20T08:04:56Z add
2026-05-20T08:04:56Z ready
2026-05-20T08:19:27Z show
2026-05-20T08:19:27Z list
2026-05-20T08:19:27Z add
2026-05-20T08:19:27Z show
2026-05-20T08:19:27Z list
2026-05-20T08:19:27Z add
2026-05-20T08:19:27Z show
2026-05-20T08:19:27Z list
2026-05-20T08:19:27Z add
2026-05-20T08:19:27Z ready
2026-05-20T08:33:54Z show
2026-05-20T08:33:54Z list
2026-05-20T08:33:54Z add
2026-05-20T08:33:54Z show
2026-05-20T08:33:54Z list
2026-05-20T08:33:54Z add
2026-05-20T08:33:54Z show
2026-05-20T08:33:54Z list
2026-05-20T08:33:54Z add
2026-05-20T08:33:54Z ready
2026-05-20T08:47:55Z show
2026-05-20T08:47:55Z list
2026-05-20T08:47:55Z add
2026-05-20T08:47:55Z show
2026-05-20T08:47:55Z list
2026-05-20T08:47:55Z add
2026-05-20T08:47:55Z show
2026-05-20T08:47:55Z list
2026-05-20T08:47:55Z add
2026-05-20T08:47:55Z ready
2026-05-20T09:02:01Z show
2026-05-20T09:02:01Z list
2026-05-20T09:02:01Z add
2026-05-20T09:02:01Z show
2026-05-20T09:02:01Z list
2026-05-20T09:02:01Z add
2026-05-20T09:02:01Z show
2026-05-20T09:02:01Z list
2026-05-20T09:02:01Z add
2026-05-20T09:02:01Z ready
2026-05-20T09:16:06Z show
2026-05-20T09:16:06Z list
2026-05-20T09:16:06Z add
2026-05-20T09:16:06Z show
2026-05-20T09:16:06Z list
2026-05-20T09:16:06Z add
2026-05-20T09:16:06Z show
2026-05-20T09:16:06Z list
2026-05-20T09:16:06Z add
2026-05-20T09:16:07Z ready
2026-05-20T09:30:22Z show
2026-05-20T09:30:22Z list
2026-05-20T09:30:22Z add
2026-05-20T09:30:22Z show
2026-05-20T09:30:22Z list
2026-05-20T09:30:22Z add
2026-05-20T09:30:22Z show
2026-05-20T09:30:22Z list
2026-05-20T09:30:22Z add
2026-05-20T09:30:22Z ready
2026-05-20T09:44:27Z show
2026-05-20T09:44:27Z list
2026-05-20T09:44:27Z add
2026-05-20T09:44:27Z show
2026-05-20T09:44:27Z list
2026-05-20T09:44:27Z add
2026-05-20T09:44:27Z show
2026-05-20T09:44:27Z list
2026-05-20T09:44:27Z add
2026-05-20T09:44:27Z ready
2026-05-20T09:58:41Z show
2026-05-20T09:58:41Z list
2026-05-20T09:58:41Z add
2026-05-20T09:58:41Z show
2026-05-20T09:58:41Z list
2026-05-20T09:58:41Z add
2026-05-20T09:58:41Z show
2026-05-20T09:58:41Z list
2026-05-20T09:58:41Z add
2026-05-20T09:58:41Z ready
2026-05-20T10:12:53Z show
2026-05-20T10:12:53Z list
2026-05-20T10:12:53Z add
2026-05-20T10:12:53Z show
2026-05-20T10:12:53Z list
2026-05-20T10:12:53Z add
2026-05-20T10:12:53Z show
2026-05-20T10:12:53Z list
2026-05-20T10:12:53Z add
2026-05-20T10:12:53Z ready
2026-05-20T10:27:08Z show
2026-05-20T10:27:08Z list
2026-05-20T10:27:08Z add
2026-05-20T10:27:08Z show
2026-05-20T10:27:08Z list
2026-05-20T10:27:08Z add
2026-05-20T10:27:08Z show
2026-05-20T10:27:08Z list
2026-05-20T10:27:08Z add
2026-05-20T10:27:08Z ready
2026-05-20T10:41:09Z show
2026-05-20T10:41:09Z list
2026-05-20T10:41:09Z add
2026-05-20T10:41:09Z show
2026-05-20T10:41:09Z list
2026-05-20T10:41:09Z add
2026-05-20T10:41:09Z show
2026-05-20T10:41:09Z list
2026-05-20T10:41:09Z add
2026-05-20T10:41:09Z ready
2026-05-20T10:55:30Z show
2026-05-20T10:55:30Z list
2026-05-20T10:55:30Z add
2026-05-20T10:55:30Z show
2026-05-20T10:55:30Z list
2026-05-20T10:55:30Z add
2026-05-20T10:55:30Z show
2026-05-20T10:55:30Z list
2026-05-20T10:55:30Z add
2026-05-20T10:55:30Z ready
2026-05-20T11:09:41Z show
2026-05-20T11:09:41Z list
2026-05-20T11:09:41Z add
2026-05-20T11:09:41Z show
2026-05-20T11:09:41Z list
2026-05-20T11:09:41Z add
2026-05-20T11:09:41Z show
2026-05-20T11:09:41Z list
2026-05-20T11:09:41Z add
2026-05-20T11:09:41Z ready
2026-05-20T11:24:45Z show
2026-05-20T11:24:45Z list
2026-05-20T11:24:45Z add
2026-05-20T11:24:45Z show
2026-05-20T11:24:45Z list
2026-05-20T11:24:45Z add
2026-05-20T11:24:45Z show
2026-05-20T11:24:45Z list
2026-05-20T11:24:45Z add
2026-05-20T11:24:45Z ready
2026-05-20T11:40:10Z show
2026-05-20T11:40:10Z list
2026-05-20T11:40:10Z add
2026-05-20T11:40:10Z show
2026-05-20T11:40:10Z list
2026-05-20T11:40:10Z add
2026-05-20T11:40:10Z show
2026-05-20T11:40:10Z list
2026-05-20T11:40:10Z add
2026-05-20T11:40:10Z ready
2026-05-20T11:54:18Z show
2026-05-20T11:54:18Z list
2026-05-20T11:54:18Z add
2026-05-20T11:54:18Z show
2026-05-20T11:54:18Z list
2026-05-20T11:54:18Z add
2026-05-20T11:54:18Z show
2026-05-20T11:54:18Z list
2026-05-20T11:54:18Z add
2026-05-20T11:54:18Z ready
2026-05-20T12:08:33Z show
2026-05-20T12:08:33Z list
2026-05-20T12:08:33Z add
2026-05-20T12:08:33Z show
2026-05-20T12:08:33Z list
2026-05-20T12:08:33Z add
2026-05-20T12:08:33Z show
2026-05-20T12:08:33Z list
2026-05-20T12:08:33Z add
2026-05-20T12:08:33Z ready
2026-05-20T12:23:33Z show
2026-05-20T12:23:33Z list
2026-05-20T12:23:33Z add
2026-05-20T12:23:33Z show
2026-05-20T12:23:33Z list
2026-05-20T12:23:33Z add
2026-05-20T12:23:33Z show
2026-05-20T12:23:33Z list
2026-05-20T12:23:33Z add
2026-05-20T12:23:34Z ready
2026-05-20T12:37:57Z show
2026-05-20T12:37:57Z list
2026-05-20T12:37:57Z add
2026-05-20T12:37:57Z show
2026-05-20T12:37:57Z list
2026-05-20T12:37:57Z add
2026-05-20T12:37:57Z show
2026-05-20T12:37:57Z list
2026-05-20T12:37:57Z add
2026-05-20T12:37:58Z ready
2026-05-20T12:52:28Z show
2026-05-20T12:52:28Z list
2026-05-20T12:52:28Z add
2026-05-20T12:52:28Z show
2026-05-20T12:52:28Z list
2026-05-20T12:52:28Z add
2026-05-20T12:52:28Z show
2026-05-20T12:52:28Z list
2026-05-20T12:52:28Z add
2026-05-20T12:52:29Z ready
2026-05-20T13:06:43Z show
2026-05-20T13:06:43Z list
2026-05-20T13:06:43Z add
2026-05-20T13:06:43Z show
2026-05-20T13:06:43Z list
2026-05-20T13:06:43Z add
2026-05-20T13:06:43Z show
2026-05-20T13:06:43Z list
2026-05-20T13:06:43Z add
2026-05-20T13:06:43Z ready
2026-05-20T13:20:57Z show
2026-05-20T13:20:57Z list
2026-05-20T13:20:57Z add
2026-05-20T13:20:57Z show
2026-05-20T13:20:57Z list
2026-05-20T13:20:57Z add
2026-05-20T13:20:57Z show
2026-05-20T13:20:57Z list
2026-05-20T13:20:57Z add
2026-05-20T13:20:57Z ready
2026-05-20T13:35:38Z show
2026-05-20T13:35:38Z list
2026-05-20T13:35:38Z add
2026-05-20T13:35:38Z show
2026-05-20T13:35:38Z list
2026-05-20T13:35:38Z add
2026-05-20T13:35:38Z show
2026-05-20T13:35:38Z list
2026-05-20T13:35:38Z add
2026-05-20T13:35:38Z ready
2026-05-20T13:50:15Z show
2026-05-20T13:50:15Z list
2026-05-20T13:50:15Z add
2026-05-20T13:50:15Z show
2026-05-20T13:50:15Z list
2026-05-20T13:50:15Z add
2026-05-20T13:50:15Z show
2026-05-20T13:50:15Z list
2026-05-20T13:50:15Z add
2026-05-20T13:50:15Z ready
2026-05-20T14:05:03Z show
2026-05-20T14:05:03Z list
2026-05-20T14:05:03Z add
2026-05-20T14:05:03Z show
2026-05-20T14:05:03Z list
2026-05-20T14:05:03Z add
2026-05-20T14:05:03Z show
2026-05-20T14:05:03Z list
2026-05-20T14:05:03Z add
2026-05-20T14:05:03Z ready
2026-05-20T14:19:41Z show
2026-05-20T14:19:41Z list
2026-05-20T14:19:41Z add
2026-05-20T14:19:41Z show
2026-05-20T14:19:41Z list
2026-05-20T14:19:41Z add
2026-05-20T14:19:41Z show
2026-05-20T14:19:41Z list
2026-05-20T14:19:41Z add
2026-05-20T14:19:41Z ready
2026-05-20T14:34:18Z show
2026-05-20T14:34:18Z list
2026-05-20T14:34:18Z add
2026-05-20T14:34:18Z show
2026-05-20T14:34:18Z list
2026-05-20T14:34:18Z add
2026-05-20T14:34:18Z show
2026-05-20T14:34:18Z list
2026-05-20T14:34:18Z add
2026-05-20T14:34:18Z ready
2026-05-20T14:49:01Z show
2026-05-20T14:49:01Z list
2026-05-20T14:49:01Z add
2026-05-20T14:49:01Z show
2026-05-20T14:49:01Z list
2026-05-20T14:49:01Z add
2026-05-20T14:49:01Z show
2026-05-20T14:49:01Z list
2026-05-20T14:49:01Z add
2026-05-20T14:49:01Z ready
2026-05-20T15:03:52Z show
2026-05-20T15:03:52Z list
2026-05-20T15:03:52Z add
2026-05-20T15:03:52Z show
2026-05-20T15:03:52Z list
2026-05-20T15:03:52Z add
2026-05-20T15:03:52Z show
2026-05-20T15:03:52Z list
2026-05-20T15:03:52Z add
2026-05-20T15:03:52Z ready
2026-05-20T15:18:31Z show
2026-05-20T15:18:31Z list
2026-05-20T15:18:31Z add
2026-05-20T15:18:31Z show
2026-05-20T15:18:31Z list
2026-05-20T15:18:31Z add
2026-05-20T15:18:31Z show
2026-05-20T15:18:31Z list
2026-05-20T15:18:31Z add
2026-05-20T15:18:31Z ready
2026-05-20T15:33:11Z show
2026-05-20T15:33:11Z list
2026-05-20T15:33:11Z add
2026-05-20T15:33:11Z show
2026-05-20T15:33:11Z list
2026-05-20T15:33:11Z add
2026-05-20T15:33:11Z show
2026-05-20T15:33:11Z list
2026-05-20T15:33:11Z add
2026-05-20T15:33:11Z ready
2026-05-20T15:47:48Z show
2026-05-20T15:47:48Z list
2026-05-20T15:47:48Z add
2026-05-20T15:47:48Z show
2026-05-20T15:47:48Z list
2026-05-20T15:47:48Z add
2026-05-20T15:47:48Z show
2026-05-20T15:47:48Z list
2026-05-20T15:47:48Z add
2026-05-20T15:47:49Z ready
2026-05-20T16:02:33Z show
2026-05-20T16:02:33Z list
2026-05-20T16:02:33Z add
2026-05-20T16:02:33Z show
2026-05-20T16:02:33Z list
2026-05-20T16:02:33Z add
2026-05-20T16:02:33Z show
2026-05-20T16:02:33Z list
2026-05-20T16:02:33Z add
2026-05-20T16:02:33Z ready
2026-05-20T16:17:17Z show
2026-05-20T16:17:17Z list
2026-05-20T16:17:17Z add
2026-05-20T16:17:17Z show
2026-05-20T16:17:17Z list
2026-05-20T16:17:17Z add
2026-05-20T16:17:17Z show
2026-05-20T16:17:17Z list
2026-05-20T16:17:17Z add
2026-05-20T16:17:17Z ready
2026-05-20T16:31:51Z show
2026-05-20T16:31:51Z list
2026-05-20T16:31:51Z add
2026-05-20T16:31:51Z show
2026-05-20T16:31:51Z list
2026-05-20T16:31:51Z add
2026-05-20T16:31:51Z show
2026-05-20T16:31:51Z list
2026-05-20T16:31:51Z add
2026-05-20T16:31:52Z ready
2026-05-20T16:46:36Z show
2026-05-20T16:46:36Z list
2026-05-20T16:46:36Z add
2026-05-20T16:46:36Z show
2026-05-20T16:46:36Z list
2026-05-20T16:46:36Z add
2026-05-20T16:46:36Z show
2026-05-20T16:46:36Z list
2026-05-20T16:46:36Z add
2026-05-20T16:46:37Z ready
2026-05-20T17:01:29Z show
2026-05-20T17:01:29Z list
2026-05-20T17:01:29Z add
2026-05-20T17:01:29Z show
2026-05-20T17:01:29Z list
2026-05-20T17:01:29Z add
2026-05-20T17:01:29Z show
2026-05-20T17:01:29Z list
2026-05-20T17:01:29Z add
2026-05-20T17:01:29Z ready
2026-05-20T17:16:20Z show
2026-05-20T17:16:20Z list
2026-05-20T17:16:20Z add
2026-05-20T17:16:20Z show
2026-05-20T17:16:20Z list
2026-05-20T17:16:20Z add
2026-05-20T17:16:20Z show
2026-05-20T17:16:20Z list
2026-05-20T17:16:20Z add
2026-05-20T17:16:21Z ready
2026-05-20T17:31:02Z show
2026-05-20T17:31:02Z list
2026-05-20T17:31:02Z add
2026-05-20T17:31:02Z show
2026-05-20T17:31:02Z list
2026-05-20T17:31:02Z add
2026-05-20T17:31:02Z show
2026-05-20T17:31:02Z list
2026-05-20T17:31:02Z add
2026-05-20T17:31:02Z ready
2026-05-20T19:09:54Z show
2026-05-20T19:09:54Z list
2026-05-20T19:09:54Z add
2026-05-20T19:09:54Z show
2026-05-20T19:09:54Z list
2026-05-20T19:09:54Z add
2026-05-20T19:09:54Z show
2026-05-20T19:09:54Z list
2026-05-20T19:09:54Z add
2026-05-20T19:09:54Z ready
2026-05-20T19:10:57Z show
2026-05-20T19:10:57Z list
2026-05-20T19:10:57Z add
2026-05-20T19:10:57Z show
2026-05-20T19:10:57Z list
2026-05-20T19:10:57Z add
2026-05-20T19:10:57Z show
2026-05-20T19:10:57Z list
2026-05-20T19:10:57Z add
2026-05-20T19:10:57Z ready
2026-05-20T19:13:56Z show
2026-05-20T19:13:56Z list
2026-05-20T19:13:56Z add
2026-05-20T19:13:56Z show
2026-05-20T19:13:56Z list
2026-05-20T19:13:56Z add
2026-05-20T19:13:56Z show
2026-05-20T19:13:56Z list
2026-05-20T19:13:56Z add
2026-05-20T19:13:56Z ready
2026-05-20T19:16:50Z show
2026-05-20T19:16:50Z list
2026-05-20T19:16:50Z add
2026-05-20T19:16:50Z show
2026-05-20T19:16:50Z list
2026-05-20T19:16:50Z add
2026-05-20T19:16:50Z show
2026-05-20T19:16:50Z list
2026-05-20T19:16:50Z add
2026-05-20T19:16:50Z ready
2026-05-20T19:19:40Z show
2026-05-20T19:19:40Z list
2026-05-20T19:19:40Z add
2026-05-20T19:19:40Z show
2026-05-20T19:19:40Z list
2026-05-20T19:19:40Z add
2026-05-20T19:19:40Z show
2026-05-20T19:19:40Z list
2026-05-20T19:19:40Z add
2026-05-20T19:19:41Z ready
2026-05-20T19:22:25Z show
2026-05-20T19:22:25Z list
2026-05-20T19:22:25Z add
2026-05-20T19:22:25Z show
2026-05-20T19:22:25Z list
2026-05-20T19:22:25Z add
2026-05-20T19:22:25Z show
2026-05-20T19:22:25Z list
2026-05-20T19:22:25Z add
2026-05-20T19:22:25Z ready
2026-05-20T19:25:17Z show
2026-05-20T19:25:17Z list
2026-05-20T19:25:17Z add
2026-05-20T19:25:17Z show
2026-05-20T19:25:17Z list
2026-05-20T19:25:17Z add
2026-05-20T19:25:17Z show
2026-05-20T19:25:17Z list
2026-05-20T19:25:17Z add
2026-05-20T19:25:18Z ready
2026-05-20T19:28:06Z show
2026-05-20T19:28:06Z list
2026-05-20T19:28:06Z add
2026-05-20T19:28:06Z show
2026-05-20T19:28:06Z list
2026-05-20T19:28:06Z add
2026-05-20T19:28:06Z show
2026-05-20T19:28:06Z list
2026-05-20T19:28:06Z add
2026-05-20T19:28:06Z ready
2026-05-20T19:31:45Z show
2026-05-20T19:31:45Z list
2026-05-20T19:31:45Z add
2026-05-20T19:31:45Z show
2026-05-20T19:31:45Z list
2026-05-20T19:31:45Z add
2026-05-20T19:31:45Z show
2026-05-20T19:31:45Z list
2026-05-20T19:31:46Z add
2026-05-20T19:31:46Z ready
2026-05-20T19:34:33Z show
2026-05-20T19:34:33Z list
2026-05-20T19:34:33Z add
2026-05-20T19:34:33Z show
2026-05-20T19:34:33Z list
2026-05-20T19:34:33Z add
2026-05-20T19:34:33Z show
2026-05-20T19:34:33Z list
2026-05-20T19:34:33Z add
2026-05-20T19:34:33Z ready
2026-05-20T20:08:23Z show
2026-05-20T20:08:23Z list
2026-05-20T20:08:23Z add
2026-05-20T20:08:23Z show
2026-05-20T20:08:23Z list
2026-05-20T20:08:23Z add
2026-05-20T20:08:23Z show
2026-05-20T20:08:23Z list
2026-05-20T20:08:23Z add
2026-05-20T20:08:23Z ready
2026-05-20T20:11:15Z show
2026-05-20T20:11:15Z list
2026-05-20T20:11:15Z add
2026-05-20T20:11:15Z show
2026-05-20T20:11:15Z list
2026-05-20T20:11:15Z add
2026-05-20T20:11:15Z show
2026-05-20T20:11:15Z list
2026-05-20T20:11:15Z add
2026-05-20T20:11:15Z ready
2026-05-20T20:14:13Z show
2026-05-20T20:14:13Z list
2026-05-20T20:14:13Z add
2026-05-20T20:14:13Z show
2026-05-20T20:14:13Z list
2026-05-20T20:14:13Z add
2026-05-20T20:14:13Z show
2026-05-20T20:14:13Z list
2026-05-20T20:14:13Z add
2026-05-20T20:14:13Z ready
2026-05-20T20:17:13Z show
2026-05-20T20:17:13Z list
2026-05-20T20:17:13Z add
2026-05-20T20:17:13Z show
2026-05-20T20:17:13Z list
2026-05-20T20:17:13Z add
2026-05-20T20:17:13Z show
2026-05-20T20:17:13Z list
2026-05-20T20:17:13Z add
2026-05-20T20:17:14Z ready
2026-05-20T20:20:39Z show
2026-05-20T20:20:39Z list
2026-05-20T20:20:39Z add
2026-05-20T20:20:39Z show
2026-05-20T20:20:39Z list
2026-05-20T20:20:39Z add
2026-05-20T20:20:39Z show
2026-05-20T20:20:39Z list
2026-05-20T20:20:39Z add
2026-05-20T20:20:39Z ready
2026-05-20T20:23:42Z show
2026-05-20T20:23:42Z list
2026-05-20T20:23:42Z add
2026-05-20T20:23:42Z show
2026-05-20T20:23:42Z list
2026-05-20T20:23:42Z add
2026-05-20T20:23:42Z show
2026-05-20T20:23:42Z list
2026-05-20T20:23:42Z add
2026-05-20T20:23:42Z ready
2026-05-25T17:06:01Z list
2026-05-25T17:22:21Z list
2026-05-25T17:48:12Z list
2026-05-25T17:50:11Z list
2026-05-25T18:03:49Z list
2026-05-25T18:05:42Z list
2026-05-25T18:19:15Z list
2026-05-25T18:21:13Z list
2026-05-25T18:52:56Z list
2026-05-25T18:54:52Z list
2026-05-25T19:08:28Z list
2026-05-25T19:24:49Z list
2026-05-25T19:58:17Z list
2026-05-25T20:11:56Z list
2026-05-25T20:15:09Z list
2026-05-25T20:28:49Z list
2026-05-25T20:45:11Z list
2026-05-25T20:47:04Z list
2026-05-25T21:02:02Z list
2026-05-25T21:17:24Z list
2026-05-25T21:35:03Z list
2026-05-25T22:32:19Z list
2026-05-25T22:34:15Z list
2026-05-25T22:50:41Z list
2026-05-25T23:09:27Z list
2026-05-25T23:11:25Z list
2026-05-25T23:27:34Z list
2026-05-25T23:29:28Z list
2026-05-25T23:44:37Z list
2026-05-25T23:46:34Z list
2026-05-26T00:04:06Z list
2026-05-26T00:21:35Z list
2026-05-26T00:23:33Z list
2026-05-26T00:42:26Z list
2026-05-26T00:58:38Z list
2026-05-26T01:00:36Z list
2026-05-26T01:16:50Z list
2026-05-26T01:35:40Z list
2026-05-26T01:53:27Z list
2026-05-26T03:09:15Z list
2026-05-26T03:11:12Z list
2026-05-26T04:11:27Z list
2026-05-26T04:13:24Z list
2026-05-26T05:16:08Z list
2026-05-26T05:19:24Z list
2026-05-26T06:20:58Z list
2026-05-26T06:22:55Z list
2026-05-26T07:24:33Z list
2026-05-26T07:27:51Z list
2026-05-26T08:29:16Z list
2026-05-26T08:31:15Z list
2026-05-26T08:47:40Z list
2026-05-26T08:49:34Z list
2026-05-26T09:07:02Z list
2026-05-26T09:09:00Z list
2026-05-26T09:25:12Z list
2026-05-26T09:45:22Z list
2026-05-26T10:02:56Z list
2026-05-26T10:04:49Z list
2026-05-26T10:21:01Z list
2026-05-26T10:22:57Z list
